Date,Reliance Industries,ONGC,Bharat Petroleum,Indian Oil Corporation,Nifty 50
2007-09-17,1289.8166111516916,587.4912289435333,153.23732659584678,215.5713506698755,100.0
2007-09-18,1308.7349515540886,597.7512478926343,155.7420191752824,215.93131668871823,101.14692565803331
2007-09-19,1382.405125850275,635.1370633139792,155.6418328479758,214.96215400582935,105.2885141329595
2007-09-20,1392.834095105552,636.7533584149023,161.37758607820518,221.85710421420603,105.6266874581683
2007-09-21,1450.1614191599413,650.7027661971908,161.40263839282693,224.98613906466636,107.62906810973072
2007-09-24,1497.8864336272284,653.092080390447,163.2811606938012,223.79545493148885,109.73491378584544
2007-09-25,1525.9300372291873,654.040806111258,175.07827845080155,241.2405353325192,109.88286529459992
2007-09-26,1476.5517034255502,658.2923789501722,182.9680721148935,259.26712855418594,109.91957343382317
2007-09-27,1474.2305700859272,683.5910452348866,181.9912382252688,250.0461524147689,111.2556019564493
2007-09-28,1461.3534588781492,673.2958978276571,179.0356957073633,260.54088956909794,111.71838089186548
2007-10-01,1457.6333630231532,702.3893383199445,189.05448895628618,272.61398607036205,112.77741994252499
2007-10-03,1523.577151736345,721.7147512904361,190.33188182783064,277.1275680123837,115.93338564523816
2007-10-04,1542.6545925000607,693.3591370945178,187.8772709464581,274.8846189630778,115.8855531690618
2007-10-05,1585.0061917760013,678.7421599321171,189.58047290744094,278.42901287070555,115.37828774944343
2007-10-08,1539.665814954776,660.3303442243081,187.40138015895664,263.7530013012928,113.13673385338885
2007-10-09,1653.366540086085,692.3752829155784,189.60551375647248,266.21747180088727,118.52424806706499
2007-10-10,1665.0672934462473,709.7681159863196,186.3744531056787,259.571726886209,121.06505097260273
2007-10-11,1672.7935941304363,748.9108046789369,188.40325489761284,261.70388985886564,122.92058820366185
2007-10-12,1631.5866005488922,768.6578234848057,188.7789593578077,251.67990480002857,120.77136413159613
2007-10-15,1695.5592087983177,836.6128606668472,180.4383272208361,249.04928053696517,126.15887834527226
2007-10-16,1686.1476668269486,826.0717497148828,175.92987369849786,256.7472650162668,126.10659178887052
2007-10-17,1709.0404599053186,793.7456546829137,177.68315735754376,238.5545433826361,123.68704850156593
2007-10-18,1642.6514618566116,768.5875665685488,175.25359879079298,244.06497185095648,119.05265407233838
2007-10-19,1570.2529867665048,778.1448233415737,161.97871550763497,235.92394447107762,116.03350467781628
2007-10-22,1532.5754063230295,770.2389901276005,171.24608837057798,240.10521888616134,115.3371255299948
2007-10-23,1653.271113828816,803.8650954616654,176.30557815869273,246.50175850714112,121.78257070607927
2007-10-24,1662.9370126211625,778.566429176951,172.64871988405076,246.44636546881648,122.28204691710837
2007-10-25,1671.2037791005248,787.6318231983416,180.21290225160115,243.84345040066785,123.90175689564948
2007-10-26,1715.8765117160883,812.0168922203735,180.91421800833757,247.2217158963316,126.86860887015953
2007-10-29,1798.2904988791765,868.552413983732,173.97620591924854,247.6924426403187,131.3984410501939
2007-10-30,1761.1532144332639,855.9733377576318,170.1690681536467,259.82093217990746,130.5719049872988
2007-10-31,1770.2467254796065,875.8609347338501,171.92236327828283,266.7989592700186,131.2816355121861
2007-11-01,1704.6207978938305,933.0640258773208,171.62179283077282,267.2420275221008,130.52073738275857
2007-11-02,1725.4150623003352,960.1195010954722,171.8722586490393,274.1646615738874,131.9880309087095
2007-11-05,1692.2524003280066,912.7548230657252,173.17470383520552,268.1557971666651,130.09466658656567
2007-11-06,1695.463782541049,916.1631198960495,172.24796310923415,269.65110498337066,128.74195155850984
2007-11-07,1762.0434633066832,908.8194706878028,174.45209670674998,279.01052569134185,128.64962173452093
2007-11-08,1744.2062242922436,869.0794695313302,174.5021898704033,283.6902360453275,126.78963042323647
2007-11-12,1701.4413376316184,830.1827443834478,175.97996686215117,288.50839096786723,124.97302837151332
2007-11-13,1712.569703245777,829.480046545207,181.2398293048791,287.78843357867675,126.7150951929285
2007-11-14,1836.7948238896324,868.3415788971256,181.26487015391064,299.2800426108095,132.11039861519387
2007-11-15,1828.3054527425127,870.6957646322534,213.57546519625822,330.0442966846062,131.53638717385675
2007-11-16,1832.470588135413,875.1230440996455,217.50784160378842,342.9204274567953,131.41958163584894
2007-11-19,1812.9163556805736,890.6536185247287,208.51597540814345,331.98264740188904,131.43737622952983
2007-11-20,1770.914539482879,857.8355964032899,198.3469141338509,318.0542770650765,128.61735681191277
2007-11-21,1722.998672501054,838.7913397734969,190.48216131879053,289.4775790022611,123.72598368090186
2007-11-22,1732.6963234466198,807.0274287472547,197.97120967365603,285.3239884305872,122.79822049717748
2007-11-23,1787.6706771093613,802.6353420758264,198.2968095046074,275.2445849819206,124.7839146433102
2007-11-26,1834.3147599863016,831.6233971937284,197.44521425691107,279.78585076735203,127.52272857389151
2007-11-27,1808.0834062844006,824.104041357004,203.83219008022357,295.73564870318177,126.77627904617066
2007-11-28,1775.6520626217834,808.3275033871861,192.61113797244107,297.84012783242855,124.98303375660494
2007-11-29,1788.5291738295614,799.2270452455023,191.5090883720685,292.6342976961313,125.36238016487266
2007-11-30,1813.3933171693084,820.4849094400734,193.53787869841244,300.8307181143348,128.2135455532364
2007-12-03,1866.332816264234,822.4174893398239,201.80337682269922,305.98115521230744,130.48847246015038
2007-12-04,1820.2928732865169,813.6683801172605,210.09393872719798,331.73341675668564,130.3405209513959
2007-12-05,1845.029838215775,848.0323760855301,215.15340558413226,341.702034128703,132.15712300311907
2007-12-06,1827.4787081755321,840.8995619638899,212.273020010092,332.42569030246625,132.48418285498505
2007-12-07,1806.9070484367849,837.4210082173088,210.9956156729573,327.3029370479034,132.92024817265926
2007-12-10,1795.1426209725732,839.0021748601034,213.72573322162788,341.97894861731623,132.61544785830984
2007-12-11,1835.0141563451828,871.6092975571005,220.06262734687732,348.9569757074274,135.6557269748767
2007-12-12,1831.9936266466786,881.4828391289526,220.4383318070722,371.6909631264896,137.03625284531535
2007-12-13,1801.3745328841196,864.6873185220667,214.55228762029267,373.1308779048705,134.78469356416912
2007-12-14,1836.9220023001208,870.5903792578679,209.8184205943097,366.2359276964938,134.5533095282662
2007-12-17,1764.7143797245524,819.5011195989695,199.57421384174205,341.7297433236178,128.53058915640045
2007-12-18,1734.4768211934586,808.4680815575354,209.74327511603462,355.2981476415875,127.75855582640949
2007-12-19,1719.3740029033268,829.5854319195926,211.62179741700888,350.4799673675428,127.95545876320188
2007-12-20,1725.6376669680928,836.6128606668472,216.7313689031867,348.1539667880074,128.29697808038486
2007-12-24,1773.2674249757217,877.6880649213796,225.99875323171995,358.62102009892664,133.16054036901295
2007-12-26,1841.9138822600019,869.2199833638442,237.24484618853396,384.29020476157035,135.06613711636112
2007-12-27,1840.2286409728215,876.6690822843117,237.9211096306486,395.2003009730668,135.3053103608533
2007-12-28,1840.8645330252639,861.314150149871,237.5704460194853,409.0455944281448,135.26526709326617
2007-12-31,1833.138232341075,869.255176159808,262.31685869428253,440.2529167540237,136.57571181362215
2008-01-01,1811.2311143933932,878.3556343014917,260.4633772423398,430.4781369888851,136.70364168858308
2008-01-02,1819.815911797782,891.9185647065314,261.03945435714786,427.9859826458808,137.483453363553
2008-01-03,1846.4924748351982,917.6037083684946,271.65936556991034,434.79788132402797,137.46453981801062
2008-01-04,1903.2792481956087,943.8511003740199,269.20476615412804,433.55180415252585,139.59485034453397
2008-01-07,1920.6077735680942,912.7899515238537,260.68879074598453,419.42957085732957,139.70165049745015
2008-01-08,1942.4829695649457,928.2502046948445,245.91108962204714,401.2368492236989,139.89632639412983
2008-01-09,1929.1288968684335,914.4765035410339,231.78461109119283,398.63393415555026,139.5436827399937
2008-01-10,1925.4088010134371,909.4519116097865,219.0106594445678,378.6966994115155,136.9839771525239
2008-01-11,1988.872695620909,915.0386875467606,217.6581096291581,377.7275367286266,137.9440052588565
2008-01-14,2048.1712850378694,905.7625227765991,233.93862859387494,381.49345208654296,138.09306485586217
2008-01-15,2013.0055206509446,897.5755975597624,221.06451355112372,373.8785191374708,135.144007475033
2008-01-16,1967.283608598254,881.3071325004747,222.59237224093468,370.1679968178791,132.0625661390175
2008-01-17,1905.5367074311816,879.0232680194392,222.06637682418972,362.4976961819873,131.5608628878757
2008-01-18,1780.2941595034185,851.686636460589,220.06262734687732,336.6623577558746,126.93535489187828
2008-01-21,1615.7205419982188,784.6451322033947,204.18285369138692,273.9985078104184,115.88888829742565
2008-01-22,1499.1264655788937,674.1040453781187,196.81903251285954,246.2802370568525,109.0029237234416
2008-01-23,1622.0161280138148,696.8376908410991,201.47777699174787,254.5320251618757,115.76874763105398
2008-01-24,1582.7168105895978,665.6711566165473,199.67440016904868,261.15008623314407,111.98759201885315
2008-01-25,1663.1594474913093,714.1251385374546,205.5353805756162,280.0350814125554,119.77240084592762
2008-01-28,1631.9998879335772,702.8461369512856,196.66876448748985,275.21690113851076,117.3417332216699
2008-01-29,1638.6770091806384,716.6549665632249,190.60738849512867,263.25456536239085,117.49079281867559
2008-01-30,1571.906306102855,680.4287119492973,180.0375819116097,252.23370842575014,114.97224945065439
2008-01-31,1576.3577202675629,695.3971023686537,181.11459066295075,264.0852834767257,114.30145410510303
2008-02-01,1616.960573949884,734.996525354777,193.4126515220743,272.64169526527684,118.3017613280025
2008-02-04,1647.7705202269813,739.6346399087754,216.48091455051045,290.5575024102943,121.55562988679141
2008-02-05,1664.240548879267,755.2354712501156,215.87977365549045,293.7419302990793,122.00950066175682
2008-02-06,1623.160733708211,722.5580272990261,215.32873738971392,291.6928188566522,118.4196749542615
2008-02-07,1542.3683137282535,692.9023384631766,213.80087869990297,279.8135346107619,114.20800532925269
2008-02-08,1542.9724536274766,700.1406022970377,219.41140475379424,285.68395444942996,113.92099960858413
2008-02-11,1447.9674642308066,661.8411896130103,211.69694289528397,266.1897626059725,108.06180916265137
2008-02-12,1478.3958752764383,658.6437278692925,209.41767528508328,256.2765382722797,107.64464652690921
2008-02-13,1519.5074426007136,663.4926775098974,210.06887494698597,261.59312913372133,109.67372993260325
2008-02-14,1600.4270409911594,720.3795481923762,233.33751063003533,297.61860638213994,115.73760166030729
2008-02-15,1649.5192658206004,725.579782414266,235.19099208197804,310.7716516429423,117.98249068472575
2008-02-18,1623.9238041711421,717.6388207421643,233.6130287629236,310.6331817228832,117.40402516316328
2008-02-19,1624.4644397639263,710.7168417071305,226.49968486825293,308.2241042616134,117.49079281867559
2008-02-20,1579.6008546338246,705.3760293148914,215.7044418499088,295.76333254659164,114.67968156150927
2008-02-21,1587.4225815752825,703.8299911302252,208.84157523909482,290.1144595097171,115.51066084101942
2008-02-22,1548.091511997846,701.7920258560893,212.6737653193184,288.72991241815583,113.70741016636208
2008-02-25,1622.493089502549,712.2980083499251,217.53288245281993,293.54809269220056,115.7086827296733
2008-02-26,1638.5179088193197,722.8391193018895,228.65372530211542,307.17186469699,117.25161957418342
2008-02-27,1646.021774633362,730.2881538845215,226.5998711955595,302.5198381864142,117.21491143496017
2008-02-28,1610.9195145528754,731.9044489854446,234.56481033792647,301.4952824652006,117.58646863463863
2008-02-29,1566.5328909115085,714.7927079175668,232.83657899350234,310.1624549788961,116.21594814929163
2008-03-03,1466.4088431444693,688.2291597888851,233.96369237408686,301.5506755035252,110.19768185765129
2008-03-04,1426.4738034654206,670.1686930001963,218.45962317879133,291.3051436428947,108.22311204847168
2008-03-05,1457.9831461013991,696.6620485504566,226.49968486825293,291.8312634252064,109.49462158949177
2008-03-07,1429.685015880852,670.9768405506579,218.38447770051624,278.95513265301724,106.16177458377977
2008-03-10,1446.4095711517255,682.0098785920919,218.5097048768544,281.44728699602155,106.80253204683564
2008-03-11,1493.0534842310549,698.7350779448855,223.6944447724877,285.4901168425512,108.25982018769493
2008-03-12,1510.0323963229052,712.3331368080536,215.12836473510072,279.64740619879785,108.39553927124513
2008-03-13,1426.3783772081515,693.2537517201323,204.35818549696853,265.2759676099032,102.86897084565494
2008-03-14,1476.964990810235,704.3570466778234,204.55855815158176,263.0884369504269,105.58775227883237
2008-03-17,1386.4114155782727,691.8833558261086,195.76706461055002,240.13290272957119,100.18800563995191
2008-03-18,1367.8427733553165,692.2347690830644,202.3544130884757,237.36385924945856,100.8532388170267
2008-03-19,1372.9936687777108,698.7350779448855,193.18723801842955,241.68357823309643,101.76432635893174
2008-03-24,1399.161348375562,701.8974112304747,200.60114089502002,240.04985119934167,102.56305157944401
2008-03-25,1471.368970951131,754.7786726187743,203.90733555849866,256.5257435659782,108.5179069777295
2008-03-26,1462.2437077515688,746.4512335694237,205.28492622293993,257.7995045808902,107.43551116491254
2008-03-27,1444.0249335056637,752.6704504283814,206.31183034503744,245.61564735448172,107.46665713565922
2008-03-28,1495.9468355190709,737.2804541736476,218.48466402782284,256.7472650162668,109.95294644468254
2008-03-31,1440.845303445841,689.0724357974751,204.65874447888837,246.7509638008396,105.33634660913589
2008-04-01,1491.3684127414854,708.5032341423522,211.77206544237856,249.90768249470977,105.44869806691833
2008-04-02,1490.287311353528,711.6655674279414,209.8184205943097,255.33505943280065,105.77464983053311
2008-04-03,1523.6725779936141,715.8468190127633,205.91108503581106,255.2519825510662,106.16177458377977
2008-04-04,1476.042989783596,706.3950119519593,203.0807811598339,251.76295633025808,103.3895876423391
2008-04-07,1529.3003500059376,715.8116905546348,200.92674072597134,249.6584772010113,105.93039054787685
2008-04-08,1514.5790669472713,711.1736403384717,197.62054606249274,251.23683654794638,104.78346488984354
2008-04-09,1537.7898909506682,712.5791003527885,198.2968095046074,253.81206777268523,105.61556312121519
2008-04-10,1569.83969938182,704.9543591416785,194.69005585920897,248.0801178540762,105.30297359827652
2008-04-11,1622.5565938089878,704.7435240550723,197.19473697305438,250.5722721970806,106.29970984383235
2008-04-15,1660.8702361025166,721.0471175724884,205.6355669029228,254.9473842190431,108.56573945390586
2008-04-16,1680.3927164041365,715.0737999204301,201.27740433713467,252.5383067577732,108.7359396365666
2008-04-17,1678.8346535274445,714.8981576297876,201.32748603519778,250.7937936473692,110.31782252402297
2008-04-21,1681.0921127630177,724.8770845760254,201.67814964636105,251.7352724868483,112.06657046577621
2008-04-22,1658.0403891209396,739.2480981936911,198.8478457703839,248.5785537929781,112.34022480937895
2008-04-23,1639.1220487185428,733.3802302538538,193.8133968313007,248.35703234268948,111.75063495086334
2008-04-24,1642.333430931585,725.509525498009,191.6593678630284,240.60365482506322,111.24003440288112
2008-04-25,1668.9463198649516,741.4968985544334,196.81903251285954,241.79433895824073,113.72855075201713
2008-04-28,1647.8976986374696,736.8236555423065,195.81716923979354,246.44636546881648,113.23796097421814
2008-04-29,1691.4893298650757,739.0372631070849,198.52224593943254,248.3847161860993,115.59298527991669
2008-04-30,1662.5872295429165,725.9663241293503,205.08453063714626,255.30735023788586,114.93442235956964
2008-05-02,1700.9007020388342,730.8152094321197,203.40640392196568,266.4389932511759,116.32052126209513
2008-05-05,1697.371458698376,730.7449525158627,201.82844060291117,269.34650665134757,115.52067708972136
2008-05-06,1685.1619916962602,733.3099733375968,197.84595956613748,264.19604420187,114.46163803906184
2008-05-07,1709.930708778738,729.936804965401,191.95992684494817,254.1997429864428,114.25806484554172
2008-05-08,1696.1314267467105,723.7878450227005,192.9117198855413,249.1046735752898,113.06109053482967
2008-05-09,1607.835310750322,724.9473414922824,187.8772709464581,245.33873286586848,110.85624477799831
2008-05-12,1624.0192304284112,723.4715602238731,179.0356957073633,231.77035389940372,111.52481308343698
2008-05-13,1590.475033224617,702.9515223256711,174.70257399060668,231.32731099882648,110.30447114695716
2008-05-14,1609.3296995229643,660.0843806795732,169.9186023353802,220.27874486727094,111.50479144964342
2008-05-15,1667.9606447342633,668.5523978992732,169.8685091717269,221.60789892050755,113.80752919894019
2008-05-16,1676.0684806499175,668.4118197289238,179.78710462775297,227.8936524648381,114.75198975170457
2008-05-20,1655.2424640901932,658.3275074083007,174.9530398088732,224.59848920241376,113.57837220314994
2008-05-21,1696.4175357209072,661.6655473223678,178.8854162164034,226.01069478587993,113.86092384359313
2008-05-22,1669.93199499564,650.8082159094116,173.75078095001356,225.40149812183375,111.80960262760316
2008-05-23,1625.5136192010536,632.572042492245,180.0375819116097,232.68414889547296,110.05417356551186
2008-05-26,1599.6957226814482,628.8826536590576,174.2016308884835,229.3058833998092,108.46339338121507
2008-05-27,1586.6595111123515,621.5390687886464,175.27865110541475,233.45947397148313,108.12410110414477
2008-05-28,1604.0834627421063,614.089969868179,179.56167965851805,235.6193461390545,109.42676747952183
2008-05-29,1566.0560992203848,599.6135065382923,178.96055022908823,231.63188397934462,107.57900859344164
2008-05-30,1528.4101011325183,608.0112668417353,178.78522988909677,235.97931215789728,108.35326896354532
2008-06-02,1499.9849622990937,585.4533280072329,174.62742851233165,232.98874722749602,105.44981701877983
2008-06-03,1530.4132035471146,589.8102862205326,176.23043268041764,240.1882957678958,104.92251910175759
2008-06-04,1467.0447351969117,622.7688221744853,161.45273155648024,231.410362529056,102.02352123721748
2008-06-05,1428.7630148542132,672.593135651581,151.2085133383224,217.06663313507613,104.05593977127539
2008-06-06,1423.4849410213305,659.8384171348383,150.75767486544268,209.36864865577448,102.96240875789499
2008-06-09,1375.2829650653089,618.3767355030571,139.6869137142103,200.95070678728234,100.14017316377554
2008-06-10,1397.5716182444562,582.9585641017558,142.56731075384076,203.19365583658825,99.00214480258268
2008-06-11,1438.0473784150943,584.258638741687,136.88165068726468,204.6335579392167,100.64410345503003
2008-06-12,1448.1583167453448,584.9614009177631,134.92799437360557,201.25530511930546,100.99452006905345
2008-06-13,1443.770406887076,591.6725448661905,133.70069466571442,207.20878916395554,100.4994870746394
2008-06-16,1451.3696989583873,593.8510239728404,138.76017298823896,207.1257122822211,101.73206143632353
2008-06-17,1483.514933646808,620.6957284422209,140.36318862191516,209.5071059000811,103.5230796857766
2008-06-18,1454.3902286568914,619.7821955173739,139.5366342232504,209.75632386953205,101.95232113527335
2008-06-19,1429.6215115744133,601.3352513514363,134.17658545321586,205.32581880924488,100.21358944222204
2008-06-20,1334.9026311519399,609.7330116548793,132.57358128512985,204.5227972140724,96.72721789566872
2008-06-23,1288.1632918153412,621.7849679955459,133.07452438725306,198.37548823829601,94.92174018089867
2008-06-24,1311.691976946154,600.0351767115051,132.0976904976284,195.27413723124553,93.24641938120224
2008-06-25,1358.3041378722642,608.1518450120847,135.12836702821878,198.4308686008682,94.61582091468775
2008-06-26,1424.1526701257978,612.6142529376052,135.07827386456546,194.7480174489338,96.0219414510068
2008-06-27,1387.9693935561595,585.03165783402,124.10769904063967,188.90529412942806,92.03497474156286
2008-06-30,1332.3272258901454,572.7688020689118,112.11020862902612,184.03174616856367,89.89688043825542
2008-07-01,1299.8957973287227,557.8356044455193,108.17783222149595,174.22926988426278,86.69752004417577
2008-07-02,1363.391444089414,603.9002721731705,112.43581992556769,179.18589472686162,91.0716115068664
2008-07-03,1316.3976630330333,603.935400631299,113.06199020402903,188.07457601509327,87.342731587457
2008-07-04,1334.0759714837648,615.952228513837,115.0407102979001,189.154512098879,89.35067440749597
2008-07-07,1289.7530219464472,620.2038013527513,119.42392517831,193.14196158283642,89.66215584218347
2008-07-08,1258.7523929524227,609.7681401130078,126.061366819889,194.96953889922244,88.73994939513047
2008-07-09,1322.1526983546505,616.5144125195637,136.20538724515004,199.23389019604065,92.48996446838977
2008-07-10,1301.4856123586344,620.3092510649722,139.91233868344526,200.3415101232362,92.60343487803371
2008-07-11,1282.0585583142833,596.9782288003012,128.11522092644492,190.92670905269284,90.0848806464022
2008-07-14,1299.450672892013,615.4251729662387,126.16155314719559,193.28040615139057,89.87796689271305
2008-07-15,1257.448771795513,593.9564736850614,122.70507899275707,189.12681557971666,85.90435699214008
2008-07-16,1235.8914369260776,607.2382477494023,126.13651229816405,189.708328400353,84.91651261161952
2008-07-17,1283.61653629217,634.2586588472607,137.8334437278578,201.28300163846777,87.81996455638502
2008-07-18,1343.80537458255,663.3872277976765,142.4671358921244,211.47314046077375,91.04713579284747
2008-07-21,1369.0192161017376,671.2930610116497,139.0356911211272,208.7594646674808,92.54335911304271
2008-07-22,1368.574091665028,677.5474706665714,144.97182847156,210.00554183898296,94.33660440260844
2008-07-23,1441.7992264233098,698.9107845733633,154.61490579469782,221.60789892050755,99.60285899805139
2008-07-24,1467.7125492001842,721.7498797485646,158.44709587492142,223.96160869495776,98.64060385160613
2008-07-25,1365.362794350791,691.2157864459965,160.25047269762064,222.02325797767494,95.9329467553818
2008-07-28,1386.2206479625402,710.8925483356084,163.25610837917947,221.690975802242,96.38348240198334
2008-07-29,1324.6645144112008,691.110401071611,155.56668736970073,217.17739386022043,93.21860853881942
2008-07-30,1377.0635477109531,696.0646717487659,165.13463068015372,229.3889602815437,95.97076298285626
2008-07-31,1403.771693103978,700.1054738389092,164.25799458342587,223.13089058062297,96.40239594752572
2008-08-01,1461.0671801063422,701.0190067637562,167.93989370709934,231.4657555673806,98.19563037348115
2008-08-04,1425.964920025856,690.1968038089285,163.6318128393743,236.28391048992037,97.7907110265536
2008-08-05,1447.3633243315837,704.8841022254215,168.11521404709077,240.02214200442688,100.18244347147535
2008-08-06,1461.7030721587846,714.6170656269244,167.43895060497613,244.14804873269094,100.50949245973104
2008-08-07,1445.1695392000602,719.8524926447781,164.60864672899896,245.25568133563897,100.64966562350659
2008-08-08,1431.9424751164254,747.6458584971341,158.52222988760627,239.2468169284167,100.77536845835485
2008-08-11,1478.6502320974155,776.8096202435139,160.3506590249272,245.3664420607833,102.79777074371081
2008-08-12,1492.6401968463701,764.7927280231404,163.6318128393743,248.63392147979778,101.28152578972201
2008-08-13,1486.0267497033583,761.7006516538081,161.90357002935994,250.82147749077902,100.7653522096529
2008-08-14,1447.7767815138793,749.3324105143142,158.8478411841478,244.25880945783524,98.57720382186156
2008-08-18,1414.7729652064531,755.0246361635092,154.56481263104453,242.95736459951337,97.73953255840304
2008-08-19,1411.4662416349472,747.1188029495358,157.31998249433684,243.62192895037924,97.18776979097218
2008-08-20,1428.4769058800168,727.8285827750083,158.67250937856616,241.60050135136197,98.24458180151902
2008-08-21,1407.0466645222643,709.978951072926,150.38197040524784,227.67213101454948,95.30998388600683
2008-08-22,1427.4912307493285,716.2333607278475,146.75016444522768,219.11574457750325,96.28002824104135
2008-08-25,1419.3515577816495,712.9655777300374,149.30495018831658,222.5770616033965,96.45579059217866
2008-08-26,1385.870864884294,713.9143034508483,149.55541600658307,222.68782232854082,96.50362306835503
2008-08-27,1365.9350971979893,707.4139302511918,149.53037515755153,220.97101841305155,95.49353544573339
2008-08-28,1316.8746245217676,702.213696029302,142.41703126288087,216.87279552819737,93.75591184093328
2008-08-29,1358.4313162827525,719.0794735524449,151.6593632767923,222.27246327137343,97.00421823124563
2008-09-01,1361.8970553167717,724.6311210312905,151.23356565294415,219.25418914605737,96.75169360968765
2008-09-02,1407.1102537275087,774.7365265112495,159.17345248068938,237.9176628751801,100.20802727374549
2008-09-04,1368.637680870272,750.773063324595,165.4852828257268,243.09580916806755,98.95653936651898
2008-09-05,1323.265466997022,753.3029556882005,179.66187745141485,247.24939973974145,96.8328990967234
2008-09-08,1356.5236401254251,772.8040109493345,173.62555377367542,239.1360562032724,99.72522670453576
2008-09-09,1362.46935816397,774.701398053121,177.13212109176726,240.32674033644997,99.42265343029902
2008-09-10,1324.378320538199,757.5194000689862,175.02818528714826,234.3455851241425,97.89972735597216
2008-09-11,1270.1670373383886,727.9690966075223,174.3018172157901,227.86596862142824,95.45348131453596
2008-09-12,1228.9917959100637,719.1848589268304,172.94927886597057,225.678412610447,94.0774095243227
2008-09-15,1199.9307650241967,675.5798266465279,174.47714902137176,228.80744746090733,90.61662178003948
2008-09-16,1226.0666075700233,669.3605454497347,181.2398293048791,231.5765162925249,90.66111912785199
2008-09-17,1193.3808221876236,687.8074896156722,168.44082534363233,221.46945435195343,89.17824718472255
2008-09-18,1232.552961201352,703.9705049627391,174.37696269406516,223.93389950004297,89.84348036179733
2008-09-19,1306.8590275499807,752.8110285987308,173.12461067155223,219.22650530264752,94.45118290050357
2008-09-22,1296.6844151156804,744.6943602981512,169.09204793671543,211.58390118591805,93.95725799434072
2008-09-23,1275.9219877612004,741.3211919259555,173.02442434424563,215.21135929952777,91.81805017097693
2008-09-24,1301.1358292803882,746.170077228725,175.17846477810815,218.09118885628968,92.58229429237865
2008-09-25,1288.1632918153412,752.6704504283814,170.94552938865817,215.70979523842965,91.4542821798877
2008-09-26,1248.4188499544146,727.6177476884019,167.83970737979274,215.4605899447312,88.66652768487883
2008-09-29,1229.118974320552,717.8847842868992,170.8703839103831,214.54679494866195,85.658508059115
2008-09-30,1239.6115327810737,726.7744716798118,180.46336806986764,225.17997667154512,87.24149903482254
2008-10-01,1212.4899302057534,731.3773934378464,181.8409587343089,222.85397609200973,87.89894843511323
2008-10-03,1120.1240201749276,716.8306731917027,186.6750235531887,222.0509418210848,84.95211266259159
2008-10-06,1043.9101927701663,689.5994913450734,190.25673634955558,220.11261645530692,80.14751261889815
2008-10-07,1064.9269769456232,693.886192642116,187.3262461462718,217.12202617340074,80.2420694829997
2008-10-08,1048.3297698828492,677.0906720352301,171.37132701250633,204.02437395092306,78.17405089796974
2008-10-10,971.4163763215959,643.921300994671,170.04384097730855,196.90787694075277,72.97453689244037
2008-10-13,999.2692972066276,644.4132280841407,176.2554849950394,204.16281851947718,77.66344491818235
2008-10-14,1030.8422290478504,619.5011035145105,174.5522944996468,203.52593801202116,78.28529426750099
2008-10-15,966.7106902347166,589.3886803851552,176.23043268041764,207.65183206453278,74.27497079589959
2008-10-16,885.1551997918282,564.8629688549386,175.7044487292629,214.68523951721608,72.73759068806088
2008-10-17,830.5304594097219,545.3971063897685,177.3074528973489,224.2938908703907,68.40021279639868
2008-10-20,839.9737535343106,547.7512921248962,177.83343684850365,224.87540369102703,69.47815996079541
2008-10-21,887.0628759491555,554.7786565343154,176.58109629158096,221.5525312336879,71.97223304660282
2008-10-22,837.3665112204915,534.926252354061,161.55291788378685,215.21135929952777,68.19552065101706
2008-10-23,774.3160737953151,545.5727486804109,151.48404293680088,205.85195126730906,65.48118243445468
2008-10-24,648.3104129552181,462.4033897031959,141.0394520640298,189.76370876292515,57.49057337374741
2008-10-27,684.8752672057245,429.9367808387128,136.7313711963048,174.03544495313648,56.16010158779269
2008-10-29,764.2050505662592,455.62195666959377,153.96368320161474,192.28354694933932,60.00578704520989
2008-10-31,874.6626413313066,470.203805373866,143.8196627763537,187.3546186259028,64.20077559659417
2008-11-03,916.7917208382951,499.36756712024567,151.2586179675659,194.55417984205505,67.72162824225808
2008-11-04,923.0872219550857,534.2937792631596,162.4295539805147,199.7046296157802,69.90756045354703
2008-11-05,807.0018591777148,530.6746473462291,158.59737536588133,195.32951759381768,66.63366482915941
2008-11-06,744.364624238418,522.6282681308243,155.69192601162908,189.34834970575776,64.3576244021891
2008-11-07,776.2873391578867,520.0281510198794,165.68566694593022,203.83053634404425,66.14530752327828
2008-11-10,828.6545354056141,566.0225296623559,160.37571133954899,204.32895960719364,70.04438762534842
2008-11-11,767.9887356264996,517.1117491101072,151.9599222587121,199.20620635263083,65.38106340187656
2008-11-12,739.0547982523157,500.2108431288358,156.5936144229787,207.2364730073654,63.37423410189393
2008-11-14,729.2299688962614,486.99932598075185,157.0444643614486,203.69207909973764,62.52656288514893
2008-11-17,725.8279039662918,492.23475299860553,162.65497894974965,207.65183206453278,62.28627612060041
2008-11-18,724.9058180408475,469.1496942786695,159.17345248068938,206.2949941678863,59.69652721882994
2008-11-19,720.1364578499187,458.53832641044824,158.1465254274114,204.99353663381194,58.62525574296611
2008-11-20,671.5529466624316,457.5544722315088,155.99249645913912,201.33838200103992,56.804199611017566
2008-11-21,714.9856473263296,483.23964806238973,164.08266277784423,210.50396510213236,59.92568964642534
2008-11-24,727.989936944596,476.80959611682556,168.64120946383576,226.45376303796212,60.25497110659885
2008-11-25,681.5685436342186,481.9747340495046,166.9630598174747,226.39836999963748,59.04798054718484
2008-11-26,724.2380889363803,492.0942069971739,175.52912838927145,227.00756666368363,61.23391275847381
2008-11-28,721.4083268536089,487.56150998647854,177.9336346414005,227.75520789628393,61.29732365182867
2008-12-01,705.4787639964967,478.56643721918044,183.4189220533634,224.32157471380054,59.69096505035337
2008-12-02,682.9357539963726,465.1089565263617,181.5403997523891,218.53423175686692,59.132526594389624
2008-12-03,679.8515926432214,458.01127086285,179.4364524821799,219.39265906611647,59.10248871189412
2008-12-04,737.0835328897441,473.9986117503567,182.21666319450375,220.58334319929403,62.0293028506222
2008-12-05,710.6932061747326,460.6114201427125,170.34439995922835,212.4976961819873,60.39179827840022
2008-12-08,711.2973460739556,464.3008089759001,163.25610837917947,210.72548655242093,61.94030815499721
2008-12-10,780.3889702443482,475.75548502162917,167.9148413924776,214.49142726184226,65.14967936597364
2008-12-11,800.610931803655,467.2874356330115,162.0789018349416,208.78714851089063,64.96946293461096
2008-12-12,831.1981885141892,454.2164644863593,171.79712463635448,213.66070914750748,64.99616568874256
2008-12-15,852.4694144094285,473.54184528793314,174.17659003945195,213.79915371606165,66.32774556294848
2008-12-16,882.9613297614991,501.30008268216073,174.3018172157901,210.11630256412727,67.6749038543329
2008-12-17,859.3690554254422,504.2867415081899,174.8027603179133,209.25788793063015,65.73037192764879
2008-12-18,865.4737889265002,514.6873064587224,183.8948013752746,224.65385688923342,68.09762865855163
2008-12-19,859.3054662201981,499.6135306649806,193.06198791091097,234.73323498639513,68.47029394648129
2008-12-22,817.4943327394308,499.40269557837416,183.31872426046655,224.4600446338596,67.62039568962362
2008-12-23,801.0878932923895,483.90724961141956,183.64433555700813,227.14601123223778,66.04852361906403
2008-12-24,789.8004273169123,471.2930770961086,193.0119062128479,228.72437057917287,64.89604665616446
2008-12-26,769.5467136043862,451.82715029310305,187.55167111550676,231.68727701766923,63.570023518629945
2008-12-29,792.53484804122,461.1736041484393,190.33188182783064,234.0686706355293,65.01507380247979
2008-12-30,795.2056795602836,472.1714815628271,192.9618015836044,233.04411491431574,66.28992390366889
2008-12-31,783.9182984836118,468.79834535954916,188.40325489761284,235.92394447107762,65.83716121695467
2009-01-02,818.0348834334095,478.0745101297107,182.16657003085047,238.63762026437055,67.78614722386413
2009-01-05,868.5579078302487,509.6627145274752,179.91234326968134,233.51486700980772,69.4481220782999
2009-01-06,871.769290043291,505.20030660195465,187.07576886241512,240.7697832370272,69.25567322173292
2009-01-07,763.5691585138167,485.312741794654,184.27050583546946,233.2379525211945,64.97502510308752
2009-01-09,733.3634370347479,470.203805373866,190.68253397340374,240.85286011876167,63.920440132653376
2009-01-12,698.1657931463953,459.2410564176066,182.7426471456585,232.85027730743693,61.69779978214116
2009-01-13,685.2250078345679,443.1482979867967,188.05260275203977,241.98817656511952,61.07149635259715
2009-01-14,750.215000918499,455.7976311291539,187.4765256372317,241.79433895824073,63.08166621274882
2009-01-15,726.4319589667093,439.4589091536092,188.62867986684782,236.92081634888132,60.887944792870606
2009-01-16,774.1253061795824,455.86792021432865,192.98684243263594,242.29277489714264,62.92926062376895
2009-01-19,782.1059636847482,471.01198509324524,192.6612426016846,244.7572453967371,63.324174585604865
2009-01-20,752.6950648218298,466.7252516272848,196.76895081479643,247.6924426403187,62.22064361893801
2009-01-21,712.1240057421307,456.8166137662219,194.5147240536273,243.42809134350048,60.208246718673664
2009-01-22,722.5847696000301,456.43010422005534,192.9117198855413,239.88369743587273,60.37845233313956
2009-01-23,735.2075239868309,454.3218820296625,183.64433555700813,239.93906512269243,59.594186577944285
2009-01-27,779.5940627293926,436.50741095462627,192.61113797244107,239.19142389009212,61.65886460280522
2009-01-28,810.1495672867075,450.632493196475,189.5554205928192,240.2713726496303,63.397596295856516
2009-01-29,807.6695033833765,449.1215834699373,195.1409057976789,240.60365482506322,62.829141591190826
2009-01-30,841.6907469747107,460.2600390546745,196.34314172535807,247.08324597627248,63.96048883204565
2009-02-02,813.9650045001673,449.4027076417184,191.28366340283353,244.20344177101558,61.55429149000173
2009-02-03,830.6258856669909,457.76530731811516,194.11395581322049,244.14804873269094,61.938081114884525
2009-02-04,831.4525453351662,467.673945179178,194.94051021188525,243.7050058321137,62.364146479272286
2009-02-05,819.5610243592714,466.33874208111826,195.49154647766176,242.542005542346,61.85242697942856
2009-02-06,855.2038351337362,480.1476038619751,195.51661025787374,245.2833651790488,63.25520695557859
2009-02-09,883.7244002244299,509.06536989470226,199.64935932001714,248.41240002950914,64.96390076613439
2009-02-10,891.5142901138631,504.18132396488664,200.72636807135814,248.4954769112436,65.28873357788768
2009-02-11,878.350900134278,496.66200029707994,205.6355669029228,250.7937936473692,65.09294416115166
2009-02-12,859.4643967839058,487.4209639850469,203.98248103677372,249.76923792615563,64.3665271308347
2009-02-13,885.4413087660245,495.2916687408917,205.08453063714626,249.35387886898823,65.5968798842113
2009-02-16,839.528629097601,483.13426268800424,198.9480320976905,246.7509638008396,63.375347621950276
2009-02-17,805.8890056365378,476.0365770244925,197.84595956613748,246.55712619396078,61.639951057262856
2009-02-18,823.5990662404888,471.39849463941175,208.0901663187051,252.20602458234032,61.7656538921111
2009-02-19,822.7088173670694,477.7582896687188,207.63931638023521,252.28910146407478,62.05934073311771
2009-02-20,797.0498514111721,472.8742437389032,206.71259858544428,250.9599474108381,60.88238262439404
2009-02-24,796.954425153903,477.7231612105903,204.50845352233821,250.51687915875593,60.82564741957207
2009-02-25,805.4120441478034,492.1644639134309,201.3525498154097,249.24311814384393,61.461961666012854
2009-02-26,820.8328933629616,505.7976512347275,193.28742434573616,242.5973732291657,61.97701629422047
2009-02-27,805.0940981215821,485.5938337975174,191.80964735398828,242.40353562228688,61.48754546828298
2009-03-02,779.4032951136599,466.9360867138912,188.90419799973606,242.7635269926346,59.50630540237564
2009-03-03,761.0890946104859,455.69221358585077,192.93676073457283,246.44636546881648,58.34492027902532
2009-03-04,770.1508535036093,466.5144165406784,193.93864693881926,246.0310064116491,58.852191130448816
2009-03-05,731.1695670044188,456.8166137662219,189.02943664166443,241.9604927217097,57.32815696787077
2009-03-06,743.951336853733,473.1904641998951,190.0062705312891,239.4960222221152,58.294860762736256
2009-03-09,733.4270262399922,468.30641827007946,177.3575460610022,225.5676518853027,57.249173089142545
2009-03-12,764.3640660287724,479.65567677250533,177.80839599947214,225.51228419848303,58.23479042955041
2009-03-13,816.6676730712556,496.4160367523451,172.849092538664,223.02012985547867,60.49970651956759
2009-03-16,844.2344000832858,502.8812493249553,180.28804772987618,230.3027552776129,61.79012960613003
2009-03-17,826.8104484535311,503.09208441156176,177.63306419389048,224.9307713778467,61.349604776425274
2009-03-18,846.650789882567,508.6788603485357,170.69505210480145,214.6298718303964,62.17836787943305
2009-03-19,855.7443009289096,513.8440304501324,169.8685091717269,214.43603422351765,62.45536278320481
2009-03-20,851.6109176892286,530.5692619718437,166.78772801189302,213.05151248346132,62.45314117489728
2009-03-23,914.7250292184544,558.1166964483825,170.34439995922835,213.41147850230408,65.40887424425938
2009-03-24,923.6277726490645,547.5755854964183,175.30370342003653,216.76203480305304,65.3821769219329
2009-03-25,974.3415646616363,536.6830934564159,175.67940788023137,217.20510305513523,66.39783214483626
2009-03-26,995.5173642996066,567.5334393888935,179.9874772823662,220.19566798553646,68.57597514753597
2009-03-27,984.8658752753772,567.9901736823992,182.41703584911698,220.2510610238611,69.1633379659389
2009-03-30,964.3259676898493,549.8595143152891,184.94678074317434,213.96528212802562,66.2598860211734
2009-03-31,969.6040415227322,548.2783476724943,188.3782140485813,214.76831639895053,67.21213035072188
2009-04-01,1005.5329612713936,565.2143821118942,182.7426471456585,217.12202617340074,68.08873136171118
2009-04-02,1056.469357951723,612.333160934742,186.80026219511706,224.37696775212515,71.44160543302188
2009-04-06,1062.9874637362714,623.1904923476981,187.55167111550676,225.041532102991,72.45503361581255
2009-04-08,1097.0404594808247,636.1560459510472,192.68628345071613,232.96103803258123,74.37620334853405
2009-04-09,1103.781085034325,621.5741972467749,192.5109745763149,236.8654233105567,74.3561817147405
2009-04-13,1127.8184838070918,629.4800304607481,185.24733972509412,237.14233779916992,75.25836652799993
2009-04-15,1163.747403555753,629.1286172037924,184.59611713201102,235.53626925732004,77.51771501773538
2009-04-16,1103.304208444396,598.2783034402325,192.36068361976479,234.8163118681296,74.966906727106
2009-04-17,1091.8259748531862,607.343697461623,194.48966027341535,240.52057794332873,75.29840979558705
2009-04-20,1090.8402997224978,607.2733762075308,194.01379241709432,242.2374072103229,75.13599882151556
2009-04-21,1084.9263338371725,606.57067836929,193.33750604379924,242.6527662674903,74.8734633830608
2009-04-22,1092.4937039576535,589.8102862205326,192.4608699470714,243.178886049802,74.09475979634207
2009-04-23,1121.554819742326,600.8081958038381,192.38572446879633,245.2833651790488,76.17278376646367
2009-04-24,1137.5479718046822,602.0028207315486,192.33563130514304,241.71128742801122,77.44207169917621
2009-04-27,1135.449443132817,595.9241177051048,189.3299956235842,241.51744982113246,77.20289845468402
2009-04-28,1104.6714188065498,585.1370432084055,191.90983368129488,247.9139640906073,74.80783088139839
2009-04-29,1148.6127482135964,607.6950463807434,194.18910129149555,245.20028829731433,77.29077963025269
2009-05-04,1200.0261063826604,626.141990546681,192.58609712340953,245.2833651790488,81.29665445343383
2009-05-05,1197.8322363523314,623.2958777220836,186.49969174760705,241.73897127142106,81.47241680457114
2009-05-06,1196.4650259901773,623.1553638895696,183.31872426046655,238.13918432546873,80.65255643020896
2009-05-07,1218.1177871168823,626.3528256332874,179.91234326968134,235.702423020789,81.96188763050863
2009-05-08,1208.4201361713165,620.6254715259639,179.4364524821799,229.33356724321902,80.55577252599471
2009-05-11,1183.8104345513518,618.2010288745793,177.53287786658387,234.37326896755235,79.08513843987475
2009-05-12,1246.3204061813547,620.1335444364943,180.66375219007105,238.13918432546873,81.89959568901524
2009-05-13,1229.2144005778212,600.6324891753603,181.41516111046076,235.03783331841822,80.87949181769167
2009-05-14,1213.9207297731514,583.7315831940888,182.99311296392503,240.65904786338783,79.94949616204944
2009-05-15,1240.4700295012735,571.433598970852,185.34752605240072,237.2807823677241,81.68934137515707
2009-05-18,1505.5492300049784,665.6360281584188,213.37509254164502,277.59829475637076,96.1843524250783
2009-05-19,1418.6519916251573,699.7189321238249,206.23670779794284,246.77864764424942,96.07979017588511
2009-05-20,1368.7648592807607,698.8405276571063,202.68003585060748,256.0273329785813,95.00850783641097
2009-05-21,1345.236174149948,755.6570770854928,222.86789037382295,292.3020155206983,93.68693877910185
2009-05-22,1389.940658918731,735.1019107291625,224.19537640902072,288.3976302427229,94.30100435163638
2009-05-25,1395.6638571883234,731.3071365215894,233.06199249714706,313.48532743623525,94.27986376598132
2009-05-26,1362.564784421239,713.2115412747722,223.1934902047743,312.73768620363495,91.59112021529937
2009-05-27,1390.3221941501965,776.9150056178994,229.70571613560534,318.63576453420796,95.13643771137191
2009-05-28,1412.0703815341703,793.6402693085282,224.57108086921556,315.6728834472165,96.4947257715146
2009-05-29,1444.724329864545,821.6795987056192,232.78647436425882,337.27155441992085,98.9832421206506
2009-06-01,1451.2742727011182,826.9150257234729,236.26800083331912,327.1367832844345,100.78426575519528
2009-06-02,1449.3664267461802,817.8848244980463,235.94240100236777,317.0574051872729,100.68081159425329
2009-06-03,1428.1906271082098,820.9768365295431,230.60739308136476,317.8881233016076,100.80207121248645
2009-06-04,1438.2698132852408,821.7498556218762,230.68253855963982,318.4696361222439,101.73539656468742
2009-06-05,1407.1102537275087,830.4989648444396,236.54351896620733,328.93668943316317,102.05244016785147
2009-06-08,1395.1869805983943,782.5369100130018,232.06010629290063,321.29407264068124,98.55939836457037
2009-06-09,1444.883260428253,795.6079133285718,224.57108086921556,306.39651426947484,101.25260685908802
2009-06-10,1475.4388498843732,819.465991140841,224.32060358535884,310.68857476120786,103.57313920206566
2009-06-11,1464.6600975508497,787.4561165698638,213.29994706336998,306.7288217964127,103.18267932045511
2009-06-12,1502.083490970959,792.0239098697698,208.7163480627567,307.947215124505,101.9745698091796
2009-06-15,1385.5210818060482,790.8995418583164,214.80276490414937,311.63005360068695,99.76305379562051
2009-06-16,1362.978071805924,791.8131391209988,224.3957490636339,317.3343196758861,100.5150546282076
2009-06-17,1304.474389903919,745.7484713933476,218.5097048768544,311.38082295548355,96.91855866398451
2009-06-18,1287.749919531851,708.1166924272678,213.274883283158,304.56894962884127,94.58801007230493
2009-06-19,1298.2106409403477,709.3113816928137,211.77206544237856,305.28890701803175,95.97188193471774
2009-06-22,1241.61463519567,698.4188574838936,210.4696431873928,301.9383507172828,94.22869616144108
2009-06-23,1281.5497597735239,721.5039162038297,212.02254272623532,301.8829576789582,94.49011807983949
2009-06-24,1273.3147454473813,738.5454003554504,214.6274330985677,300.8861111526594,95.51244899127576
2009-06-25,1245.1757155881528,716.5847096469679,207.9899799913985,294.82185370711255,94.37553958194438
2009-06-26,1290.3889139988898,734.0829924299298,211.0707611512324,298.14472616445164,97.34907267679249
2009-06-29,1327.1445783145316,749.0865113074148,213.77583785087145,302.0767952858369,97.69281903408816
2009-06-30,1286.7006551959184,750.0351726903904,215.4539874972325,294.5449392184993,95.47128677182714
2009-07-01,1309.211913042823,739.0021346489564,228.07764818730737,300.05539303832467,96.57926638691421
2009-07-02,1279.0379437169736,791.7076894087779,227.6267982488375,304.31971898363787,96.75614768991302
2009-07-03,1289.4033237670067,798.4188976950408,230.38197957772,311.63005360068695,98.43369552972213
2009-07-06,1203.873380648145,751.7569175035344,222.96807670112955,298.6985297901732,92.68130523670558
2009-07-07,1179.8995710806228,737.491289260254,223.11834472649923,300.47075209549206,93.49226288242217
2009-07-08,1163.493046734776,710.2951715339177,233.06199249714706,310.88241236808665,90.75011382347698
2009-07-09,1178.595949923713,701.5811907694829,236.718850771789,314.5652508442685,90.79572469134582
2009-07-10,1128.8359959898048,693.3240086363893,226.574830346528,303.93206912138527,89.0814632805083
2009-07-13,1113.4468989278662,696.6268557544926,223.66938099227576,295.34797348942425,88.41734362348987
2009-07-14,1153.572876020258,702.5299164902939,225.97371238268838,298.2831707330058,91.47319572543007
2009-07-15,1193.1583024186714,730.4287320548709,231.25861567444787,300.3322821754329,94.18976098210513
2009-07-16,1230.740541503683,718.903766923967,230.05635681558826,299.1138888473406,94.14303659417995
2009-07-17,1231.7898058396156,732.9936885387696,230.10646144483178,306.45190730779944,97.33684025158817
2009-07-20,1292.996156312709,745.3619296782633,228.5284981257773,302.4367613046797,100.16909209440956
2009-07-21,1283.680125497414,734.3640844327932,225.4978215951869,296.70481138607073,99.43155072713947
2009-07-22,1256.367755306361,767.7090977639948,220.78897248705505,292.4404600892525,97.86968947347667
2009-07-23,1298.2424779923726,768.0956394790791,226.27427136460815,293.43733196705625,100.6474385833939
2009-07-24,1282.5354349042125,790.4779360229389,226.7000804540465,287.81614277359154,101.64417482894974
2009-07-27,1234.079102127214,770.3092470438575,226.37445769191476,285.8501082128989,101.72760735609818
2009-07-28,1213.0622330529516,774.3851775921291,231.53413380733613,292.2189386389639,101.54517474823312
2009-07-29,1227.5609963426655,771.9255421447806,234.89043310005826,296.64944369925104,100.41938967585486
2009-07-30,1208.4201361713165,773.7526723323101,243.93238099376626,308.7502240439251,101.7087046741661
2009-07-31,1243.4588070465584,818.0253383305603,237.44521884314716,303.1567186938702,103.15486847807229
2009-08-03,1282.6308611614816,828.7421559110024,232.71135181716417,296.23408464208364,104.82240006917947
2009-08-04,1297.0977873991708,802.3893785310916,244.43331263029927,300.6645643508659,104.13491821819845
2009-08-05,1320.4039527610312,839.2832668629668,250.9705794101619,299.6677178245671,104.43861044429667
2009-08-06,1301.5809537170978,810.2249548288079,254.4521058792222,304.45818890369696,102.02129419710477
2009-08-07,1270.3895571073406,800.4919914273052,261.54038599368084,307.08878781525544,99.7052050707422
2009-08-10,1264.2530714530633,815.7414095116895,249.26738891476927,299.1415980422554,98.7318255873438
2009-08-11,1272.0747134957157,809.943798488109,248.26550271052287,299.3908033359538,99.48161024342852
2009-08-12,1265.9063907894135,792.1293595819907,255.82969654366346,300.3599660188427,99.17346393710491
2009-08-13,1287.2729580431164,818.8334858810218,256.5310008348096,305.23351397970714,102.45514333827663
2009-08-14,1294.9992587273052,857.6950825707759,261.7157177992625,314.48217396253403,101.9000345788716
2009-08-17,1234.905761795389,818.6578435903793,253.55040600228236,315.36828511519343,97.62495406050792
2009-08-18,1234.42888520546,830.7801211851383,260.087672782145,326.6937403838573,99.20460990785159
2009-08-19,1199.2311988677047,815.1089685897057,259.7119683219501,322.95550886935075,97.76290018417079
2009-08-20,1207.2118563728704,828.8826697435164,258.58485494136556,326.1399367581357,99.08336115322872
2009-08-21,1226.5435690587576,837.3506869632164,265.7983851633428,327.6075353799265,100.75979004117634
2009-08-24,1255.4775064329417,840.3725064162917,259.48653188712495,319.2449611982541,103.29613886648872
2009-08-25,1288.1314547633165,831.7990394843708,251.89732013613323,316.8081998935744,103.66436093780334
2009-08-26,1297.3521442201477,825.0878955359434,251.04572488843692,316.1713193861184,104.14270742678768
2009-08-27,1298.7511916343265,824.4905830720882,247.41390746282656,315.9497725843248,104.30623735272069
2009-08-28,1318.9413161416082,828.3204857377896,247.21353480821335,318.3865592405095,105.2885141329595
2009-08-31,1275.0634910410006,833.0991141243022,254.32687870288402,320.10336315599875,103.72554479104552
2009-09-01,1259.6427267246477,817.2171907800987,256.8065189676979,326.4445350901588,102.90790602499087
2009-09-02,1253.4744040183452,812.052020678502,270.807770322214,337.3269221067405,102.52967856858464
2009-09-03,1227.8153531636426,801.3001389777667,277.7958870405466,340.70518760240424,102.20039167660597
2009-09-04,1259.8334943403802,827.9691368186693,279.97496832344063,342.7542990448313,104.13269117808575
2009-09-07,1273.6326914736023,835.1722078565665,298.4345685710515,373.62931384377237,106.41318025347628
2009-09-08,1319.895154220272,833.3099492109085,294.7526694473781,362.2761747316987,106.910440288003
2009-09-09,1378.9394717150608,829.3043399167292,281.7783451461398,349.6769330966179,107.11067835315924
2009-09-10,1365.585314119743,829.7260100899418,287.96494831483915,356.3226780112961,107.22525685105435
2009-09-11,1361.3883416748179,826.9501541816014,280.2755273053604,341.9235809304966,107.45107871848072
2009-09-14,1360.5298449546178,816.1630796849023,283.95742642903394,352.3352412030912,106.98497551831099
2009-09-15,1386.8565400149826,804.9543993528257,285.63557607539497,358.1225841600248,108.84273978948278
2009-09-16,1388.8278053775541,807.484227378596,282.3544222609479,361.2239098155703,110.31782252402297
2009-09-17,1326.6040276205529,814.5467845839792,268.50343893180144,349.73232613494247,110.4768983697306
2009-09-18,1337.0329968758301,817.7442463276968,272.360692792237,361.6946619110624,110.71050944574621
2009-09-22,1334.1078085357897,811.7709286756387,280.82656357113694,364.04837168551256,111.69279708959535
2009-09-23,1336.4924461818512,816.4793001458941,278.772709464581,366.26361153990365,110.57480122580634
2009-09-24,1336.0154846931168,808.1518610965436,287.3638074198191,371.5802024013453,110.94412052176182
2009-09-25,1357.6682458198215,813.2818384021763,291.1959975000427,378.6136225297811,110.3300658128376
2009-09-29,1380.5927910514113,836.0154838651565,284.5084626948104,376.37067348047515,111.39577512022485
2009-09-30,1400.051682147787,823.6121142675343,287.56420300561274,376.869109419377,113.11115005111871
2009-10-01,1382.6913197232766,830.7801211851383,278.94804127016266,371.3309971076468,113.0989067623041
2009-10-05,1360.275488133641,822.0309476247396,282.17909045536624,373.26932247342467,111.31456963318911
2009-10-06,1357.0959429726233,832.6071870348324,277.2197869945581,371.1094756573582,111.85298102355415
2009-10-07,1336.2380893608745,831.3774336489935,277.49530512744633,370.7771681304203,110.92632592808094
2009-10-08,1347.9070056690116,844.8700427999407,284.2579854109537,375.20767319070745,111.29342904753405
2009-10-09,1335.2524142301859,857.589632858555,282.0789041280596,366.26361153990365,110.02414654662667
2009-10-12,1379.3210069465265,875.9663201082355,283.2561221378877,363.5499357466107,112.450360090659
2009-10-14,1388.9550686868479,886.8939084374487,273.7132196764663,355.49195989696136,113.87316713240774
2009-10-15,1380.878984924413,883.8018964059519,269.4301796577728,352.4183180848256,113.66513985866227
2009-10-16,1410.9256909409685,875.5446499350228,263.16845394197884,350.7568818561561,114.40601635429624
2009-10-20,1389.1775884558,850.8433604519989,264.4458353479331,354.6058740958069,113.78973460525931
2009-10-21,1387.6831996831577,828.3907426540466,261.6656361011994,361.5285334990984,112.6583873644045
2009-10-22,1357.7954242303101,823.5067288931488,261.4151588173427,358.62102009892664,110.98973682143583
2009-10-23,1301.930736795344,826.3177132596177,260.0125273038699,360.6701061898488,111.17773159777744
2009-10-26,1281.5815968255488,819.8875969762182,258.38448228675236,360.80855075840293,110.5959309478511
2009-10-27,1266.097158405146,818.3766872496806,256.931746144036,356.98726771366694,107.83265216686115
2009-10-28,1293.5367070066877,796.8026025941176,248.36568903782944,355.87963511071894,107.37543539992154
2009-10-29,1271.4388214432734,817.6388609533115,253.19976532229944,348.45856512003047,105.69343347988706
2009-10-30,1228.0379578314,795.361949783837,256.20540100385824,344.9141712124028,104.82908118951752
2009-11-03,1156.4344751550545,786.0857850136754,252.72385160361756,338.04687949593097,101.54072066800775
2009-11-04,1221.3926736363635,796.4863177952903,252.79899708189265,339.98523021321375,104.80904869211365
2009-11-05,1234.397048153435,810.1546335747155,252.97432888747431,344.9695388992224,106.02716358848079
2009-11-06,1244.7941803566875,814.0197290363808,255.60426010883828,346.8524965781806,106.70797518273407
2009-11-09,1287.3365472483608,819.9578538924752,259.61178199464354,340.09599093835806,108.98290208964802
2009-11-10,1306.4774923185153,796.6971528818967,264.1452763660133,338.87759761026575,108.61135575357986
2009-11-11,1344.3141731233093,808.4680815575354,259.5616773654,332.73028863448934,111.33125613861881
2009-11-12,1336.2062523088496,806.7463367443913,257.457741560781,326.9706548724705,110.18989264906205
2009-11-13,1347.811664310548,832.1153242831981,261.6656361011994,326.416825895244,111.22001276908755
2009-11-16,1369.4961775904721,843.0077841542827,262.0413405613943,327.6352192233364,112.53490070605862
2009-11-17,1355.9830894314464,824.3851333598674,260.4132726130963,330.90269864235086,112.62834948190898
2009-11-18,1335.4431818459186,829.1286332882512,257.958673197314,325.69686850605353,112.46037633936095
2009-11-19,1325.1096388479104,817.7442463276968,254.42706503019062,321.54327793437966,110.99863411827626
2009-11-20,1350.2280541098291,821.328249786499,260.8891863317782,322.9831927127606,112.41031682307188
2009-11-23,1395.791035598812,833.7667478422497,264.07013088773823,320.1587561943233,113.54721536879295
2009-11-24,1384.5036545221403,824.5257115302167,270.50721134029425,320.76795285836954,113.25798260801172
2009-11-25,1395.632105035104,829.2340830004722,288.9668115879051,329.07513400171734,113.64956144148377
2009-11-26,1352.8988856288927,825.1230239940719,286.18661234117144,322.42938908703906,111.36684532598056
2009-11-27,1330.2605342703048,818.7983574228933,291.3713293056244,323.42623561333784,109.94738427620598
2009-11-30,1352.5809396026714,843.1131695286682,295.6042646950744,320.3249099577923,111.97090551342346
2009-12-01,1396.4587647032793,841.7428379724801,303.3688311828281,333.2841176117158,113.95770774780738
2009-12-02,1399.5747206590524,832.7126367470534,297.8334506072119,328.29980892570717,113.98551859019017
2009-12-03,1398.5572933751446,843.2537476990177,302.216676953212,332.0657242836235,114.1735242301421
2009-12-04,1384.2492977011632,828.601577740653,309.40514339497736,343.6403848459858,113.66624794691344
2009-12-07,1341.7705200147343,828.5664492825246,312.36069737847305,349.12312947089634,112.72736042623592
2009-12-08,1374.011180960424,829.0583763719942,319.6243092985134,352.3906342414158,114.53506518111864
2009-12-09,1363.2006764736816,829.1989545423437,318.121491457734,358.6487039423365,113.73522100874489
2009-12-10,1363.1370872684372,840.0914144134283,317.595496040989,364.8514059564375,114.23915129999935
2009-12-11,1362.4376060107504,835.980355407028,311.759556483453,358.87022539262506,113.85313463500388
2009-12-14,1358.2405486670198,845.467355263796,310.88292038672523,359.36866133152694,113.59505870857964
2009-12-15,1337.4462842605149,838.9670464019749,308.3030708634243,352.2798481647665,111.97868385840239
2009-12-16,1331.7866751961667,835.5587495716508,305.322476030897,343.5850171591661,112.17892192355865
2009-12-17,1316.2704846225447,843.7456747884873,299.9624501920429,339.15451209887897,112.17225166683089
2009-12-18,1281.5497597735239,832.9234718336597,298.25923676546984,333.06257080992225,110.96971518764225
2009-12-21,1293.3776915441745,827.7934301901915,297.4076415177735,334.5578786266278,110.18878456081084
2009-12-22,1296.2392906789707,815.9171161401673,304.6211717397508,338.5453154348328,110.92855296819364
2009-12-23,1356.0148415846659,828.4961923662676,305.92361692591703,343.14194890708393,114.46052995081067
2009-12-24,1368.8602855380298,841.4968744277451,307.3262484393899,341.42514499159466,115.21253078339775
2009-12-29,1373.88391765113,830.3233225537971,308.1528028380546,341.3143842664504,115.42501213736863
2009-12-30,1368.5423395118087,825.2987306225498,310.4320704482553,339.3206658623479,115.01341167010301
2009-12-31,1386.983718425471,827.82855864832,318.3719687415907,338.82222992344606,115.71646107465223
2010-01-04,1367.8427733553165,834.4695100183259,325.98622134161394,348.51393280685016,116.40951595772013
2010-01-05,1361.7380398542584,849.0864871807265,321.0770225100493,349.8430868600868,117.42627383706954
2010-01-06,1383.7405840592091,859.8033047611686,316.2429691567597,349.34465092118495,117.51304149258183
2010-01-07,1406.6968814440183,860.7168376860157,310.1064706173039,343.8619062962744,117.09699780870118
2010-01-08,1403.008622641047,854.3219141985801,315.3663330600319,349.73232613494247,116.68873246979943
2010-01-11,1375.4737326810418,854.884098204307,314.5397786613671,353.1659593174259,116.79218663074143
2010-01-12,1379.0984022787688,836.929081127839,314.3644468557855,352.1690874396222,115.92448834839773
2010-01-13,1384.5036545221403,839.9859647012075,315.49156023637,358.5379432171922,116.44845113705607
2010-01-14,1426.6009818759092,865.6009157847491,313.4878107590576,360.9193368350522,117.02579770675705
2010-01-15,1412.6744365345878,850.1757267340514,309.2548524384272,359.25790060638263,116.85448943584511
2010-01-18,1398.3665257594118,852.1082422959663,309.78084785517217,361.2516190104851,117.3584197270996
2010-01-19,1379.9251468457494,841.0400757964039,303.3688311828281,352.3906342414158,116.26378062546803
2010-01-20,1370.3864264638914,815.9873730564243,289.2924343500369,345.9110177387015,116.17590488170453
2010-01-21,1340.5622402162883,801.0893038911604,287.1634347652059,347.29553947875786,113.33808000679628
2010-01-22,1340.3078833953111,783.2045437309495,286.41202584481624,341.6466664418833,112.04432179186996
2010-01-25,1325.3004064636432,787.807465488984,285.3850987915382,339.48679427431193,111.4191318823823
2010-01-27,1306.8590275499807,779.269191353027,277.745782411303,336.3300755804417,107.97504150713908
2010-01-28,1319.0684945520968,774.6662695949925,271.60928387184725,333.3394852985355,108.28985807019045
2010-01-29,1330.578480296526,770.4849536723353,270.9329974985522,333.78252819911273,108.61913409855882
2010-02-01,1329.561053012618,774.1040212514304,292.57358816448397,349.06776178407665,109.01183188389234
2010-02-02,1306.5410815237594,776.5987851569075,283.35630846519433,351.7814375773696,107.46332200729536
2010-02-03,1314.99870051766,796.7674097981537,290.56983868717157,349.8430868600868,109.72712457725618
2010-02-04,1296.1757014737266,800.8433403464254,292.04759274773903,350.8953264247102,107.80261428436563
2010-02-05,1248.5460283649031,764.3359293917991,284.608649022117,341.25899122812575,104.98370295499977
2010-02-08,1264.6346066845285,785.7695645526835,287.0882892869309,343.0311881819396,105.91258509058568
2010-02-09,1263.23555927035,777.406932707369,280.8015227221054,343.4188633956972,106.63010482406222
2010-02-10,1252.8702641191223,763.8791950982934,286.91295748134917,349.89847989841144,105.84139585225185
2010-02-11,1291.0884801553818,773.1904883265834,283.6568674471141,347.12941106679386,107.39101381710003
2010-02-15,1284.5385373188087,764.7927280231404,279.32374573035753,338.93299064859036,106.8370240095565
2010-02-16,1294.3952037268878,775.1230038884984,285.48528511884484,342.643538319687,108.03399832026857
2010-02-17,1313.2181178720157,772.8040109493345,282.6048995448046,345.74488932673756,109.3299835753076
2010-02-18,1269.0223467451867,775.4744171454541,296.15530096085087,351.44913005043173,108.74595588526854
2010-02-19,1250.4537894210357,779.9016322750108,292.0976973769825,356.3226780112961,107.79259803566373
2010-02-22,1243.7767530727797,778.2853371740877,296.6812734464154,361.4177474224491,108.04845778558558
2010-02-23,1240.4700295012735,774.0688927933019,290.16907044676475,357.20878916395554,108.35215001168382
2010-02-24,1244.8577695619317,773.8932505026594,291.52162026217445,356.8765069885226,108.09740921362345
2010-02-25,1224.890164823602,779.9368250709747,284.00753105827744,356.54422481308967,108.12299301589357
2010-02-26,1245.0485371776645,785.3830228375994,282.50471321749797,351.559916127081,109.51464322328532
2010-03-02,1250.4537894210357,779.3745767274125,270.9831021277957,345.4125817997997,111.62159698765122
2010-03-03,1303.361536362742,773.6121584997961,271.45899291529713,341.25899122812575,113.20347987510759
2010-03-04,1289.625843535959,769.5362279515243,267.9524255972053,337.0500329696322,113.02882561222147
2010-03-05,1284.2841804978316,769.1497505742756,270.63243851663236,339.8190764497448,113.2168312521734
2010-03-08,1277.0348413023773,773.3661949550612,271.45899291529713,340.76058064072885,114.00220509561987
2010-03-09,1259.5473004673786,770.344375501986,268.7288753666266,338.2684262977245,113.50160993272927
2010-03-10,1282.9488071877026,764.9684346516183,269.07953897778987,338.71146919830176,113.82977787284645
2010-03-11,1292.741799491732,761.5952662794226,265.52286703045456,337.0500329696322,114.21134045761654
2010-03-12,1299.2916574294998,762.2628999973701,263.869758233125,336.440836305586,114.2914378564011
2010-03-15,1307.4949196024231,751.7920459616629,264.59612630448316,329.35204849033056,114.11122142503842
2010-03-16,1358.2405486670198,752.7055788865099,273.1371425616582,334.7240070385918,115.65083400479499
2010-03-17,1360.4662557493737,754.3921952415254,269.5053251360478,334.3363571763392,116.40283483738207
2010-03-18,1369.6869452062049,740.8292648364858,263.8447173840935,332.45339949738104,116.71431627206957
2010-03-19,1388.8914794816037,742.6915234821438,261.79086327753754,334.059442687726,117.09031668836312
2010-03-22,1365.8715079927451,744.3078185830669,259.23607753444867,331.8442028333349,115.8088017622514
2010-03-23,1388.0647349146232,751.4055042465786,256.2805235509529,331.34576689443304,116.25599141687877
2010-03-25,1388.1283241198673,742.5510096496298,253.04947436574935,325.2538256054763,117.03692204371016
2010-03-26,1399.5747206590524,758.8897316251745,255.5291146305632,327.5798261850117,117.51749557280722
2010-03-29,1390.4812096127098,768.1307679372076,263.94490371140006,334.6686393517722,117.98138259647457
2010-03-30,1383.931351674942,771.117394594319,261.54038599368084,332.0657242836235,117.08253834338416
2010-03-31,1366.2530432242104,772.1012487732584,259.5115956673369,327.5798261850117,116.78551637401368
2010-04-01,1388.8914794816037,762.0871933688923,256.4057736584715,330.5704164669179,117.70660930101033
2010-04-05,1431.9424751164254,770.8714310495841,254.75266486114197,325.7522615443782,119.43977882558505
2010-04-06,1428.5086580332363,762.3682853717556,253.92611046247717,324.9215434300434,119.38638418093213
2010-04-07,1436.7754245125986,760.9979538155674,253.1747015420875,325.0323041551877,119.57883303749912
2010-04-08,1407.3328583952662,746.029563396211,254.90295581769206,322.92782502594093,118.01698264744662
2010-04-09,1430.4163341905637,747.5756015808771,253.4251788259442,320.87871358351384,119.29182731683056
2010-04-12,1433.7866469673138,739.9157319116388,250.72010212630516,317.0574051872729,118.8012484026419
2010-04-13,1425.5833847943904,731.096301434983,254.3769604009471,314.23296866883555,118.42858311471223
2010-04-15,1387.1744860412039,730.6043743455133,254.52725135749722,313.40225055450077,117.33060888471678
2010-04-16,1378.9712238682803,724.806763321933,250.26925218783526,312.29461795155277,117.08587347174803
2010-04-19,1350.4189066243673,705.4111577730199,250.0939203822536,311.02085693664077,115.77430979953054
2010-04-20,1352.1994043712061,704.4975605103374,250.99562025919343,311.51929287554265,116.36279156979495
2010-04-21,1340.6258294215324,709.5573452375486,250.29431596804724,311.74081432583125,116.6920675981633
2010-04-22,1368.160804280343,713.3521194451215,250.0688795332221,311.2423783869294,117.23605202061522
2010-04-23,1383.9949408801863,715.3197634651651,249.8434660295773,311.297771425254,118.00919343885738
2010-04-26,1362.4376060107504,715.2143780907796,251.54665652496993,310.9100962114964,118.41745877775911
2010-04-27,1349.719340467875,734.2937631787008,252.2479837472966,311.7961820126509,118.10375030295894
2010-04-28,1293.7593116744454,730.9206591443406,253.0244335167178,309.80246360854846,116.03685066979045
2010-04-29,1316.3976630330333,735.6641590727246,246.11146227666035,303.82130839624097,116.89786783179612
2010-04-30,1314.55357608095,741.2509350096985,259.23607753444867,326.4722189335687,117.42850087718222
2010-05-03,1302.0260781538075,736.1912146203227,260.087672782145,338.32379398454424,116.19926164386196
2010-05-04,1298.7193545823015,733.5207440863678,258.38448228675236,334.4471179014835,114.54729760632296
2010-05-05,1298.0834625298592,724.5607997771981,263.76957190581845,331.56728834472165,114.02222672941342
2010-05-06,1281.8042014933062,732.8531747062556,270.1565477291309,340.3729054269713,113.26466372834977
2010-05-07,1313.536063898237,734.1532493461868,275.4665148011024,341.9235809304966,111.64495374980868
2010-05-10,1372.8029011619783,738.5102075594865,270.3569203837441,334.8347677637361,115.55071497221685
2010-05-11,1358.049781051287,723.7878450227005,271.333765738959,333.1733315350666,114.27252431085873
2010-05-12,1377.31790453193,722.3823206705482,270.732624843939,334.059442687726,114.72862212593684
2010-05-13,1363.1370872684372,734.996525354777,269.12962067585295,334.6132463134475,115.22365512035088
2010-05-14,1327.3353459302643,734.047799633966,275.0156648626325,342.20047006760484,113.32362054147926
2010-05-17,1292.8689779022204,721.7147512904361,271.834697375492,352.9444378671373,112.57606292550723
2010-05-18,1298.019873324615,738.8264923583139,272.66125177415677,350.50765121095264,112.7162360892828
2010-05-19,1270.1034481331442,720.3795481923762,272.66125177415677,347.24017179193817,109.45568641015582
2010-05-20,1271.7567674694947,786.1209134718039,279.3738274284206,360.7531830715833,110.07754119127962
2010-05-21,1266.1607476103904,769.3253928649181,279.9248636941971,365.73749175759195,109.71154616007767
2010-05-24,1300.6271156384341,760.3654485557482,280.4007544816986,360.1439864075371,109.99633570424385
2010-05-25,1253.5697453768091,759.1708236280379,275.1408920389706,359.53478974349093,106.94381329886238
2010-05-26,1282.0585583142833,751.9325597941769,278.14652772052943,359.64555046863524,109.40562689386677
2010-05-27,1300.1184019964803,789.3183752155217,286.91295748134917,376.869109419377,111.31234259307644
2010-05-28,1318.4326024996542,795.5376564123148,282.32938141191636,378.0875027474694,112.72401443426175
2010-05-31,1329.8154098335951,820.5903591522944,291.1208520217677,391.15747112653725,113.16342574391017
2010-06-01,1285.2381034753007,805.0949131853397,288.86662526059854,395.3664293850308,110.5803633942829
2010-06-02,1285.8739955277433,830.8855065595237,288.2655072967589,391.93279620254737,111.6850078810061
2010-06-03,1310.992410789662,851.0541312007699,290.49469320889654,389.9390777984449,113.7018479978855
2010-06-04,1311.5012093304213,836.0506766611205,290.444588579653,393.04042880549537,114.25806484554172
2010-06-07,1281.6769381840124,828.6718989947454,282.2792767826728,379.69354593781424,111.99982444405745
2010-06-08,1267.241848998348,818.2010449590381,272.38573364126853,374.65386956498594,110.95636381057645
2010-06-09,1280.7866893105931,836.4722824964979,276.8941871636068,383.18257215862235,111.25003978797274
2010-06-10,1291.3428369763587,835.3479144850445,276.01752813569846,381.18885375451987,112.99211747299822
2010-06-11,1330.832837117503,829.2340830004722,271.00814297682723,375.20767319070745,113.89875093467788
2010-06-14,1352.5809396026714,841.2509108830102,282.1039449770912,385.39781201301344,115.64193670795456
2010-06-15,1355.8876631741775,819.676761889612,265.7983851633428,365.73749175759195,116.19036434702153
2010-06-16,1345.5223680229499,818.3415587915521,267.65186661528554,369.5034071155083,116.43509975999027
2010-06-17,1362.6283736264834,833.4856558393863,268.20287994988166,373.5462369620379,117.3584197270996
2010-06-18,1340.9437754477538,838.3696696002844,261.3400133390677,370.3341252298431,117.08587347174803
2010-06-21,1355.3153603269793,846.2755028142576,263.76957190581845,370.44488595498734,119.10382167687865
2010-06-22,1352.9624748341369,841.2509108830102,275.5917419774405,383.62561505919956,118.286182910824
2010-06-23,1346.4762061016136,839.2832668629668,279.9248636941971,385.78548722677095,118.43302633132728
2010-06-24,1338.018587107713,835.8047131163855,275.89230095936034,378.14289578579394,118.37629655831049
2010-06-25,1351.8814583449848,887.8426341582597,310.9330020847883,418.62653658640465,117.22937090027716
2010-06-28,1386.475004783517,916.971267446511,321.85347227947057,440.3913359710729,118.66330227897903
2010-06-29,1357.6046566145774,917.7794149969724,318.2216777850406,435.68396712518245,116.94236517960861
2010-06-30,1386.0934695520516,928.1799477785875,331.9974927047316,446.4833026115346,118.1960801269478
2010-07-01,1368.7966963327854,915.1792657171098,330.77021592802083,443.0496440775462,116.83668397855394
2010-07-02,1359.51241767071,917.9901857457434,334.0012651132244,444.48955885592716,116.51853228713868
2010-07-05,1358.6856731037294,903.3029516670858,329.9937432274192,441.7205153758145,116.49182953300708
2010-07-06,1365.8079187875007,908.9599845203168,332.3982609451384,436.9577281400945,117.67434437840214
2010-07-07,1339.926348163846,889.4940577173113,330.1690750330008,430.3119832254162,116.60752698276369
2010-07-08,1344.4413515337978,903.5137867536921,349.9060796177464,439.17299334599045,117.84789055303706
2010-07-09,1345.1408327914844,909.2762049813085,356.0676419374142,443.76962681824165,119.08491899494658
2010-07-12,1343.3602501458402,898.2432312777099,345.5729579009898,434.18868465998185,119.76461163733836
2010-07-13,1366.3166324294548,897.5053406435054,351.0582567785429,435.85012088865136,120.15729855906159
2010-07-14,1361.4200938280374,884.3992088698069,350.9330066710243,431.142701339751,119.83469278742098
2010-07-15,1365.2356159403025,869.255176159808,328.766443519528,414.749860503344,119.6700547732368
2010-07-16,1351.8814583449848,884.5397870401564,331.1459203882157,418.84808338819823,120.0071200101944
2010-07-19,1343.1058933248632,884.8208790430198,328.3656982103016,417.68505774692557,119.84137390775903
2010-07-20,1339.1632777009147,884.8560075011483,321.12712713929284,411.2608342825359,119.43088152874462
2010-07-21,1346.0946708701479,893.9564656428319,323.65687203335017,414.4175783279111,120.1283796284276
2010-07-22,1346.857741333079,897.9620749370113,321.1772088373559,415.0821426787769,121.07617530955585
2010-07-23,1348.7019131839675,885.418191506875,316.64371446598614,413.4207064501074,121.23525115526348
2010-07-26,1339.3540453166477,882.1152800509363,312.7364018386679,403.89515733017214,120.55666660112287
2010-07-27,1339.8627589586015,887.4912852391393,315.6668920419517,402.45524255179123,120.82365068799787
2010-07-28,1298.8465329927901,885.1370995040115,322.4045085452471,400.4614987961838,120.08832549723016
2010-07-29,1284.7293898333469,876.001448566364,320.0500954567713,393.09582184382003,120.34085011878814
2010-07-30,1284.093412882099,871.8904538977991,321.37760442314953,400.9599347350856,119.42198423190418
2010-08-02,1290.3253247936454,897.9972677329752,322.3794676962155,396.5848227131231,120.8470074501553
2010-08-03,1307.1133843709576,893.6402451818401,327.5141029626053,401.07069546022996,121.02276980129261
2010-08-04,1292.2330858497783,887.5966706135248,325.7107261399061,397.9139767663598,121.65241379100564
2010-08-05,1280.7866893105931,873.049950367381,326.18661692740756,397.1940193771693,121.19075380745099
2010-08-06,1271.9475350852272,864.9684105249299,325.6606215106626,406.4980470468159,121.01609954456487
2010-08-09,1263.6806837070596,866.2684851648613,324.2579899971898,405.7227219708057,122.05956017804588
2010-08-10,1256.4313445116052,868.0604868942623,324.03257649354504,412.20233847351994,121.49333794529802
2010-08-11,1250.5173786262799,869.5713966208,330.79525677705243,416.35592904519393,120.60116394893538
2010-08-12,1236.9724534152294,889.9859848067811,338.00876406784926,422.3924772958259,120.5088341249465
2010-08-13,1245.2393047933972,897.7864326463689,336.05511921978035,421.2848446928779,121.30199717698223
2010-08-16,1242.441294863845,892.79696917325,329.793370572806,422.50323802097023,120.54998548078481
2010-08-17,1234.492474410704,884.7856862470559,337.232314298428,428.15213640934974,120.45765565679596
2010-08-18,1226.7979258797347,902.3893544044034,340.76394539673174,430.3119832254162,121.90381946070215
2010-08-19,1242.8228300953106,890.161691435259,338.91046394478906,431.0319152631017,123.26210752084484
2010-08-20,1257.3851825902689,884.7856862470559,350.006265945053,434.6870952473787,123.04962616687396
2010-08-23,1242.441294863845,901.7217850242911,388.7539070431859,447.86779900008594,123.33552379929131
2010-08-24,1236.7180965942525,894.3078788997876,380.7889908319994,451.79986812147126,122.48117689401343
2010-08-25,1230.8677199141716,897.1187989284213,376.581096291581,444.32340509245824,121.53004608452127
2010-08-26,1216.432630728507,906.4301564945467,382.54228595663557,447.48017448933825,121.87600861831933
2010-08-27,1207.7206549136297,926.3528175910579,388.9292388487676,454.40280854112484,120.33640690217308
2010-08-30,1205.6221262417644,944.5889266703892,386.12397582182194,455.8980910063254,120.48658545104026
2010-08-31,1169.0573144406605,939.9860049123547,381.3400270977759,455.39968041892854,120.19623373839752
2010-09-01,1190.6782385153406,940.9347306331656,390.0813930783837,469.5772560494395,121.74140848663065
2010-09-02,1192.2679686464467,928.6016179518002,390.2316840349338,469.964931263197,122.05956017804588
2010-09-03,1177.3240809200229,940.9698590912941,384.1703309737531,470.46334185059396,121.90938162917871
2010-09-06,1211.5996813323338,949.1919127662591,382.3418903708419,471.0725385146401,124.07974628689948
2010-09-07,1223.872737539694,951.2650064985236,379.8372092569965,472.18019646909306,124.68156857061939
2010-09-08,1220.4388355576998,952.5650811384547,379.1859866639134,458.2795099756904,124.76722813788051
2010-09-09,1219.1033773487652,952.8813015994466,376.10520550407955,454.29202246447556,125.48362891949554
2010-09-13,1262.2817211916863,971.4336311397697,376.8566144244692,463.87301532574526,128.15236169999423
2010-09-14,1256.7492905378265,981.2368514575294,385.7482713616271,485.63778935890866,128.94329771191727
2010-09-15,1289.4986651254703,988.7210788361253,384.2204126718161,484.0317715200686,130.39836967627417
2010-09-16,1272.2654811114485,983.6613584467494,378.3343914162171,476.7214115515146,129.68084994279764
2010-09-17,1306.6046707290038,981.904485175477,383.66939933722006,474.61693242226784,130.93233785002417
2010-09-20,1324.473746795468,986.7885632742103,401.8284406029112,488.5729866024902,133.05708620807096
2010-09-21,1316.5248414435216,986.5425997294756,397.7207323897993,485.5270539852692,133.69338959090143
2010-09-22,1297.3203920669282,985.6992593830499,394.5397649026589,481.428831100415,133.29180537233776
2010-09-23,1268.831579129454,1001.1947053500046,392.2354564434267,482.09339545128086,132.5920802325421
2010-09-24,1273.9188853466042,1009.9086861144394,395.3913830815356,484.7517035577542,133.8991898245342
2010-09-27,1284.792979038591,1024.5257276146756,394.9405102118852,498.1539794637599,134.2852064895297
2010-09-28,1269.9126805174114,1024.631112989061,391.60929763055555,493.2804061513906,134.14837931772834
2010-09-29,1270.5485725698538,998.8405196148768,383.29369487702525,477.38602660539044,133.2984756290655
2010-09-30,1255.60468484343,986.718242020118,375.4790466912084,461.6577501198492,134.15839556643027
2010-10-01,1281.8677906985506,987.3507472799371,378.50972322179877,463.0976648982302,136.68250110292803
2010-10-04,1294.5223821373763,979.8665199013411,379.0858003366068,460.38398910493726,137.0395988372895
2010-10-05,1302.153256564296,977.2312421633501,383.16844476950666,465.8667083783429,136.73589574758097
2010-10-06,1328.9886652666146,973.4715964139057,380.46336806986767,467.0851017064352,137.64031303275823
2010-10-07,1321.6121476606718,972.803962695958,377.18223718660096,470.24182040030536,136.16855456297162
2010-10-08,1334.966220357184,957.4490948993526,374.2266832031052,468.02660589741924,135.79367309853959
2010-10-11,1359.8303636969313,956.5706904326343,372.7489062113574,459.774792440891,136.51452796037998
2010-10-12,1342.533590477665,955.6570931699516,372.77396999156934,459.5532709906024,135.51444572284996
2010-10-13,1364.7268173995433,969.8524644969749,381.16469529219427,462.59920360782337,138.69600609144356
2010-10-14,1346.857741333079,952.2487963396275,362.2542451061135,453.4059366633211,137.43784792748932
2010-10-15,1323.1382885865337,941.9185204742696,348.2279299713853,445.0987555199733,134.88592068499844
2010-10-18,1332.1682104276322,958.7842979974125,350.25674322890967,449.6953889922245,135.18183456611771
2010-10-19,1328.289184008928,949.1216558500021,354.53976031642276,446.76019174864285,134.09942788969047
2010-10-20,1334.7118635362071,949.0162061377813,357.7958732818383,453.2397828998522,133.0937943472942
2010-10-21,1375.6645002967743,955.7976713403011,361.15217257456044,459.4424849139532,135.75028383897828
2010-10-22,1375.855267912507,944.3781559216183,360.4258045032023,474.1738895216907,134.9615640035576
2010-10-25,1386.729361604494,946.486378112011,362.32939058438853,476.8321976281639,135.845948791331
2010-10-26,1397.5397811924313,930.5692619718437,355.416419344331,470.40797416377427,135.31643469780641
2010-10-27,1389.781728355023,912.5088595209902,351.70945644044565,465.0913579508277,133.77348698968598
2010-10-28,1376.109624733484,916.268505270435,360.7764681143656,466.2543835921004,133.21838909389126
2010-10-29,1394.2330576209254,916.409019102949,365.7107307261422,463.0422972114105,133.88584931107872
2010-11-01,1390.3540312022212,927.1609651415196,378.10897791257236,468.4142304081669,136.10737070972945
2010-11-02,1367.0161136871413,934.9262845229788,387.1008441082173,468.3588627213472,136.13963563233762
2010-11-03,1354.8702358902697,934.9614129811073,383.51910838067,469.02342707221305,137.06295559944695
2010-11-04,1405.4250973391336,961.6304108220099,380.88917715930603,460.10704926481907,139.76171539883083
2010-11-08,1414.0734839487666,949.1567843081306,371.22104752154644,452.90752607592424,139.57038549412536
2010-11-09,1409.8765115038414,939.8806195379691,372.72386536232585,456.78417680747987,140.20112670847925
2010-11-10,1401.8004277414063,947.3296541206012,378.58484576889333,457.559527234995,139.62600717889094
2010-11-11,1373.4387932144205,926.0014686719377,374.2517240521368,451.6891327478318,137.81384834378287
2010-11-12,1350.4824958296115,916.86581773429,365.9111033807554,445.87410594748843,135.08615875015465
2010-11-15,1341.3889847832686,923.7175398530669,369.34252522057216,441.8866691392834,136.19748435721593
2010-11-16,1310.6108755581963,908.9248560621883,363.4063993357296,431.86263337743645,133.24063776779752
2010-11-18,1313.7268315139697,901.089279764472,370.1690796192369,440.77901118483044,133.46534068336237
2010-11-19,1267.0510813826154,887.983212328609,356.9943826633855,435.0747704611362,131.05135956453435
2010-11-22,1287.400136453605,911.279041797316,359.22354564434266,427.2106322183657,133.71453017655648
2010-11-23,1266.2243368156346,894.3430073579161,353.36256523777513,405.83348269595,132.04031746511126
2010-11-24,1266.7967245616383,876.6339538261832,350.9330066710243,401.1260884985546,130.50515896558005
2010-11-25,1245.748018435351,862.1222977003325,336.9818599457517,373.60163000036255,129.03674648776763
2010-11-26,1223.9363267449385,872.0660961884416,334.4771559007259,381.24422144133956,127.97326422049305
2010-11-29,1269.7854172081177,873.5418774568508,340.78898624576334,381.6318966550971,129.70976887343167
2010-11-30,1253.5061561715647,875.1230440996455,338.1590550243994,383.95792258613744,130.43730485561014
2010-12-01,1257.5759502060016,903.9002641309411,349.63056148485816,425.9368712034536,132.62211811503758
2010-12-02,1286.0011739382317,923.3661909339465,343.5441675746459,427.2106322183657,133.75235726764123
2010-12-03,1279.3241375899754,927.3366717699973,337.55793706055977,427.26599990518537,133.33184863992486
2010-12-06,1297.4475704774168,927.9691126919811,334.87790120995226,417.131254121204,133.31961621472058
2010-12-07,1310.9288215844176,940.2319684570895,331.1459203882157,408.87946601618086,132.97030768894834
2010-12-08,1297.9562841193706,945.3970742208508,339.48654105959713,412.20233847351994,131.34950048576633
2010-12-09,1252.1071936561916,928.7421317843142,337.28241892767153,395.14490793474215,128.29697808038486
2010-12-10,1302.2168457695402,929.0232237871775,340.9893589003765,406.0550041462387,130.31827227748963
2010-12-13,1324.9188712321777,933.3099894220557,340.0375773253736,406.1103971845632,131.43737622952983
2010-12-14,1342.0884660409554,935.9803956181752,338.5347594845942,415.9128607931117,132.24834473885673
2010-12-15,1340.3714726005555,930.2530415108519,352.33563818449716,421.45097310484186,131.09585691234685
2010-12-16,1344.123320608771,934.610064061987,350.4070112542794,420.17721208992987,132.35179889979872
2010-12-20,1343.9961421982825,916.6901754436475,346.34940767041104,407.2180297875112,132.31397180871397
2010-12-21,1364.8539958100316,914.2656684544274,342.34190871578625,403.1198069026571,133.50650290281098
2010-12-22,1343.1058933248632,917.2172309912459,348.6537390608237,405.8888757342746,133.14496195183446
2010-12-23,1347.3665398738383,913.7386129068293,344.8215489806001,401.5691313991318,133.04706995936903
2010-12-24,1347.7480751053035,909.8735817829992,336.85660983823317,392.98503576717076,133.75013022752853
2010-12-27,1342.0884660409554,913.2466858173595,333.82593330764274,392.43123214144924,133.44977312979418
2010-12-28,1332.7405981736356,906.4652849526751,332.62367444878316,385.0655298375805,133.403048741869
2010-12-29,1333.630847047055,915.9171563513145,335.17846019187203,385.9516409902399,134.83475308045817
2010-12-30,1336.937570618561,909.7681320707784,330.21917966224436,373.60163000036255,135.7580730475675
2010-12-31,1346.4762061016136,905.2705956871293,329.81841142183754,379.2505030372371,136.4844900778845
2011-01-03,1342.533590477665,908.5031858889756,330.5948841224392,391.65590706543907,136.9984366178409
2011-01-04,1369.8777128219376,904.4624481366677,327.38887578626714,386.3392908524925,136.7481390363956
2011-01-05,1368.2243934855871,889.7751497201746,316.8691509008113,387.1146412800076,135.26748326976855
2011-01-06,1380.6882173086804,862.4737109572882,309.95617966075383,378.309024197758,134.5655419534705
2011-01-07,1354.997414300758,847.3999351635463,309.054479783814,380.7457855024377,131.3695221195599
2011-01-10,1314.362723566412,825.2636021644213,303.2435810753095,371.2756040693222,128.2157725933491
2011-01-11,1289.3078975097376,832.6071870348324,305.47276698744713,363.63301262834517,128.02109669666945
2011-01-12,1310.992410789662,833.9072616747637,310.03132513902887,353.9412843934361,130.44953728081444
2011-01-13,1291.3428369763587,844.3429872523426,299.51160025357296,343.7511455711301,127.97214526863155
2011-01-14,1273.7281177308714,828.5664492825246,297.4827869960486,343.14194890708393,125.80623469113614
2011-01-17,1269.1495251556753,822.2769111694745,293.35003793390524,348.07088990627295,125.81068877136153
2011-01-18,1265.2704987369711,822.5228747142094,295.253601083911,347.7939754176597,127.35251752762046
2011-01-19,1246.5747630023316,814.3710779555013,292.69881534082214,347.4063255554071,126.61831128871424
2011-01-20,1233.4749622279908,797.1188230551095,288.29054814579047,346.630975127892,127.07552805565383
2011-01-21,1255.0323819962318,776.9150056178994,296.00501000430074,363.0791836511187,126.73957090694743
2011-01-24,1235.7006693103447,799.8946146256145,301.1646861197221,365.3498165438344,127.77969641206457
2011-01-25,1219.039788143521,794.4132884008613,316.06763735117806,373.04780102313606,126.53710580167849
2011-01-27,1198.9450898935083,782.7126166414797,318.9480458563988,364.0760555289224,124.68823882734713
2011-01-28,1161.1719982939585,796.13496887617,316.8190462715678,370.2233645046988,122.63802569960835
2011-01-31,1169.1844928511491,827.688044815806,307.0757711555332,373.213954786605,122.4989714876943
2011-02-01,1138.915182166836,826.9501541816014,290.7952521908163,359.75631119377954,120.5255206303762
2011-02-02,1171.728145959724,830.3584510119256,297.38260066874204,360.9193368350522,120.85479665874456
2011-02-03,1200.47123081937,840.0562859552998,298.35942309277647,354.9935239580595,122.96285851136166
2011-02-04,1170.0747417245684,837.4561366754373,294.77771029640957,353.3320877293899,120.04828222964304
2011-02-07,1181.584727468998,839.4589091536093,298.0087824127936,357.09802843881124,120.0538443981196
2011-02-08,1164.0335974287548,792.8321217580668,300.2630091739627,356.54422481308967,118.197188215199
2011-02-09,1162.8254025291142,771.047137678062,293.0244381029539,349.6769330966179,116.8845164547303
2011-02-10,1144.1931711009136,769.0794293201831,293.3249970848737,345.0802996243668,116.26711575383189
2011-02-11,1157.2929718752544,778.7772642635573,292.0225518987075,348.29241135656156,118.14045844218217
2011-02-14,1163.4612945815568,785.5236010079487,302.39198582761327,363.4668588648762,121.38876483249454
2011-02-15,1197.6732208898181,794.2375817723836,302.5172359351318,368.6726890011735,121.94498168015076
2011-02-16,1200.7891768455913,786.0857850136754,302.3168403493382,367.2327742227926,121.96056009732925
2011-02-17,1213.2530855674895,781.0260646242997,308.27803001439275,364.0206878421027,123.40116173275888
2011-02-18,1189.8515788471655,754.4624521577824,296.4308190937391,357.76259278967706,121.45440276596209
2011-02-21,1216.3054523180185,775.9663442349238,295.30370571315456,351.7814375773696,122.78153399174778
2011-02-22,1252.5523180929013,764.44137910402,285.6606169244265,337.88075108396697,121.68245167350113
2011-02-23,1266.287926020879,763.3170110925666,281.903572322478,336.1639218169728,120.97382923686506
2011-02-24,1226.289212237781,744.7646172144082,270.3318795347126,326.1953044449554,117.08810051186074
2011-02-25,1228.8964545516,736.7533986260495,270.05636140182435,324.5892612546105,117.99695015004275
2011-02-28,1226.3528014430249,759.943842720371,277.24485077477004,331.1242454441444,118.65774011050247
2011-03-01,1257.6395394112458,770.203861669472,292.7238561898537,344.3603422351763,122.86384756703472
2011-03-03,1243.0771869162875,758.5383183682188,285.93613505731474,345.96641077702617,123.17311282521983
2011-03-04,1249.182005316151,755.7273983395852,290.54477490695956,348.45856512003047,123.22984259823664
2011-03-07,1242.6320624795778,741.6725408450759,278.8227911626441,340.09599093835806,121.54784067820215
2011-03-08,1252.6794965033896,765.2846551126102,281.42768153497656,343.2527349837332,122.83047455617535
2011-03-09,1263.9987146320864,762.6142489164906,276.26800541955515,340.92670905269284,123.05741537546322
2011-03-10,1252.4251396824127,775.9663442349238,272.1853609866553,337.2161613815962,122.24311173777242
2011-03-11,1261.7094183444883,791.9887814116413,273.437701543578,338.21303325939994,121.15404566822774
2011-03-14,1295.1582741898187,789.0372832126584,285.7608032517331,343.1973419454086,123.06853971241634
2011-03-15,1319.1956729625851,762.1925787432777,285.88605335925166,335.4439644277823,121.2474835804678
2011-03-16,1331.7230859909223,764.0197089308074,288.81654356253546,344.1388207848877,122.6157770257021
2011-03-17,1311.055999994906,765.5657471154734,287.51409837636925,339.15451209887897,121.18073755874906
2011-03-18,1262.9176132441287,759.3816587146443,279.9499045432287,336.1639218169728,119.55770331545436
2011-03-21,1259.4837112621344,758.8194103710822,282.4546085882545,333.2287245733912,119.3585733385493
2011-03-22,1271.3752322380292,763.1764329222173,283.3813493142259,331.1242454441444,120.4509854000682
2011-03-23,1288.6720054572952,766.4090231240635,286.6875439777045,334.6686393517722,121.92829517472109
2011-03-24,1284.9201574490796,767.2522991326537,289.1671842425184,337.88075108396697,122.8660746071474
2011-03-25,1305.6508326503401,775.5446740617111,296.7564189246905,344.5264959986452,125.79956443440841
2011-03-28,1304.5061420571385,784.8208388318726,294.85285577468466,349.56617237147356,126.53377067331462
2011-03-29,1300.7542940489227,797.8918421474425,306.8002530226449,358.9255930794448,127.6261827348335
2011-03-30,1313.1545286667715,793.8159115991707,307.3512892884214,375.81686985475363,128.76753536077996
2011-03-31,1334.2667390994975,818.8334858810218,306.4996940407251,368.6726890011735,129.7932014005801
2011-04-01,1318.1146564734331,823.7526924378835,303.5190992081978,368.6726890011735,129.62188226605787
2011-04-04,1336.2380893608745,837.3858797591803,299.6618682789427,363.2453374145876,131.45518168682102
2011-04-05,1332.4226521474145,833.450527381258,298.20915506740675,359.8670972704288,131.49077087418277
2011-04-06,1328.861486856126,837.948063764907,302.0663859966619,361.5839011859181,131.08362448714254
2011-04-07,1325.1096388479104,819.676761889612,307.47653939593994,371.774040008224,130.94902435545384
2011-04-08,1302.2168457695402,808.0112829261941,301.615536058192,370.1679968178791,129.97675296030664
2011-04-11,1278.5609822282393,795.221435951323,294.3018195089081,360.2547471326814,128.72415696482895
2011-04-13,1299.546099149282,812.3683054773293,301.1646861197221,368.11888537545195,131.52303579679096
2011-04-15,1298.4649977613246,804.0759305482718,300.2630091739627,365.0729274067261,129.5885092551985
2011-04-18,1283.4575208296567,807.8707690936801,295.1283739075729,356.821113950198,127.4648798490132
2011-04-19,1286.637065990674,813.9143436619953,303.1183538989714,367.6758424748748,127.72407472729894
2011-04-20,1304.7604988781152,829.7962670061988,309.40514339497736,369.7803216041216,130.19145049077989
2011-04-21,1323.4562346127548,855.0949332909132,310.4571112972868,367.01125277250395,130.9267756815476
2011-04-25,1283.7118776506336,852.8461329301709,309.8058887042037,368.5619282760292,130.69983486225973
2011-04-26,1273.2829932941618,854.1110791119738,315.5917465636766,367.84197088683874,130.56411577870958
2011-04-27,1254.1420482240073,875.3338791862518,316.31811463503476,375.20767319070745,129.79653652894396
2011-04-28,1236.7180965942525,893.1834465504987,317.9211188031208,374.76463029013024,128.7185947963524
2011-04-29,1251.1532706787225,865.2143740696648,315.3663330600319,376.42606651879976,127.91875062397861
2011-05-02,1226.9886934954673,852.8461329301709,317.29493705906924,380.2473749150407,126.84636019625329
2011-05-03,1200.47123081937,826.2825204636538,315.26612380154484,378.9736139001288,123.81943245675224
2011-05-04,1205.240591010299,870.41467262939,327.8647436425882,385.28705128786913,123.1942425472646
2011-05-05,1208.1657793503393,871.25794863798,322.2792813689089,381.6318966550971,121.47442439975566
2011-05-06,1214.6520480828628,858.0464314898961,333.6506015020611,390.8251889511043,123.51240510229013
2011-05-09,1220.057300326234,855.0949332909132,328.1152209264449,381.24422144133956,123.50461589370087
2011-05-10,1209.1832066342472,855.3760252937766,326.38698958202076,380.5242640521491,123.28546428300227
2011-05-11,1215.160761724817,844.1321521657361,330.06888870569423,386.3946838908172,123.81497837652687
2011-05-12,1202.5061702859912,848.7702667197346,330.92048395339054,386.5054446159615,122.05956017804588
2011-05-13,1205.6857154470088,856.3598794727161,330.8202976260839,380.5796570904737,123.36333464167413
2011-05-16,1201.8702782335488,834.7154092252254,326.78773489124717,377.58906680856745,122.34545781046324
2011-05-17,1170.9014013927438,779.7611184424968,323.20602209488027,371.940193771693,121.00942928783711
2011-05-18,1146.9911810304657,770.203861669472,309.8058887042037,355.49195989696136,120.60116394893538
2011-05-19,1164.351543454976,780.6043944510868,309.45522509304044,351.6152838139007,120.76802900323224
2011-05-20,1174.1445357590055,770.0632834991225,313.4377061298141,353.3874807677146,122.06401425827124
2011-05-23,1156.5934057187624,751.6514677913134,315.2410829525133,351.17224091332344,119.84359008426142
2011-05-24,1164.6694894811972,746.7323255722871,310.53225677556185,347.4063255554071,120.02826059584947
2011-05-25,1152.2692548633484,737.5966746346395,302.44209045685676,335.7762719547202,119.00704863627469
2011-05-26,1187.689460970056,771.4687435134393,308.67877532361916,340.8713160143682,120.41761238920883
2011-05-27,1202.442581080747,795.361949783837,314.6650058377053,354.88278858442015,121.8359653507322
2011-05-30,1194.048551292091,780.1827886157096,314.2141558992353,353.9966774317607,121.76921932901345
2011-06-01,1204.1594896223414,791.5671755762639,316.8691509008113,363.63301262834517,124.4145844837444
2011-06-02,1209.564741865713,790.1616512241118,314.915483121562,367.2327742227926,123.4879293882712
2011-06-03,1188.6432990487197,787.0696391926148,311.183479368645,359.1471145297334,122.74037177229917
2011-06-06,1192.6495887767173,775.4040958913616,306.5998803680317,354.05207047008537,123.08077213762066
2011-06-07,1218.7218421172997,776.8096202435139,307.5767027920661,353.4982414928589,123.61696735148331
2011-06-08,1207.2118563728704,759.1005667117809,312.96181534231266,356.7657462633783,122.96508555147435
2011-06-09,1213.316674772734,745.4673793904843,307.0507303065016,353.3320877293899,122.8360367246519
2011-06-10,1201.234301282301,750.1054296066474,303.5190992081978,347.4063255554071,122.05177096945663
2011-06-13,1177.1969025095345,756.0084903424486,308.07765735977955,358.03950727829033,121.98502494773788
2011-06-14,1159.0734696220932,758.9599885414315,309.1546661111206,357.76259278967706,122.37883082132261
2011-06-15,1145.3378616941154,754.321873987433,310.1064706173039,366.1805346581692,121.19965110429143
2011-06-16,1128.8041589377801,756.4300961778259,315.4414556071265,363.18996972776796,120.07053090354928
2011-06-17,1104.893938575502,747.1539314076643,316.0425965021465,370.500278993312,119.39528147777256
2011-06-20,1059.7443293700096,720.1687131057698,314.4145285538485,360.80855075840293,116.98130035894454
2011-06-21,1079.3303988768737,719.7470429325572,309.70570237689714,358.3163964153986,117.38066840100585
2011-06-22,1075.705644380341,733.0991382509903,308.4283209709429,354.3843526455183,117.43517113390998
2011-06-23,1107.119645657856,743.9213412058181,309.17972989133256,364.1868162540667,118.36294518124468
2011-06-24,1108.2642513522521,766.8306932972763,317.9461596521523,373.1585870997853,121.72805710956483
2011-06-27,1108.455018967985,798.8756319885466,332.59863359975157,385.12092287590514,122.95952338299779
2011-06-28,1107.8827161207869,800.5622483435621,326.48717590932733,378.0321097091447,123.37556706687845
2011-06-29,1125.8789705977397,785.2425090050854,322.55479950179716,375.9830236182226,124.60259012369632
2011-06-30,1142.730619380296,770.9065595077126,325.73576698893766,373.10319406146067,125.64715884542854
2011-07-01,1096.245551965869,776.8096202435139,323.1809812458487,374.26619435122836,125.19774215068848
2011-07-04,1104.4488141387924,779.339448269284,324.0826581916081,374.321587389553,125.71613190725996
2011-07-05,1075.896411996074,777.2312260788913,330.1189704037573,375.76147681642897,125.30675848010704
2011-07-06,1084.7355662214395,766.6901151269269,326.13651229816406,373.04780102313606,125.15880697135256
2011-07-07,1107.3740024788328,772.8742678655915,332.64873822899517,379.2505030372371,127.46154472064933
2011-07-08,1087.2156301247705,779.0583562664208,335.2536056701471,374.98615174041885,125.94195377468634
2011-07-11,1085.244364762199,789.8805592212484,334.17659691880607,374.82002332845485,124.95077969760706
2011-07-12,1078.1857082836718,791.7076894087779,334.7025694043706,376.03839130504224,122.94950713429584
2011-07-13,1100.6969661305768,806.6058229118773,335.0031283862904,378.7520670983352,124.2688600151026
2011-07-15,1110.5535476398504,783.9775628232825,336.6562371836199,373.10319406146067,124.17207611088834
2011-07-18,1103.4313868548845,778.496172260694,337.0319416438148,373.6569976871822,123.85947572433938
2011-07-19,1118.5024529917969,777.6528962521039,336.6562371836199,372.6047581225588,124.89403906097994
2011-07-20,1114.3689848533102,773.4364518713182,334.3769695734193,369.11573190175073,123.85947572433938
2011-07-21,1094.8465894504957,778.6367504310433,330.97058858263404,361.916183361351,123.2932534915915
2011-07-22,1110.7443152555832,785.945206843326,335.10333764477747,361.5839011859181,125.34792069955567
2011-07-25,1122.8266038472104,786.7885471897515,336.28053272342504,361.750054949387,126.37913804422207
2011-07-26,1108.3914297627407,778.0745664253167,331.79712005011834,353.7197629431475,124.0330218989743
2011-07-27,1094.8465894504957,776.6690420731645,329.9687023783876,356.8765069885226,123.40894007773781
2011-07-28,1064.9588139976481,779.1989344367701,327.8146619445251,352.2798481647665,122.09516022901794
2011-07-29,1053.0037038165092,756.8517663510386,329.54289328894924,348.9569757074274,121.96723035405701
2011-08-01,1056.6919626194806,768.5172453144564,328.26551188299504,345.1356926626914,122.74147986055036
2011-08-02,1064.8952247924037,777.0907122463773,329.59299791819274,346.0771715021705,121.40099725769883
2011-08-03,1049.3153601147321,778.6367504310433,333.500310545511,352.2244804779468,120.24962838305046
2011-08-04,1033.1632774886677,767.9550613087297,344.94677615693826,364.8514059564375,118.62547518789428
2011-08-05,1007.281706865013,778.7772642635573,351.80966569893263,368.89421045146213,115.9434018939401
2011-08-08,992.846532780543,795.7836199570496,352.135265529884,375.9830236182226,113.8798373891355
2011-08-09,973.3241373777284,802.2488003607423,346.70007128157437,374.15543362608406,112.86418759803729
2011-08-10,982.7991836555366,785.6641148404627,347.5015848312076,361.1408582853408,114.82540603015107
2011-08-11,982.0997023978499,780.1827886157096,345.59799875002136,359.1471145297334,114.32035678703511
2011-08-12,967.7281175186245,784.8208388318726,346.0738895375228,358.5379432171922,112.86641463814998
2011-08-16,965.5024104362706,768.5172453144564,344.5710716967434,355.9903958358632,112.03986771164458
2011-08-17,960.2244215021932,779.0583562664208,343.39387661809576,347.24017179193817,112.50264664706076
2011-08-18,942.6732914619499,776.5285282406505,340.2880546092303,344.6372567237895,110.00077892085893
2011-08-19,931.6720193594746,775.8257660645745,341.5153543171215,349.178497157716,107.8092845410934
2011-08-22,962.7679897119627,805.2002985597252,346.14903501579784,354.4951133706626,108.99179938648847
2011-08-23,973.2605481724843,782.8531948118291,344.7213626532935,351.9475659893336,110.10646012191361
2011-08-24,968.2368311605783,783.9775628232825,343.4940629454024,351.559916127081,108.77153968753868
2011-08-25,958.3166604460605,793.5348195963074,345.0970671134884,341.2036235413061,107.6746844094047
2011-08-26,914.9475489874065,781.307156627163,336.05511921978035,337.43770818338976,105.63224962664488
2011-08-29,960.2880107074374,772.8742678655915,339.96243184709857,342.5327522430378,109.45457832190463
2011-08-30,995.3265966838738,740.1265669982452,337.9336415207546,339.04375137373466,111.26561820515124
2011-09-02,1024.3877124685464,741.8131190154252,341.9160996263479,353.3320877293899,112.13331648749497
2011-09-05,1003.2755020358202,722.2769352961627,333.07452438725306,349.95384758523113,111.6260510678766
2011-09-06,1044.8004416435858,733.5207440863678,336.1553055470869,350.39689048580834,112.67395491797268
2011-09-07,1060.0622753962307,737.7371884671535,336.731382661895,351.2276086001431,114.01666456093686
2011-09-08,1084.1632633742413,734.0829924299298,337.60801875862285,350.50765121095264,114.65297880737766
2011-09-09,1050.205693886957,737.0344906289127,331.9223701576369,346.24329991413447,112.56605754041561
2011-09-12,1025.4687289576984,733.9424142595805,330.39451146782596,350.12000134870004,110.05973573398842
2011-09-13,1030.4924459696042,725.369011665495,328.96681617414123,351.06148018817913,109.9295896825251
2011-09-14,1049.7605694502474,733.0991382509903,330.8202976260839,354.71663482095124,111.5225860433243
2011-09-15,1063.6233557887135,732.5369542452637,337.33250062573455,350.6738049744216,112.92759849139216
2011-09-16,1050.0785154764685,772.1715056895154,330.41955231685756,342.7542990448313,113.11782030784647
2011-09-19,1044.86403084883,757.4139503567654,332.4483426432015,343.5296241208415,111.95421900799376
2011-09-20,1083.3366037060664,735.066782271034,333.12460608531615,342.7542990448313,114.36263795834523
2011-09-21,1065.2767600238694,733.8019004270665,332.2980746178318,341.2036235413061,114.20800532925269
2011-09-22,1000.0959568748028,724.666249489419,330.294302209339,343.5850171591661,109.54468110578081
2011-09-23,980.0647629312289,724.666249489419,329.29243893627296,346.79712889136096,108.30098240714356
2011-09-26,965.5659996415147,716.0927825574981,329.9687023783876,343.36347035737253,107.58123563355436
2011-09-27,1013.8952389068303,728.320509864478,329.59299791819274,348.34777904338125,110.60372015644033
2011-09-28,1013.8952389068303,738.0183448078523,320.52598624427276,346.13253918899017,110.03971410019486
2011-09-29,1027.2493116033424,754.8841223309952,328.91673447607815,346.79712889136096,111.58711588854067
2011-09-30,1028.0759712715178,747.9972074162545,324.5084672810465,344.9695388992224,109.98075728706536
2011-10-03,1002.4488423676452,753.478597978843,340.4132817855685,352.5013696150551,107.89494410835452
2011-10-04,981.3366319349191,742.234789188638,337.6330596076544,353.2767200425702,106.17400700898409
2011-10-05,975.4862552548382,741.9536328479392,335.4790421049723,350.78456569956586,105.71011998531674
2011-10-07,1021.1445781022846,743.3591572000914,335.2536056701471,353.7197629431475,108.7526261419963
2011-10-10,1054.6570231528592,771.047137678062,336.8065281401701,347.18477875361356,110.78949875627957
2011-10-11,1051.7954240180632,754.0407819845698,338.2342005026744,342.4773845562181,110.67269321827176
2011-10-12,1080.6021829817585,760.5060267260977,336.5810917053449,341.9235809304966,113.45488554480407
2011-10-13,1077.10469179452,744.3430113790308,327.8647436425882,341.03746977783715,112.97543096756854
2011-10-14,1102.5410530826598,749.824337603784,328.3406573612701,337.88075108396697,114.18686474359761
2011-10-17,1060.4438106276962,757.4139503567654,316.8190462715678,324.3677398043219,113.87427522065894
2011-10-18,1042.7655021769644,741.2509350096985,321.57797707776274,323.6477824151314,112.07769480272933
2011-10-19,1072.1445639878582,753.7596899817063,324.68379908662814,326.5275866203883,114.33927033257747
2011-10-20,1066.6757225392428,749.4027317684066,321.77834973237594,322.26323532357014,113.28802049050721
2011-10-21,1062.923874531027,746.029563396211,322.83031763468546,322.04171387328154,112.35469513830625
2011-10-24,1076.595978152566,776.8096202435139,322.6549858291038,323.59238937680675,113.43152878264664
2011-10-25,1114.051038827089,778.35565842818,329.31747978530456,327.7459799484807,115.50621762440436
2011-10-28,1144.6382955376232,800.5622483435621,319.148418511012,326.6937403838573,119.26847055467313
2011-10-31,1116.0859782937102,780.4638806185728,311.88478365979114,322.31862836189475,118.50978860174797
2011-11-01,1094.5286434242744,780.7449726214362,315.09079199596323,326.7491080706769,116.98241931080604
2011-11-02,1108.7729649942062,783.8369846529331,315.01566944886855,327.7459799484807,116.99354364775918
2011-11-03,1126.7056302659148,781.307156627163,315.8422009163529,332.50876718420074,117.15595462183066
2011-11-04,1119.138345044239,778.0745664253167,312.76144268769946,332.61952790934504,117.56644700084509
2011-11-08,1123.9077052351681,780.8854864539502,302.2917995003067,331.51189530639704,117.6810254987402
2011-11-09,1100.0609891793288,762.1925787432777,285.3600579425067,318.8849951794113,116.16143455277721
2011-11-11,1126.006149008228,746.7323255722871,279.8998228451656,311.1870107001097,115.0000602930372
2011-11-14,1115.0048769057528,734.2235062624438,275.5165964991655,306.97802709011114,114.54396247795908
2011-11-15,1095.6096599134266,727.4772338558879,269.730761570873,305.2058301362973,112.76740369382306
2011-11-16,1078.6308327203817,739.1427128193056,258.45962776502745,296.7325205809855,111.92084599713439
2011-11-17,1030.110910738139,723.2607894751021,254.7276240121104,292.7450584212756,109.79164355886223
2011-11-18,1027.7580252452965,730.2881538845215,260.9643088788728,301.21839332809236,109.14754010383221
2011-11-21,1000.0959568748028,708.6437479748662,253.04947436574935,297.0094097180938,106.31195313264696
2011-11-22,1011.3515857982552,707.94098579879,261.44019966637427,301.43991477838097,107.06840804545944
2011-11-23,983.6258433237118,693.0429166335259,250.69506127727362,291.415904368039,104.71227565150971
2011-11-25,958.698195677526,708.0815639691393,259.8121546492567,293.46501581046607,104.79236218668397
2011-11-28,996.8528225085411,735.6289662767606,268.25298457912515,297.95088855757285,107.93498737594165
2011-11-29,972.9426021462631,727.8988396912653,264.4959399771766,290.58518625370414,106.90710515963913
2011-11-30,989.7941660300141,749.824337603784,269.4802842870163,290.142143353127,107.50670040324634
2011-12-01,1016.184450295623,748.6999695923306,263.56919925120525,286.4869887203549,109.83836794678743
2011-12-02,1032.7817422572025,753.6191761491923,279.273641101114,296.51097377919194,112.35913835492133
2011-12-05,1026.041116703702,756.992344521388,278.3218595261111,296.89864899294946,112.11440294195259
2011-12-07,1029.920143122406,768.2361533115931,275.2661192153087,296.28945232890334,112.63613869049824
2011-12-08,990.5573213917503,749.68382377127,275.6418236755036,295.1818197259553,109.98965458390579
2011-12-09,961.1146703756125,734.7856902681706,277.7708232603346,299.1692818856652,108.27762564498613
2011-12-12,925.2493398321955,723.5418814779655,272.3105881629935,298.0616492827172,106.00603386643603
2011-12-13,944.0722539773233,717.9199127450277,271.00814297682723,306.6457449146783,106.80698612706101
2011-12-14,943.5635403353693,708.5032341423522,257.8084051719443,298.67084594676334,105.97599598394054
2011-12-15,954.0560138970856,705.8327636083972,265.32249437584136,297.50784565699564,105.59999556764699
2011-12-16,918.06350494318,703.5840275854903,264.39575364987,295.68025566485716,103.49193371502989
2011-12-19,935.1695105467134,694.5889548181922,262.89293580909055,294.0188194361876,102.63535976963931
2011-12-20,907.3802637657311,710.8925483356084,250.7702067555487,293.9080587110433,101.10242831022083
2011-12-21,951.3216780715832,734.2235062624438,257.9837140463455,298.5046921832944,104.41636177039042
2011-12-22,959.6520337561894,743.6402492029547,261.189745313698,303.43363318248345,105.3218871438189
2011-12-23,949.2867386049619,736.4723066231861,253.725737807864,302.54754738132897,104.88024879405778
2011-12-27,957.7443575988623,738.2994368107156,252.32310629439118,288.9237500250346,105.69232539163586
2011-12-28,939.9388707376422,734.2235062624438,247.96494372860306,280.28428670625385,104.69780532258241
2011-12-29,905.4089135043542,724.806763321933,239.77459108259134,279.7304830805324,103.3729011369094
2011-12-30,881.3079255263434,721.2930811172232,239.34878199315298,281.059611782264,102.88453839922312
2012-01-03,921.6246702344682,739.8454106575463,236.8190370990956,277.7367393249249,106.02160142000423
2012-01-04,910.8141657477255,749.68382377127,235.79211004581765,279.78585076735203,105.67341184609349
2012-01-05,889.6383661097552,735.76954444711,230.38197957772,280.39504743139815,105.68009296643154
2012-01-06,912.5946634945643,718.6226749211037,238.6975594000699,283.2748769881601,105.77242279042042
2012-01-09,898.2231635141441,722.9796331344035,234.96557857833332,282.6656803241139,105.52100625711363
2012-01-10,936.3141162411097,734.2235062624438,241.8033814089353,286.54235640717457,107.89605219660572
2012-01-11,951.6396240978044,729.7259698787948,254.226669444397,293.1881013218528,108.1496957700252
2012-01-12,937.2044500133344,724.666249489419,256.7063326403913,295.56949493971285,107.48890580956547
2012-01-13,930.718181280811,730.007061881658,254.80276949038546,296.06793087861473,108.26204722780763
2012-01-16,906.7443717132887,720.3092269382838,253.1246198440244,291.96973334526547,108.43780957894494
2012-01-17,943.7543079511022,736.7533986260495,263.16845394197884,298.39395680965504,110.51583354906653
2012-01-18,991.7019270861466,754.0407819845698,268.4032755356752,301.0522395646234,110.25997379914467
2012-01-19,999.2057080013834,764.0197089308074,271.60928387184725,301.7168292669942,111.65274295839791
2012-01-20,1008.1084514319934,775.6851878942251,280.4758999599736,304.20898360999854,112.32465725581076
2012-01-23,981.2730427296749,773.9986358770449,273.23732888896484,308.0856596930592,112.27237069940901
2012-01-24,996.7892333032969,770.7660456751986,278.69756398630597,307.9748989679149,114.07674032592787
2012-01-25,1005.9463335548837,766.1279311212002,290.3444022523464,313.90068649340265,114.76533026516009
2012-01-27,1043.401394229407,782.2910108061025,289.19224802273027,320.38027764461197,115.79767742529829
2012-01-30,1010.7791980522516,775.2635820588476,282.73012672114277,311.2423783869294,113.18567441781641
2012-01-31,1039.2044217844816,775.9663442349238,286.6123984994294,319.8818417057101,115.6764178070651
2012-02-01,1057.1370870561902,765.8468391183368,280.5259816580367,300.7199573891905,116.48738631639199
2012-02-02,1054.6570231528592,776.2474362377872,288.39073447309704,303.59978694595236,117.24828444581954
2012-02-03,1066.1670088972887,791.7076894087779,288.46587995137213,301.273761014912,118.4931020963183
2012-02-06,1059.4263833437883,796.3458039627764,287.38887120003113,304.43050506028715,119.28960027671789
2012-02-07,1074.115914249235,804.6381145539984,284.4082763675038,300.3876752137575,118.70001041820228
2012-02-08,1091.7306334947223,796.064711959913,289.59299333195673,301.8829576789582,119.4342166571085
2012-02-09,1085.9438460198855,790.7238995676739,299.9373864118309,300.9968465262987,120.41761238920883
2012-02-10,1072.4625100140795,791.9887814116413,299.6618682789427,305.37198389976624,119.73346566659167
2012-02-13,1080.0934693398046,789.458953385871,295.40389204046113,305.4273515865859,119.92480643490748
2012-02-14,1079.648344903095,776.1068580674378,299.7119729081862,303.43363318248345,120.49992596449577
2012-02-15,1064.0684802254234,784.6803249993586,302.5673176331949,306.4242234643896,123.07855596111827
2012-02-16,1033.2904558991563,790.7238995676739,312.0100337673097,298.4493244964748,122.85606922205578
2012-02-17,1040.603384299855,790.5833213973244,310.1815931643986,299.94460696167533,123.79829187109719
2012-02-21,1072.8440452455447,820.3795240656879,307.5767027920661,302.15987216757145,124.751649720702
2012-02-22,1059.9350969857421,822.6283244264301,312.4107790765362,306.86726636496684,122.48673906248999
2012-02-23,1067.8204131324444,816.1630796849023,328.79148436855957,314.06681490536664,121.996149284691
2012-02-24,1042.8290913822088,799.859486167486,328.79148436855957,306.2580697009207,120.79472089375356
2012-02-27,993.8640449632563,790.0211373915978,330.4445931658891,302.93519724358157,117.49970097912635
2012-02-28,1013.0049051346055,796.6268959656397,326.9630666968288,305.53811231173023,119.5977465830415
2012-02-29,1043.8466035649221,824.174298273261,331.7470383520553,314.34372939397986,119.81356306537623
2012-03-01,1031.3826948430237,810.119505116587,330.0438478566627,307.5318560673376,118.80235649089308
2012-03-02,1035.3889845710216,791.0049915705372,332.498447272445,307.5872237541573,119.23843267217764
2012-03-05,1014.2767741382958,797.4701719742299,333.6756423510927,307.0334201284358,117.48078743358397
2012-03-06,987.6321330517098,794.3780956048975,335.0031283862904,310.2455318606306,116.1914724352727
2012-03-07,968.8727232130209,784.1180766557965,330.294302209339,302.27063289271575,116.14809403932172
2012-03-09,984.1346418644712,795.221435951323,332.7739654053333,305.59350535005484,118.66441036723023
2012-03-12,1015.6121474484248,780.4638806185728,332.1227428122501,305.15043709797266,119.2428758887927
2012-03-13,1042.8290913822088,808.2923749290576,334.2517194659007,305.75963376201884,120.79917497397894
2012-03-14,1035.8976982129757,825.720336457927,341.465249687878,305.37198389976624,121.56452718363184
2012-03-15,1013.1956727503383,805.481454900424,334.3268649441757,302.1044791292468,119.70898995257274
2012-03-16,982.2904700135828,767.5334554733523,332.7489016251213,302.8798295567619,118.31622079331949
2012-03-19,960.3515999126816,766.4090231240635,333.4001471493848,298.3385637713304,116.96238681340219
2012-03-20,967.2829930819146,765.4252332829594,343.29369029078913,299.1692818856652,117.3584197270996
2012-03-21,976.8216285649671,763.3170110925666,348.3531800789039,299.83384623653103,119.36302741877469
2012-03-22,936.5049687556478,760.5060267260977,340.51346811287505,295.1818197259553,116.32608343057169
2012-03-23,946.2979610596772,751.6514677913134,341.0645043786516,296.51097377919194,117.43295495740757
2012-03-26,928.5560634037014,736.0506364499734,333.3250016711098,291.1390152309306,115.34268769847138
2012-03-27,929.7642583033419,746.3106553990743,334.30182409514424,289.6991004525497,116.65313241882738
2012-03-28,922.9600435445972,724.5256713190696,334.2016377678376,287.70535669694226,115.57629877448699
2012-03-29,921.6246702344682,731.974770239537,344.5710716967434,281.33652627087724,115.22254703209968
2012-03-30,954.6284016430891,754.321873987433,350.78271571447425,290.9728614674617,117.81896075879277
2012-04-02,941.8465468949695,758.5383183682188,344.3206173440671,288.4253394376377,118.31622079331949
2012-04-03,957.2992331621526,768.0956394790791,353.5879787414199,295.07108435231595,119.21951912663526
2012-04-04,950.0498090678927,771.047137678062,350.2317023798782,291.1390152309306,118.42746416285073
2012-04-09,943.8814863615906,755.5868201692358,340.8891725730699,284.1055951024948,116.4584565221477
2012-04-10,944.517378414033,743.9213412058181,334.3769695734193,278.06904685186277,116.66314866752931
2012-04-11,928.8104202246783,742.3753030211519,335.8797874141987,278.06904685186277,116.29048337959964
2012-04-12,945.3440380822082,733.9424142595805,340.58861359115014,280.00737221764064,117.40291707491208
2012-04-13,955.8365965427296,733.0991382509903,339.56168653787216,278.678243515909,115.85886127854046
2012-04-16,951.4488564820715,728.320509864478,339.86224551979194,279.7304830805324,116.27602391428265
2012-04-17,949.2867386049619,756.2895823453119,344.0701400602104,283.77331292706197,117.68881470732946
2012-04-18,952.084748534514,762.6142489164906,349.88103876871486,290.8621007423174,117.91797170311969
2012-04-19,943.2455943091481,765.2846551126102,348.05262109698407,289.809861177694,118.6388265649601
2012-04-20,929.5099014823651,750.52709977986,348.77896623716185,291.9143403069408,117.71439850959958
2012-04-23,936.4413795504036,752.9164139731163,337.9586823697862,287.4838352466537,115.7064556895606
2012-04-24,934.9151537257363,754.321873987433,344.4458445204053,292.191254795554,116.19703460374926
2012-04-25,936.4413795504036,743.9213412058181,343.76958107829057,288.0376642238802,115.73760166030729
2012-04-26,947.569745164562,742.5158811915013,331.12085660800375,283.1087232246912,115.44836889952606
2012-04-27,943.6907187458578,738.1588586403662,332.02255648494355,287.09618538440105,115.48396895049811
2012-04-30,947.6333343698062,759.1005667117809,335.9549328924738,294.1295801613319,116.7643757883586
2012-05-02,945.6620690072347,751.9325597941769,329.3926252635796,287.15155307122075,116.56413772320238
2012-05-03,939.6845139166652,745.4673793904843,331.4464793701355,286.65311713231887,115.43501752246024
2012-05-04,923.9138816232609,729.163785873068,326.8127757402787,285.1024669802986,113.17566903272478
2012-05-07,910.2418629005273,732.5369542452637,343.7194764490471,293.631169573935,113.78305348492125
2012-05-08,900.8939950332076,725.9311956712218,340.8140270947948,293.631169573935,111.24226144299381
2012-05-09,884.0423462506512,719.7470429325572,345.0970671134884,295.68025566485716,110.68269860336339
2012-05-10,882.8341513510105,729.163785873068,352.78648812296706,294.40649464994516,110.48024436170478
2012-05-11,886.7131777697148,714.1251385374546,350.8077794946862,290.4190578417402,109.66148664378863
2012-05-14,866.4912162104081,707.3788017930633,357.59550062722514,291.96973334526547,109.19203745164472
2012-05-15,866.9363406471177,700.491951216158,365.05948520187866,294.90493058884704,109.97074103836341
2012-05-16,859.8777690673962,696.9782690114483,376.7564280971626,296.23408464208364,108.08962000503419
2012-05-17,871.3877548118255,691.6374566192092,368.616157149214,297.45245261867103,108.35549600365799
2012-05-18,875.7119056672394,698.8053991989779,363.1308812028413,300.2769144886133,108.82828032416579
2012-05-22,878.9550400335012,688.5453802498769,364.7338853709273,300.7753250760102,108.13967952132326
2012-05-23,873.5497877901297,684.3289358690912,361.778354318612,302.60291506814866,107.58679780203092
2012-05-24,884.2967030716281,724.3851574865556,363.83220842516795,299.2800426108095,109.49462158949177
2012-05-25,879.0822184439895,722.5580272990261,366.16155773343166,294.35110161162055,109.47237291558551
2012-05-28,892.372786834063,713.5629545317279,358.7476548568412,294.46188768826977,110.92409888796826
2012-05-29,892.6271436550401,720.7308971114966,351.2085248039126,288.5360748112771,111.02310983229519
2012-05-30,898.2231635141441,708.6437479748662,346.09895331773475,281.059611782264,110.14762234136224
2012-05-31,897.3964189471635,711.7358243441984,349.48029345948845,283.1087232246912,109.55803248284664
2012-06-01,871.514933222314,691.9185486220725,347.902330140434,283.7179198887373,107.71918175721721
2012-06-04,881.0535687053665,714.1251385374546,358.9229866624229,287.81614277359154,107.86490622585903
2012-06-05,893.5173925284595,713.2818625288646,352.81152897199865,284.93631321682966,108.20197146281663
2012-06-06,910.4962197215043,731.6936782366737,353.4126469358382,281.2811585840576,111.17885054963894
2012-06-07,917.3004344802489,740.1265669982452,350.65748853813614,276.85065352377046,112.34801401796818
2012-06-08,928.0473497617475,726.6338935094624,351.80966569893263,275.1892172951009,112.76406856545917
2012-06-11,918.5722185851338,719.0443450943164,356.2930554410589,273.8600632418643,112.44702496229513
2012-06-12,919.4625523573586,734.92626843852,366.73763484823974,273.8046955550446,113.82198866425719
2012-06-13,911.0049333634583,755.3057281663725,366.88792580478986,272.08786628805035,113.94547532260306
2012-06-14,911.0685225687025,752.9164139731163,370.3694522738501,269.4295581815771,112.46148442761212
2012-06-15,924.2954168547265,747.7161154133911,371.9724564419361,265.940557312274,114.33704329246478
2012-06-18,914.3116569349642,739.8454106575463,369.9436431844117,267.26971136551066,112.6728468297215
2012-06-19,937.9039312710211,752.2136517970403,376.3055781586927,277.0168072872394,113.553896489131
2012-06-20,937.8403420657769,766.1279311212002,380.4132863718046,281.7242014846348,113.92544282519918
2012-06-21,914.0573001139873,773.5769657038322,382.492181327392,289.9206219028383,114.91440072577608
2012-06-22,904.2643078099578,785.6641148404627,382.2918086727788,290.0313826279826,114.49278400980853
2012-06-25,910.8777549529698,766.2685092915495,374.90294664521986,287.87151046041123,113.79417782187437
2012-06-26,920.1620336150453,779.4800264396334,375.42894206196485,288.20379263584414,113.93100499367574
2012-06-27,918.8902495101605,779.339448269284,375.6042738675465,286.59774944549923,114.40045418581965
2012-06-28,915.5835259386544,781.1665784568137,376.28053730966116,280.3396797445785,114.56175707163997
2012-06-29,938.412644912975,800.7027621760761,372.67378366426277,283.2748769881601,117.44852251097578
2012-07-02,937.8403420657769,804.7786927243478,374.27678783234876,283.3856377133044,117.44185225424802
2012-07-03,936.5049687556478,816.4441716877656,380.6888045046928,294.5726484134141,117.6498795279935
2012-07-04,933.8341372365843,800.0000643378353,377.5579416467958,292.4681439326624,117.97470147613652
2012-07-05,939.4937463009326,782.7126166414797,379.86225010602806,294.0188194361876,118.52535615531616
2012-07-06,934.5972076995151,783.2748006472065,382.56732680566705,298.89236739705194,118.29509107127474
2012-07-09,930.718181280811,781.307156627163,382.1665814964407,294.24036623798116,117.36508998382735
2012-07-10,940.7655304058175,785.6641148404627,385.17219424681906,294.9602982756667,118.92695123749016
2012-07-11,922.8964543393531,781.307156627163,389.1296115033808,296.12332391693934,118.05813400328493
2012-07-12,917.2368452750047,794.0970036020342,393.4627332201374,301.7721969538139,116.47737006769007
2012-07-13,913.8029432930103,801.4055243521522,387.27617591379897,300.4430429005772,116.29938067644008
2012-07-16,916.1558287858526,806.8869149147407,389.329984157994,300.166128411964,115.63192045925261
2012-07-17,914.8839597821624,798.0323559799565,377.40765069024576,300.9414788394791,115.53402846678718
2012-07-18,910.3690413110157,802.2488003607423,377.45773238830884,298.2278030461861,116.05575335172253
2012-07-19,925.6308750636608,800.1405781703493,389.0294481072546,303.65515463277205,116.64312703373574
2012-07-20,919.0810171258931,792.2698734145047,383.81966736258977,300.0,115.80657472213873
2012-07-23,914.4388353454527,791.1455054030512,374.552305965237,299.5569570994228,113.86760496393119
2012-07-24,921.4339026187355,799.2973021617593,372.7990108406009,298.8369997102323,114.09565387147023
2012-07-25,914.7567813716739,797.7512639770931,366.93800750285294,296.17869160375903,113.68182636409195
2012-07-26,903.1832064220004,777.0907122463773,360.9267361397353,289.2560575519725,112.20006250921371
2012-07-27,916.9824884540278,780.1827886157096,356.16782826472075,288.702228574746,113.46490179350602
2012-07-30,927.920171351259,778.0745664253167,367.28867111401627,293.96345174936795,115.68865023226942
2012-07-31,945.7256582124791,804.0759305482718,363.9824764505376,298.9477604353766,116.338315855776
2012-08-01,949.7318630416717,787.6318231983416,360.8265727436091,296.28945232890334,116.59417560569787
2012-08-02,940.5747627900846,778.2150802578307,355.21604668971787,292.3020155206983,116.3105050133932
2012-08-03,944.3902000035445,788.8967693801444,353.66312421969496,290.8621007423174,116.04241283826701
2012-08-06,999.7144216433373,791.2860835734006,345.04698541542524,285.4347491557315,117.52972799801154
2012-08-07,996.7892333032969,795.361949783837,341.9912451046229,282.5549195989696,118.73450238092316
2012-08-08,1005.7555659391511,792.1293595819907,352.3105973354656,283.66255220191766,118.76342131155715
2012-08-09,992.2106407281007,786.3668770165388,340.9392772023134,278.678243515909,118.42858311471223
2012-08-10,994.6907046314316,784.1180766557965,353.212274281225,277.2936964243477,118.37184247808511
2012-08-13,1002.3852531624009,788.615677377281,351.3087111312192,281.8903298965988,118.98368101050696
2012-08-14,1016.884016452115,803.2326545396817,347.1008165908008,282.333398148681,119.70565482420885
2012-08-16,1037.996226884841,799.1567883292453,344.49594914964877,277.45985018781664,119.31853007096218
2012-08-17,1037.9326376795968,792.8321217580668,341.23983618423324,279.17665410330585,119.39305443765988
2012-08-21,1035.5797521867544,806.8869149147407,339.38635473229056,279.06589337816155,120.61006124577582
2012-08-22,1027.376490013831,804.4976007214846,349.55543893776354,283.607159163593,120.42873672616194
2012-08-23,1010.4612520260304,791.8482675791273,351.80966569893263,280.06276525596525,120.48435841092757
2012-08-24,994.6907046314316,806.3247309090141,355.21604668971787,276.4629783100129,119.8469360762356
2012-08-27,1001.3677409796877,808.0112829261941,354.66501042394134,275.1892172951009,119.03596756690871
2012-08-29,994.7542938366757,774.2797278799083,352.81152897199865,270.31566933423653,117.64653353601932
2012-08-30,996.344108866587,775.2635820588476,348.6537390608237,272.7524306389162,118.25280989996463
2012-08-31,974.7230998931018,775.5446740617111,335.4790421049723,268.65423310556696,116.99465173601035
2012-09-03,970.4625382429322,765.7063252858228,341.540395166153,268.9311475941802,116.88897053495569
2012-09-04,991.511159470414,763.59810309543,347.6017711585142,270.20490860909223,117.33950618155721
2012-09-05,980.7642441889155,768.2361533115931,346.09895331773475,271.92171252458144,116.2648995773295
2012-09-06,977.0123961806999,771.8904136866521,347.9524118384971,274.0815846921529,116.5474512177727
2012-09-07,1006.9637608387916,774.841911885635,345.7482897065715,275.023063531632,118.85464304729483
2012-09-10,1007.3452960702572,782.4315246386165,343.143399334239,279.3981755535945,119.32965440791531
2012-09-11,1006.0099227601281,780.1827886157096,349.8559979196833,280.8380903319754,119.92035235468211
2012-09-12,1015.0398446012266,787.4912450279921,348.2028891223538,280.28428670625385,120.83254798483831
2012-09-13,1016.3752179113557,795.221435951323,355.3663147150875,282.00111597324803,120.92933188905255
2012-09-14,1070.554833856752,792.6915435877173,350.8578611927493,275.57689250885846,124.09531384046765
2012-09-17,1111.253028897537,789.458953385871,339.38635473229056,274.4692599059104,124.81506061405688
2012-09-18,1088.1694682034342,789.1778613830077,338.0839095461243,275.0784565699566,124.59368196324559
2012-09-20,1058.790491291346,801.4055243521522,345.9486623611847,274.856935119668,123.5746970437835
2012-09-21,1081.4288426499336,827.82855864832,347.9524118384971,279.89661149249633,126.62053832882694
2012-09-24,1063.6869449939577,807.168006917604,345.49781242271473,283.77331292706197,126.14108375159138
2012-09-25,1068.0111807481771,797.7512639770931,350.006265945053,281.5026800343462,126.23674870394413
2012-09-26,1074.370271070212,792.1293595819907,352.5109699900788,282.00111597324803,126.00425657979002
2012-09-27,1055.4200936157904,773.5769657038322,347.5015848312076,275.57689250885846,125.69388323335372
2012-09-28,1064.7680463819154,789.458953385871,349.35504335196987,277.45985018781664,126.8908575440658
2012-10-01,1060.0622753962307,781.307156627163,352.1603063789155,280.17352598110955,127.23571198961265
2012-10-03,1076.0871796118065,789.8805592212484,348.7038207588868,281.44728699602155,127.51271232518957
2012-10-04,1084.7355662214395,798.8756319885466,360.5259908305089,288.31455336098844,128.76642727252877
2012-10-05,1090.9674781329861,807.308520750118,357.1696915377868,287.04079234607644,127.86202085096181
2012-10-08,1042.1296101245223,792.9726355905808,356.01753730817063,288.0376642238802,126.28347309186931
2012-10-09,1036.9151254968835,789.458953385871,358.0713914147266,286.43159568203026,126.9197873383101
2012-10-10,1037.8054592691083,774.841911885635,352.3606790335287,286.26546727006627,125.75284004648321
2012-10-11,1042.8290913822088,786.9290610222655,353.4627515650817,286.70851017064354,126.99653874512047
2012-10-12,1041.4937180720797,779.0583562664208,351.80966569893263,284.99168090364935,126.28458118012051
2012-10-15,1046.7717919049626,786.6479690194021,350.5072205127664,283.2194839498355,126.53377067331462
2012-10-16,1033.2904558991563,784.961417002222,346.14903501579784,281.8903298965988,125.66051022249434
2012-10-17,1024.006177237081,786.9290610222655,345.0970671134884,284.3824842396032,125.9330564778459
2012-10-18,1031.8279041785388,783.6964708204192,347.7019574858208,285.65627060602014,127.23349581311028
2012-10-19,1021.0173996917961,785.6641148404627,340.2880546092303,287.31770683468966,126.46702465159588
2012-10-22,1037.296660728349,782.5721028089657,343.04321300693243,287.70535669694226,127.1990038503894
2012-10-23,1030.110910738139,775.9663442349238,349.2047753266002,288.14842494902445,126.6261004973035
2012-10-25,1030.6832135853372,777.6528962521039,351.1584201746691,288.20379263584414,126.93535489187828
2012-10-29,1031.7007257680502,770.0632834991225,343.24358566154564,288.31455336098844,126.05208905596639
2012-10-30,1021.5897025389943,767.3928773030029,338.7351321392074,287.7607497352669,124.54584948706922
2012-10-31,1024.4513016737906,754.7435441606458,338.18409587343086,288.5360748112771,125.03087709639162
2012-11-01,1026.4862411404117,744.4835252115448,338.5347594845942,288.09303191069984,125.5948722890268
2012-11-02,1027.5672576295638,747.0134175751504,336.6812780326515,290.7513400171731,126.76627366107904
2012-11-05,1025.2779613419657,749.68382377127,340.4383226346,288.6468608879263,126.91089004146967
2012-11-06,1024.3877124685464,751.6514677913134,342.09143143192955,290.3636648034156,127.36030673620971
2012-11-07,1018.5373357884654,749.9649157741334,340.48842726384356,291.8589472686162,128.15458874010693
2012-11-08,1013.1320835450939,745.6078932229983,339.7871229726973,294.07421247451225,127.67957737948643
2012-11-09,1001.7492762111531,722.8391193018895,339.03571405230764,290.3082971165959,126.51152199940836
2012-11-12,1000.4774921062683,718.2010047478909,333.9261196349494,289.64370741422505,126.45479222639156
2012-11-15,997.8702497924489,712.5791003527885,331.32122926261695,286.32083495688596,125.2822827660881
2012-11-16,985.8515504060657,724.9473414922824,329.6681433964678,285.76703133116445,124.01521644168312
2012-11-19,984.7705339169135,714.1251385374546,328.66625719222145,283.3856377133044,123.95625962855361
2012-11-20,973.3877265829727,708.2220778016533,327.0131713260723,285.87779205630875,123.9595947569175
2012-11-21,980.8278333941597,710.1897861595322,329.2673980872415,286.76390320896815,124.92184990336274
2012-11-22,974.0236186354151,705.8327636083972,326.5623213876024,285.21320235393796,125.2099745758928
2012-11-23,984.071052659227,706.1138556112605,322.0538678652642,286.93003162093214,125.18439077362267
2012-11-26,983.943789349933,702.7407515769003,316.0425965021465,287.37307452150935,125.39129909550665
2012-11-27,1000.668259722001,702.0379894008241,328.96681617414123,288.36994639931305,127.42817170978995
2012-11-29,1015.2942014222036,713.4223763613785,337.232314298428,289.975989589658,129.59852550390042
2012-11-30,1009.4438247421225,744.7646172144082,348.1527844931103,292.1358617572294,130.81886744038022
2012-12-03,1022.543540617658,736.8939124585635,344.54603084771185,290.0313826279826,130.62085641533668
2012-12-04,1048.8702356780225,745.6078932229983,350.3569295562163,290.6405792920288,131.02800280237693
2012-12-05,1058.9176697018343,752.4947437999035,359.3738366008928,290.9728614674617,131.27830038382223
2012-12-06,1073.2891696822544,755.3057281663725,361.2773997508986,292.5789300093116,131.95465789785013
2012-12-07,1061.4613228104095,752.7759001406023,358.8729049643598,292.689665382951,131.43181406105327
2012-12-10,1053.4488282532188,748.9810615951939,357.37008712358033,293.3542550853217,131.46518707191262
2012-12-11,1042.9562697926972,741.2509350096985,360.32561817589567,291.96973334526547,131.24047329273748
2012-12-12,1058.9176697018343,729.8665480491441,354.5147194673912,288.7576216130706,131.0001919599941
2012-12-13,1061.0161134748942,729.8665480491441,352.1102246808524,288.6468608879263,130.188115362416
2012-12-14,1067.375203796929,729.4448778759314,351.60927011313896,289.0899037885036,130.81330527190366
2012-12-17,1060.8889350644058,724.666249489419,345.5479170519583,289.42218596393644,130.33050470269393
2012-12-18,1057.3914438771671,720.3092269382838,350.90796582199283,289.2560575519725,131.19597594492498
2012-12-19,1067.6932347219558,743.9213412058181,358.3218686985833,289.975989589658,131.92573896721612
2012-12-20,1065.5947060500905,745.186287387621,350.5573022108295,287.81614277359154,131.63205212620952
2012-12-21,1049.5698018345147,734.0829924299298,344.4458445204053,287.6499890101226,130.10357474701638
2012-12-24,1043.783014359678,720.0281349354204,347.6017711585142,285.1024669802986,130.28267222651758
2012-12-26,1053.3852390479747,724.1040654836922,349.40514798121336,287.09618538440105,131.39177079346615
2012-12-27,1039.9674922474126,728.0394178616147,344.69632180426197,289.0899037885036,130.6019428697943
2012-12-28,1068.6470728006195,747.1539314076643,352.9618199285487,297.7847601456089,131.45295464670835
2012-12-31,1067.7568239272,753.338084146329,357.01942351241706,298.9477604353766,131.380646456513
2013-01-02,1078.440065104649,771.8904136866521,367.13840308864656,301.273761014912,133.34186488862682
2013-01-03,1094.7194110400071,786.5074551868881,366.93800750285294,300.7753250760102,133.70340583960336
2013-01-04,1096.1183735553805,800.5622483435621,374.7025739906067,311.40853215039834,133.85135734835785
2013-01-07,1089.4413372071244,809.5573211108602,386.22418508030904,311.51929287554265,133.23395664745945
2013-01-08,1081.8739670866432,815.4603175088262,381.46525427411405,311.63005360068695,133.52987052857875
2013-01-09,1084.4812094004628,821.3633782446275,386.4245577349222,317.1681659124171,132.8579562311659
2013-01-10,1081.1108966237125,849.6135427283248,381.5654406014207,316.9466444621286,132.79454533781103
2013-01-11,1068.2019483639099,821.7849840800047,371.4464610251912,315.39596895860325,132.40852867281555
2013-01-14,1077.931351462695,858.0464314898961,373.8509787429104,319.1065166296999,134.02711969949516
2013-01-15,1077.422637820741,864.5116762314242,385.9236031672088,329.57356994061917,134.75132055330974
2013-01-16,1095.482481502938,853.9705652794598,382.9179904168304,328.9089802382484,133.5332056569426
2013-01-17,1131.9201148935533,883.9072817803374,396.894200922315,349.89847989841144,134.36419580006307
2013-01-18,1144.8927372574055,949.2621696825161,435.7670921279666,386.893119829719,134.92485586433435
2013-01-21,1170.0111525193242,946.0295794806699,441.7282359306602,381.6872896934217,135.32310495453416
2013-01-22,1170.1383309298128,948.418893673926,434.6149378983505,369.28188566521965,134.57110412194706
2013-01-23,1173.9537681432728,936.6128365401589,425.3475306386368,361.0300975601965,134.7001420851592
2013-01-24,1164.4151326602203,945.4673954749431,416.6812872051237,347.6278470056957,133.92255745030198
2013-01-25,1160.1545710100506,958.819426455541,420.7389137201724,358.37178945372324,135.15290477187344
2013-01-28,1141.52233958185,941.5320430970206,416.5309962485735,352.8890448288127,135.1562399002373
2013-01-29,1122.8266038472104,936.8939285430223,410.2692705327796,343.8619062962744,134.60225009269377
2013-01-30,1143.8752250746925,951.5109700432583,410.1189795762295,347.4063255554071,134.73240700776736
2013-01-31,1127.6595532433837,954.8840740776186,411.22105210778255,362.5253800253971,134.26518485573615
2013-02-01,1137.0074211107035,933.8018521736899,423.4439674886311,373.10319406146067,133.46756772347504
2013-02-04,1127.7231424486279,915.6711928065796,419.5867594905563,363.9652948037781,133.2083728451893
2013-02-05,1112.5248979012274,915.5306146362303,412.5234972939487,368.22964610059626,132.5331234194126
2013-02-06,1113.6695035956236,904.4273196785392,419.1358866209059,368.61732131435383,132.58430188756316
2013-02-07,1110.172012408385,899.0865072863,411.6217974170089,361.3069866973048,132.13042024898743
2013-02-08,1098.2804914324902,881.5179675870811,402.154063365043,349.12312947089634,131.34504640554096
2013-02-11,1104.4488141387924,866.9009904246805,403.3062175946591,346.0217784638458,131.21934357069273
2013-02-12,1113.4151467746467,899.6486912920268,411.0707611512324,351.17224091332344,131.7677712097597
2013-02-13,1117.9301501445987,909.346526235401,402.204145063106,354.6612417826266,132.0002741975241
2013-02-14,1088.7418559494376,905.9733578632054,388.0776665322517,350.61841193609695,131.19932193689917
2013-02-15,1075.705644380341,907.2383040450081,380.2129137171914,348.6800865703191,130.9868405829283
2013-02-18,1077.8677622574507,893.4645385533621,380.0125410625782,346.1879322273148,131.227132779282
2013-02-19,1079.0123679518472,926.7744877642707,382.4671404783605,348.29241135656156,132.1504527463913
2013-02-20,1112.5884871064716,924.9473575767413,393.6380650257191,352.1137197528025,132.22497711308898
2013-02-21,1092.7480607786301,905.4111738574786,390.9830929553235,348.0154968679483,130.2048018678457
2013-02-22,1097.0722965328496,910.4708942468544,389.98122968225755,345.96641077702617,130.1614126082844
2013-02-25,1086.5797380723282,893.6051167237116,383.5692130099135,339.59755499945624,130.26042355261131
2013-02-26,1047.3440947521608,861.1385078592285,376.7564280971626,325.58610778090923,128.18239958248972
2013-02-27,1057.2642654666786,886.1560821410794,380.76394998296786,339.37603354916763,128.97333559441276
2013-02-28,1035.0710385448006,881.0962974138682,372.64871988405076,324.20158604085293,126.66280863652675
2013-03-01,1030.6832135853372,885.17222796214,386.22418508030904,331.0134847190001,127.25574448701651
2013-03-04,1033.481223514889,877.1610093737813,387.9774572737647,336.4962039924057,126.78406825475992
2013-03-05,1050.9687643498878,889.9508563486526,389.1296115033808,341.25899122812575,128.6918920422208
2013-03-06,1062.2879824785846,896.5566149226945,384.97182159220586,340.09599093835806,129.4561361636225
2013-03-07,1063.8777126096907,900.3514534681029,391.3838382645499,340.26214470182697,130.45064536906563
2013-03-08,1082.7007116536238,915.6711928065796,406.1615623196678,345.523342524944,132.28394478982878
2013-03-11,1074.0523250439908,913.4223924458373,400.60111796383956,347.57245396737113,132.2094095595208
2013-03-12,1078.3128866941604,913.4223924458373,397.4953188861546,343.917299334599,131.58088452166928
2013-03-13,1074.6882170964332,890.5130403543792,391.28367486842376,341.9235809304966,130.18144510568825
2013-03-14,1093.8290772677824,899.227021118814,397.996273453868,343.14194890708393,131.46630602377414
2013-03-15,1072.9712236560333,897.1187989284213,400.8015364808137,351.726044539045,130.6575645545599
2013-03-18,1061.0797026801386,892.9023545476355,392.83657440726626,344.1388207848877,129.82657441143948
2013-03-19,1049.251770909488,870.9768566351167,382.96807211489346,338.04687949593097,127.83977217705555
2013-03-20,1046.3265825694475,845.5376765178883,381.01440433564414,332.28724573391213,126.69284651902224
2013-03-21,1033.481223514889,837.8074855945575,369.54289787518536,331.40113458125273,125.89968346698652
2013-03-22,1030.9375704063139,831.0612131880017,366.73763484823974,321.26638879727136,125.73504545280234
2013-03-25,1029.2206618647194,854.3921711148371,372.84911546984443,309.52557447144017,125.34569365944299
2013-03-26,996.2805196613429,852.5650409273077,375.4039012129333,302.71367579329296,125.51812088221641
2013-03-28,982.9899512712694,875.3338791862518,378.40953689449213,311.90696808930016,126.42919756051111
2013-04-01,990.430142981262,868.1658722686478,377.70820967216554,311.68544663901156,126.91533325808473
2013-04-02,1009.6981815630995,891.6374083658326,378.40953689449213,315.39596895860325,127.88760465323192
2013-04-03,987.6321330517098,872.9445649929958,375.7044601948531,320.98947430865815,126.2145000300379
2013-04-04,976.1857365125248,864.7927682342875,370.24422509751196,313.29148982935646,124.03079485886161
2013-04-05,992.1470515228564,883.4856759449599,377.20727803563256,319.4387988051329,123.55244836987724
2013-04-08,1003.9749832935069,879.4097453966882,381.16469529219427,321.48791024755997,123.32329137408702
2013-04-09,988.1408466936638,853.9705652794598,373.1496744517642,317.8327556147879,122.25869015495093
2013-04-10,991.256802649437,851.4406729158543,370.19412046826847,318.4973199656538,123.67370798811044
2013-04-11,980.7006549836713,863.6683358849988,366.98811213209643,319.8818417057101,124.4590818315569
2013-04-12,986.1059072270427,868.0253584361338,375.05323760177004,321.98634618646184,123.00290177894877
2013-04-15,1009.316646331634,896.6971930930438,395.5416740380857,334.1702034128703,123.88951360683487
2013-04-16,1023.751820416104,932.9585761650998,407.3137165492839,335.6654858780709,126.57159776439937
2013-04-17,984.0074634539826,924.3851735710144,402.103935804619,333.78252819911273,126.56603559592281
2013-04-18,994.0548125789891,939.8454267420052,406.11148062160464,335.6101181912512,128.66630823995064
2013-04-22,1004.4201077302166,922.1363732102722,415.47905127744446,336.440836305586,129.8076608658971
2013-04-23,1022.1620053861924,917.6388368266231,414.0263151347281,340.428273113791,129.86328255066272
2013-04-25,1042.4475561507434,917.7794149969724,417.5329053840004,336.4962039924057,131.62982508609682
2013-04-26,1007.7904205069668,911.1736564229305,413.825942480115,333.50563906200443,130.63198075228982
2013-04-29,1008.1084514319934,924.3851735710144,415.07830596821805,334.3917248631589,131.35839778260677
2013-04-30,1002.4488423676452,918.3415990026992,415.0281784077941,331.6226813830463,131.93909034428194
2013-05-02,1021.1445781022846,924.5256874035284,417.63306878012656,335.4439644277823,133.477583972177
2013-05-03,1018.0922113517555,910.0492240736417,404.0576265150488,323.8139108270954,132.24611769874403
2013-05-06,1044.9276200540742,896.1350090873171,409.2172796992897,326.25069748328,132.84793998246397
2013-05-07,1053.258060637486,899.3675992891633,407.46400750583393,325.58610778090923,134.460968840667
2013-05-08,1055.1657367948133,899.9297832948902,410.1189795762295,323.20471416304923,135.03387219375293
2013-05-09,1040.4762058893664,903.8651356728126,410.56985244587986,326.30606517009977,134.60781226117032
2013-05-10,1033.9263479515987,917.6388368266231,415.8297148886078,338.48994774801315,135.6001052901111
2013-05-13,1021.2717565127731,901.8974273149336,410.36943392890583,332.01033124529886,133.05708620807096
2013-05-14,1015.1034338064708,918.4821128352132,410.51972488545584,335.9424003666842,133.3896973648032
2013-05-15,1041.6208964825682,941.8131350998841,416.6812872051237,343.5296241208415,136.75703633323604
2013-05-16,1069.1557864425733,949.8243536882429,422.69255856824134,344.9695388992224,137.27209096144364
2013-05-17,1062.605928504806,957.8356366144369,419.0357232247799,344.8587781740781,137.6592157146903
2013-05-20,1057.073497850946,935.207376525842,410.51972488545584,335.7762719547202,136.9828582006624
2013-05-21,1053.8303634846843,918.4821128352132,403.10584494004587,337.6038365953537,136.03061930291906
2013-05-22,1041.302950456347,925.2284495796046,390.38197499148396,324.5892612546105,135.59454312163453
2013-05-23,997.6794821767163,922.4174652131355,380.61365902641774,317.4450804010304,132.75894528683895
2013-05-24,1000.2231352852913,913.4223924458373,383.16844476950666,320.38027764461197,133.12604840629209
2013-05-27,1053.4488282532188,919.04429684094,378.15905961063544,320.21414923264797,135.34201850007653
2013-05-28,1072.6532776298122,938.7210587305517,381.3149862487444,324.9215434300434,135.9672084095642
2013-05-29,1078.3764758994046,941.5320430970206,379.46150479680165,323.42623561333784,135.81257578047163
2013-05-30,1064.259247841156,938.5805448980377,384.4208082576098,326.1953044449554,136.25198709012005
2013-05-31,1025.4687289576984,921.7147673748949,377.5579416467958,316.6143622866956,133.17945391455532
2013-06-03,1002.0673071361797,891.075224360106,368.54103460211934,314.95292605802604,132.14154458594055
2013-06-04,992.2742299333448,894.4483927323016,372.0476019202112,314.28833635565525,131.69991709978976
2013-06-05,1019.9999724078882,912.4385382668979,374.3519333106238,312.3500109898774,131.7978090922552
2013-06-06,1007.281706865013,910.4708942468544,373.7006877863603,306.3134627392453,131.74329549574077
2013-06-07,996.598465687564,897.5404691016339,376.9067190537128,299.1138888473406,130.84445124265036
2013-06-10,1003.9113940882627,902.4596756584957,366.98811213209643,295.12645203913564,130.7777052209316
2013-06-11,999.1421187961391,866.3387420811183,359.7245002120561,288.48070712445735,128.79311916305008
2013-06-12,1005.7555659391511,869.1497264475872,363.381358486698,288.14842494902445,128.1568157802196
2013-06-13,1004.4836969354609,868.868634444724,357.97120508742,277.68137163810525,126.79741963182573
2013-06-14,1036.0884658287084,874.9122090130392,369.59300250442885,278.95513265301724,129.2291953443346
2013-06-17,1049.95133706598,879.4097453966882,367.58925302711646,280.22889366792924,130.15585043980784
2013-06-18,1047.2169163416722,865.0738602371508,365.5353989205605,275.023063531632,129.34489279409124
2013-06-19,1057.7729791086324,868.1658722686478,365.4351896620735,266.5497539763202,129.53734165065822
2013-06-20,1014.9126661907382,841.7428379724801,352.01003835354584,266.5497539763202,125.83627257363166
2013-06-21,1008.3628082529705,865.0738602371508,349.004402671987,260.1809235502552,126.09769449203007
2013-06-24,1008.1084514319934,839.9157077849505,339.5867273869037,242.62505707257552,124.37564930440846
2013-06-25,1022.289183796681,875.3338791862518,345.59799875002136,246.55712619396078,124.79503898026331
2013-06-26,1022.0348269757039,867.0415042571944,349.2047753266002,245.67104039280636,124.3411682052979
2013-06-27,1055.6109461303283,900.2108752977534,346.29932597234796,247.49860503343993,126.42475434389607
2013-06-28,1097.0722965328496,930.709840142193,367.63933472517954,260.01476978678625,129.981207040532
2013-07-01,1126.4512734449377,921.9958593777582,375.05323760177004,262.06388122921334,131.24159224459896
2013-07-02,1108.8365541994503,904.848989851752,372.2479745748244,262.06388122921334,130.3227154941047
2013-07-03,1082.1283239076204,874.4905388398264,358.0713914147266,249.99075937644423,128.3948700728503
2013-07-04,1095.8640167344035,868.868634444724,367.28867111401627,248.55086994956827,129.8644015025242
2013-07-05,1119.647058686193,888.4048181639864,366.08643518633704,249.49232343754238,130.55299144175643
2013-07-08,1102.604642287904,854.1110791119738,346.34940767041104,240.35442417985982,129.29927649441723
2013-07-09,1112.5884871064716,849.3324507254613,346.24922134310447,243.1234930114774,130.35498041671286
2013-07-10,1088.6782667441935,832.4666732023184,335.6794147595855,242.73584314922482,129.41386585592267
2013-07-11,1106.5473428106577,856.6409714755795,339.9874956273105,246.16945098020327,132.0481066737005
2013-07-12,1131.856525688309,833.5910412137717,344.5961354769554,247.77551952205314,133.69228150265022
2013-07-15,1140.6320907084307,832.3260950319691,341.1396498569266,251.81834936858274,134.17729824836232
2013-07-16,1145.4014508993596,842.5861139810701,347.6518528565773,254.14434994811813,132.49641528018935
2013-07-17,1163.6520621972893,845.5376765178883,342.84284035231923,249.38158806390302,132.89799949875302
2013-07-18,1166.57725053733,884.4694657860639,344.1953672365485,253.369024872108,134.33860113418262
2013-07-19,1174.7805127102533,890.934710527592,347.3012121765944,249.60310951419166,134.14170906100057
2013-07-22,1156.1482812820525,863.949427887862,346.90044393618757,248.93851981182084,134.19954692226858
2013-07-23,1156.7842582333003,877.4421013766448,353.4126469358382,249.99075937644423,135.22298592195605
2013-07-24,1156.529816513518,866.9009904246805,348.7038207588868,247.2217158963316,133.28068103538462
2013-07-25,1132.8739529722168,858.6086154956229,350.8077794946862,243.95421112581218,131.43404110116597
2013-07-26,1132.110882509286,853.4083169358977,351.0081521492994,247.3878443082956,130.96014869240696
2013-07-29,1126.4512734449377,836.5425394127549,341.03946352962004,235.92394447107762,129.7464770126549
2013-07-30,1090.3951752857881,789.0372832126584,311.88478365979114,216.4851456659447,128.04222641871416
2013-07-31,1109.0909959192327,817.1469338638417,324.3581763244964,226.95219897686397,127.75188556968176
2013-08-01,1081.047307418468,783.8369846529331,305.1221033762838,216.59590639108904,127.4370690066304
2013-08-02,1090.3951752857881,781.1665784568137,290.3945068815899,213.82683755947144,126.32574339956912
2013-08-05,1095.7368383239152,776.9501340760279,282.3794631099794,215.2667523378524,126.49260845386598
2013-08-06,1069.6645000845274,751.5109539587994,261.9411542340877,213.66070914750748,123.30771295690852
2013-08-07,1109.5997095611867,766.6901151269269,274.1640696149362,216.4851456659447,122.7926583287009
2013-08-08,1100.9513229515537,767.6739693058663,276.5184827034119,216.54051335276444,123.82832975359268
2013-08-12,1075.5148767646083,781.7287624625403,284.3832355184723,221.80173652738634,124.86845525870982
2013-08-13,1084.7355662214395,772.8742678655915,286.5873576503979,222.41093319143252,126.80186284844079
2013-08-14,1100.124578384573,811.9466353041165,305.0720216782207,237.9730559135047,127.75855582640949
2013-08-16,1051.4138887865975,764.0197089308074,290.7451475615728,233.09950795264035,122.54236074725561
2013-08-19,1043.2106266136743,736.3317284528367,288.9417707388736,230.44119984616708,120.47100703386175
2013-08-20,1049.6969802450033,721.2930811172232,298.20915506740675,232.93335418917144,120.17510401635279
2013-08-21,996.598465687564,704.7083955969438,284.98435348231186,233.8748330286505,117.97470147613652
2013-08-22,1025.2143721367215,757.9761343624921,295.90482367699417,232.26878983830557,120.33084473369652
2013-08-23,1042.2567885350106,777.7934100846179,301.66564068743554,236.20083360818592,121.73918144651796
2013-08-26,1046.199404158959,753.478597978843,305.87351229667354,237.8069021500358,121.84486264757264
2013-08-27,1021.5897025389943,728.8826938702047,290.64496123426625,230.49659288449172,117.63875519104039
2013-08-28,1032.4637962309812,685.0316337073319,267.4514710294919,230.10891767073414,117.58424159452596
2013-08-29,1075.0061631226545,699.0864912018412,270.6073976676008,232.26878983830557,120.34418524715203
2013-08-30,1085.9438460198855,700.351437383644,273.5128470218531,231.93650766287263,121.74028953476915
2013-09-02,1127.7867316538723,706.5355257844733,276.9192280126383,232.93335418917144,123.49682668511164
2013-09-03,1056.882730235213,705.8327636083972,267.4514710294919,229.11204579293042,118.84018358197783
2013-09-04,1080.2206477502932,723.4013033076161,271.35880658799056,233.43179012807326,121.21300248135722
2013-09-05,1097.0086224287998,759.2410805442948,287.83969820732057,246.3356047436722,124.43572506939947
2013-09-06,1103.9401004968386,810.4005971194504,300.2129045447192,257.02417950488,126.38136508433475
2013-09-10,1132.365239330263,822.7688382589441,299.0106456858596,247.5539980717645,131.19486785667377
2013-09-11,1129.058515758757,813.2115814859193,312.9868561913442,253.92282849782953,131.5597439360142
2013-09-12,1113.3515575694023,784.1180766557965,304.3706944558941,253.1475034218194,130.17032076873514
2013-09-13,1110.2991908188735,794.6591876077608,305.7232442713039,258.02105138268377,130.16809372862247
2013-09-16,1095.991195144892,807.308520750118,318.44709128868533,256.8026580545914,129.94448803769848
2013-09-17,1091.4126874685012,786.2262988461894,314.2893013775104,258.40870124493637,130.15919643178202
2013-09-18,1108.963732609939,795.361949783837,316.3431554840663,254.97506806245292,131.25494362166478
2013-09-19,1132.6831853564843,841.0400757964039,337.0319416438148,259.23941935927115,136.06287336191693
2013-09-20,1121.61840894757,813.773765491646,338.58486411383774,247.77551952205314,133.76125456448167
2013-09-23,1112.0161842592734,774.841911885635,324.0075356445135,245.00645069043557,131.03912713933005
2013-09-24,1112.3341302854944,771.6093216837887,315.94241017483995,243.178886049802,131.09920290432103
2013-09-25,1079.8391125188277,785.5236010079487,306.07388495128674,239.19142389009212,130.68537539694273
2013-09-26,1066.1034196920446,778.496172260694,309.78084785517217,229.22280651807472,130.87226208503319
2013-09-27,1068.2019483639099,771.3282296809253,329.2172934579979,233.98559375379483,129.7809689753758
2013-09-30,1045.945047337982,752.9164139731163,331.8722655283934,230.21967839587845,127.60281510906574
2013-10-01,1044.7368524383414,737.3155826317761,326.9630666968288,226.67528448825072,128.5984432663704
2013-10-03,1077.168280999764,749.1216397655433,335.92986911226177,230.10891767073414,131.48299252920384
2013-10-04,1086.6433272775723,744.061855038332,342.09143143192955,234.3178759292277,131.42958702094057
2013-10-07,1073.4800221967926,747.9972074162545,353.51285619432525,235.31474780703144,131.40400321867045
2013-10-08,1074.624627891189,755.5868201692358,342.34190871578625,233.09950795264035,131.89903621308449
2013-10-09,1094.9101786557399,769.3605213230464,340.8891725730699,230.10891767073414,133.65780040353968
2013-10-10,1093.765488062538,769.3605213230464,343.69443560001554,230.44119984616708,133.95815750127403
2013-10-11,1098.0261346115133,777.3718042492405,339.5867273869037,228.11519926663166,135.63237021271928
2013-10-14,1106.865288836879,774.4203060502576,343.29369029078913,224.18313014524637,135.99947333217239
2013-10-15,1103.6857436758614,773.5769657038322,343.7445402292591,222.24477942796358,135.47328350340132
2013-10-17,1119.647058686193,790.1616512241118,348.7038207588868,219.36494987120167,134.5121473088176
2013-10-18,1151.8241304266387,797.0485661388525,362.8804039189846,221.35869362680913,137.70483201436429
2013-10-21,1161.4263551149354,801.827194525365,363.4815448140046,220.5279755124743,138.05191350002383
2013-10-22,1149.9799585757505,804.0759305482718,361.67814506012496,225.12460898472546,138.00407016023718
2013-10-23,1140.5049122979422,793.3943057637935,356.76894622856037,224.01697638177743,137.46009660139555
2013-10-24,1124.925132519076,797.7512639770931,357.6205414762566,220.63873623761862,137.14861516670805
2013-10-25,1128.1046776800936,798.1729341503059,349.45522967927644,220.63873623761862,136.7158741137874
2013-10-28,1132.8739529722168,806.1841527386646,347.45148020196405,221.46945435195343,135.74138654213783
2013-10-29,1140.5685015031863,816.8658418609784,351.9098290950588,220.08490726039213,138.40677333066233
2013-10-30,1142.2854949435864,811.2438731280404,362.32939058438853,221.74634348906173,139.09203900514098
2013-10-31,1163.3341161710682,825.579822625413,360.2254318485891,223.79545493148885,140.1477320638263
2013-11-01,1155.1308539981446,808.9951371051336,356.46838724664053,228.05980622830702,140.3268404069378
2013-11-05,1156.9750258490333,797.8918421474425,373.6005243902341,239.30218461523643,139.12429306413887
2013-11-06,1142.8577977907844,792.2698734145047,370.5447840794318,239.41297069188568,138.2788434557014
2013-11-07,1126.7056302659148,797.4701719742299,358.2216823712767,232.7118327388828,137.65810762643912
2013-11-08,1114.051038827089,779.6205402721474,352.56107461932237,236.25622664651053,136.62354428979856
2013-11-11,1098.7256158691998,759.5221725471582,339.7370183434538,224.95845522125654,135.24523459586229
2013-11-12,1084.3540309899743,747.2945095780137,340.38824093653693,220.3618217490054,133.89362765605765
2013-11-13,1073.9251466335024,755.7273983395852,333.82593330764274,218.86653928380477,133.26065940159106
2013-11-14,1083.1458360903334,759.2410805442948,344.79650813156854,219.4203429095263,134.7413043046078
2013-11-18,1112.5248979012274,784.3992329964952,353.1621925831619,224.90308753443685,137.69704280577506
2013-11-19,1117.103405577618,779.6205402721474,346.14903501579784,226.84141290021472,138.01631344905178
2013-11-20,1096.9450332235556,777.7934100846179,336.18034639611847,222.96473681715403,136.22640328784993
2013-11-21,1077.9949406679393,760.2249347232342,331.7219975030238,220.19566798553646,133.47090285183893
2013-11-22,1073.0984020665219,782.0098544654036,333.4752696964795,222.1894117411439,133.39081631666468
2013-11-25,1083.2094252955778,810.5411752897996,348.05262109698407,228.00443854148736,136.05843014530188
2013-11-26,1069.9188569055043,807.168006917604,325.4602488560494,222.63245464172115,134.80694223807538
2013-11-27,1065.721884460579,814.8981335030994,330.8202976260839,221.13717217652052,134.76244489026288
2013-11-28,1078.440065104649,820.6606160685513,334.42705127148236,221.63558276391743,135.53558630850503
2013-11-29,1085.117101452905,840.7589837935407,340.6386952892132,222.68782232854082,137.4100370851065
2013-12-02,1087.7879329719685,828.9529909976087,346.04884868849126,225.4568911601584,138.3389192206924
2013-12-03,1096.1819627606249,821.9255622503541,350.7075931673796,224.01697638177743,137.9829404381924
2013-12-04,1088.7418559494376,806.4652447415281,351.35881576046273,224.12773710692173,137.07297184814888
2013-12-05,1107.7555377102983,817.7091178695683,359.02317298972946,227.45060956426087,138.85620088901268
2013-12-06,1102.2866962616827,826.5636768043527,364.98436265478404,227.33984883911654,139.27447161300603
2013-12-09,1117.8664760405488,857.4842474841695,366.08643518633704,231.10578954853787,141.58833369925594
2013-12-10,1125.1159001348087,837.8074855945575,358.37195039664635,226.34300231281782,140.89751671991104
2013-12-11,1122.5086578209894,820.2390102331741,350.7576748654427,228.22595999177597,140.342407960506
2013-12-12,1106.7381104263904,796.3458039627764,350.65748853813614,224.404651595535,138.76608724152618
2013-12-13,1099.7430431531077,787.0696391926148,342.69254939576916,220.69410392443834,137.23871795058426
2013-12-16,1074.7518063016776,777.6528962521039,339.63683201614725,218.97730000894907,136.93391763623484
2013-12-17,1067.3116145916852,772.1715056895154,342.69254939576916,218.20194958143398,136.5857171987138
2013-12-18,1093.7018988572938,790.5833213973244,346.800257608881,224.404651595535,138.3233408035139
2013-12-19,1086.1982028408627,769.3605213230464,338.835318466514,221.46945435195343,137.19978277124832
2013-12-20,1138.469972831321,800.5622483435621,344.6462171750185,226.2322162361685,139.59374225628278
2013-12-23,1139.8690202454998,811.8061214716025,347.7520391838839,230.44119984616708,139.82179116382184
2013-12-24,1142.1583165330978,803.2326545396817,348.6537390608237,234.48402969269665,139.46358534120915
2013-12-26,1128.8041589377801,821.6444702474907,355.11586036241124,236.20083360818592,139.69719641722477
2013-12-27,1117.7392976300605,820.9417080714147,352.3105973354656,235.97931215789728,140.4736729638308
2013-12-30,1128.231856090582,813.9143436619953,349.004402671987,234.70555114298529,139.96863458432514
2013-12-31,1138.5335620365654,812.0872134744659,348.5535527335171,237.1977054859896,140.25564030499368
2014-01-02,1112.8428439274485,791.8482675791273,340.0876819546171,227.9490455031627,138.4123354991389
2014-01-03,1099.1707403059095,775.2635820588476,329.9185977491441,225.3461304350141,138.18984876007642
2014-01-06,1087.3428085352589,789.7400453887344,330.41955231685756,226.56452376310642,137.75155640228948
2014-01-07,1070.9999582934618,776.5285282406505,324.1578036698832,221.24790755015985,137.1018907787829
2014-01-08,1079.8391125188277,767.9550613087297,318.14653230676555,216.54051335276444,137.37666407424715
2014-01-09,1081.9375562918876,787.9129152012049,325.86099416527577,220.2510610238611,137.23760986233307
2014-01-10,1091.4126874685012,798.4540261531693,326.9129620675853,222.30017246628822,137.3065829241645
2014-01-13,1119.7106478914372,823.331022264671,332.1227428122501,229.6658747701569,139.5603692454234
2014-01-14,1121.1096953056162,815.8819876820388,328.8165481487715,228.28132767859563,138.87288739444236
2014-01-15,1126.1333274187166,820.2390102331741,327.9148482718317,232.1026360748366,140.63164072128725
2014-01-16,1127.0236611909413,806.6058229118773,330.97058858263404,235.0932263567428,140.58714337347473
2014-01-17,1125.2430785452973,808.1518610965436,340.73890454770026,249.3261950255784,139.313406792342
2014-01-20,1106.1658075791922,807.168006917604,343.19350396348256,248.93851981182084,140.2545322167425
2014-01-21,1097.6445993800476,806.7463367443913,337.9336415207546,249.3261950255784,140.4736729638308
2014-01-22,1109.5997095611867,814.6170415002362,344.5961354769554,253.369024872108,141.0332358034612
2014-01-23,1101.1420905672865,801.4055243521522,347.9524118384971,252.4829137194486,141.1822954004669
2014-01-24,1103.4949760601287,796.064711959913,343.79462192732217,252.3721529943043,139.42687720198592
2014-01-27,1072.335331603591,778.6367504310433,338.28430513191796,247.66475879690884,136.51452796037998
2014-01-28,1074.4974494807004,773.7175438741816,342.84284035231923,247.77551952205314,136.30093851815792
2014-01-29,1064.0048910201792,778.6367504310433,355.5667103008812,260.95624862626534,136.16744647472044
2014-01-30,1049.251770909488,765.1440769422608,353.1621925831619,262.3961634046463,135.13177504982866
2014-01-31,1057.073497850946,774.5608198827716,363.381358486698,271.7555841126175,135.48329975210328
2014-02-03,1044.0373711806546,752.7759001406023,357.11960983972364,271.4786696240042,133.53208670508113
2014-02-04,1044.86403084883,753.338084146329,355.96745561010755,268.9311475941802,133.51206507128754
2014-02-05,1039.3951894002143,759.6627507175076,355.26612838778095,263.7253174578829,133.99041156027192
2014-02-06,1037.6146916533755,753.0569921434657,353.51285619432525,272.9185844023852,134.29966595484672
2014-02-07,1035.8341090077313,756.992344521388,352.81152897199865,272.5309091886276,134.89816397381304
2014-02-10,1045.3727444907838,765.2846551126102,355.4665010423941,276.40761062319325,134.68123940322712
2014-02-11,1024.1333556475693,775.6851878942251,360.32561817589567,286.21007423174166,134.88703963685992
2014-02-12,1040.2218490683895,795.7836199570496,365.4351896620735,284.71479176654105,135.3609320456189
2014-02-13,1026.8677763718772,768.7983373173197,355.6668736970073,270.81410527313835,133.51651915151294
2014-02-14,1045.4999229012724,776.9501340760279,356.46838724664053,265.940557312274,134.56776899358317
2014-02-18,1034.1807047725756,778.0745664253167,355.6668736970073,263.9468389081715,136.3198520637003
2014-02-19,1033.0360990781794,785.3830228375994,352.0601200516089,266.9374038385728,136.89052837667353
2014-02-20,1024.3877124685464,776.3879500703011,347.45148020196405,263.393009930945,135.5266890116646
2014-02-21,1032.0822609995157,778.496172260694,361.9286223439817,269.2080367312885,136.9506041416645
2014-02-24,1033.1632774886677,793.2537275934441,364.6837807416838,270.31566933423653,137.632523824169
2014-02-25,1030.8739812010697,791.9887814116413,372.5485335567442,274.0815846921529,137.94288630699498
2014-02-26,1031.0647488168024,796.7674097981537,378.15905961063544,274.69078135619907,138.80502242086212
2014-02-28,1017.3927300940691,818.9740640513712,378.7100958764119,275.0784565699566,139.65381802127376
2014-03-03,1021.7804701547269,816.8658418609784,377.3575689921826,277.6260039512856,138.41901661947696
2014-03-04,1033.9263479515987,831.6233971937284,380.86413631027443,280.28428670625385,140.121040173305
2014-03-05,1026.3590627299232,844.6943361714629,388.1778299283779,282.6656803241139,140.80406794406065
2014-03-06,1046.0086365432262,868.1658722686478,401.8534814519427,292.91121218474456,142.4170968022637
2014-03-07,1105.7205982436772,888.5453963343357,418.73514131167957,296.01253784029007,145.20930537749797
2014-03-10,1126.1333274187166,899.227021118814,419.5867594905563,297.67397406895964,145.44514349362626
2014-03-11,1112.5248979012274,908.2220938861121,415.42892371702055,298.9477604353766,144.8811374373808
2014-03-12,1108.200662147008,890.934710527592,413.6756515235648,293.29886204699716,144.99238080691202
2014-03-13,1118.6296314022852,911.1736564229305,444.63370821609294,305.70426607519914,144.46286671338743
2014-03-14,1127.0236611909413,907.2383040450081,445.58548979109577,297.95088855757285,144.70982916646886
2014-03-18,1140.1233770664767,913.4223924458373,450.1440250114971,297.17556348156273,144.98681863843547
2014-03-19,1148.4538176498886,882.0801515928079,449.04195247994414,289.36679292561183,145.15145665261966
2014-03-20,1152.2692548633484,887.7021203257457,432.01004752601796,280.3396797445785,144.24037997432495
2014-03-21,1126.5784518554262,861.2790216917425,428.90420258597214,268.1557971666651,144.46509375350013
2014-03-24,1151.5061844004176,902.6001894910097,434.81531055296364,282.61031263729427,146.47414466179026
2014-03-25,1118.3116853760641,899.227021118814,446.3869804095486,289.9206219028383,146.61319887370433
2014-03-26,1133.4463407182207,914.4062466247769,445.98623510032223,291.4712974063636,146.87239375199007
2014-03-27,1145.5922185150923,930.4287481393297,455.403887454225,299.0585211605209,147.7701299168293
2014-03-28,1165.178203123151,925.9312117556807,459.1108503581105,304.65202651057575,148.97489343613063
2014-03-31,1183.7468453461074,895.8538527466184,460.91425011199016,311.9623357761198,149.15956394771865
2014-04-01,1198.8179114830198,910.1898022439912,447.7395072937779,303.43363318248345,149.53444541215072
2014-04-02,1218.6582529120556,927.6177637728608,449.79336140033377,306.70113795300284,150.23527864019755
2014-04-03,1211.5996813323338,917.0766528208965,440.425790744494,302.8798295567619,149.86929447260593
2014-04-04,1200.91635525608,915.3901008037163,444.4333355614797,311.90696808930016,148.94041233702004
2014-04-07,1200.7891768455913,915.2495226333668,438.92297290371465,303.76591535791636,148.95597989058825
2014-04-09,1223.6819699239613,906.3949636985827,440.8766636141444,311.13161766178507,151.20644194709357
2014-04-10,1232.457534944083,904.989503684266,452.6988336857665,307.0334201284358,151.21088516370864
2014-04-11,1212.9986438477072,899.5081131216773,445.18474448186936,301.3845217400563,150.76368464547096
2014-04-15,1207.0846779623819,897.6809829341479,446.53727136609865,295.01569131399134,149.80254845088717
2014-04-16,1197.164507247864,889.8103425161386,437.1697007102589,289.2006645136479,148.51656858093983
2014-04-17,1219.8029435052574,906.1138716957194,450.6449795792105,292.4681439326624,150.83265770730242
2014-04-21,1220.4388355576998,908.2220938861121,464.72137641200175,294.90493058884704,151.68366948421644
2014-04-22,1230.8041307089272,917.3577448237598,483.70697207635766,305.37198389976624,151.63250187967617
2014-04-23,1230.0410602459965,916.3738906448204,475.9925102178474,299.7230855113867,152.19872411242403
2014-04-25,1206.0036614732298,902.1785193177969,461.5153680758297,291.9143403069408,150.9071929376104
2014-04-28,1201.8702782335488,903.3029516670858,457.30745060423084,293.46501581046607,150.42884644862605
2014-04-29,1195.892723142979,900.3514534681029,461.3149954212165,294.90493058884704,149.40540744893858
2014-04-30,1190.1695248733868,913.8440626190502,455.7545510653884,291.8035795817965,148.98601777308374
2014-05-02,1180.376447670552,925.6501197528172,463.4690129238987,296.51097377919194,148.9504177221117
2014-05-05,1204.2230788275856,942.7969892788235,468.5285027120134,298.1724100078615,149.0516557065513
2014-05-06,1225.2081957486287,947.8567096681994,468.37821175546327,300.166128411964,149.4065155371898
2014-05-07,1222.0285656888057,942.0942271027475,473.23732888896484,303.87667608306066,148.01041124957266
2014-05-08,1221.329084431119,938.8616369009011,463.3187219673485,308.584095631961,148.17283308725447
2014-05-09,1268.7679899242096,978.0745181719402,486.71260775791643,317.38968736270573,152.5992002427365
2014-05-12,1308.3215792705982,1008.011299010653,503.3938949630401,334.5024855883032,156.05776094690705
2014-05-13,1352.4537611921828,1047.3647584520413,510.35694790116065,345.9110177387015,158.16026063104758
2014-05-14,1329.6882314231066,1034.7154253096842,519.6243092985134,340.76058064072885,158.16026063104758
2014-05-15,1339.735580548113,1064.0900221426703,517.3200008392812,341.6466664418833,158.4806393625755
2014-05-16,1372.6121335462453,1079.83143165436,553.13712880295,362.8576622008301,160.25719814671154
2014-05-19,1424.5024532040438,1171.4688400201924,576.9818416008073,396.19714749936554,161.60435100629078
2014-05-20,1373.3752040091763,1124.6662816583366,559.7996456903312,386.0070086770596,161.87022700491457
2014-05-21,1371.5311170570933,1120.028167104338,561.3525452291736,383.12720447180266,161.3674048019113
2014-05-22,1400.019845095762,1104.1462437601347,560.701345567271,393.59423243121694,161.89024863870816
2014-05-23,1433.9138253778024,1146.7323577412049,557.2448370160619,402.8428924140438,163.90820770744904
2014-05-26,1401.164535688964,1139.2833231585728,558.8478641153283,411.2608342825359,163.72909936433757
2014-05-27,1383.676994853965,1110.4709103313135,555.1409012114428,400.23997734589517,162.81579564593017
2014-05-28,1384.8851897536056,1080.1124593193879,543.3187311398207,396.9171048885561,163.0749905242159
2014-05-29,1365.362794350791,1051.7217810031764,537.1070871220899,391.43438561515046,160.9836151770285
2014-05-30,1354.1071654273387,1062.965654131217,522.8803993327485,398.8554556058388,160.85680425392908
2014-06-02,1376.3639815544611,1123.1202434736706,556.5936373541591,402.3998495134666,163.80586163475826
2014-06-03,1393.1520411317733,1171.4688400201924,574.7276148396382,397.9139767663598,164.9928305603787
2014-06-04,1370.3864264638914,1155.3057603352902,576.7814689461941,390.3821206990221,164.69024642253166
2014-06-05,1386.1570587572958,1178.215048088913,620.6136865438343,407.0518760240423,166.2888158154177
2014-06-06,1427.4912307493285,1308.9248238932705,629.2799299773474,413.3099457249631,168.7205915279266
2014-06-09,1427.8090918767443,1273.7878731705034,616.2053964176222,406.8303545737537,170.30470145549566
2014-06-10,1422.27674612169,1238.3697661070373,615.2035331445562,397.47093386578257,170.34474472308275
2014-06-11,1401.6732493309178,1201.1244645182067,608.1903985083725,389.1083596841101,169.68730075459723
2014-06-12,1391.5622261018618,1204.7787248932655,600.1753547367621,390.21599228705816,170.20012834269215
2014-06-13,1375.9824463229957,1188.0534612026368,570.8203251435004,369.1711249400754,167.80172564104262
2014-06-16,1355.0610035060024,1200.0000965067532,592.0601475690255,371.8294330465487,167.611492960978
2014-06-17,1386.3478263730285,1251.1596130819087,611.3964068445446,388.1115131578114,169.79520899576463
2014-06-18,1356.714407741158,1244.4132763375173,592.8115564894151,379.2505030372371,168.1599314636553
2014-06-19,1325.3639956688874,1182.7126488103975,565.5103351403485,369.9464500160855,167.77057967029594
2014-06-20,1318.2418348839215,1173.5770622105854,553.5880016726003,356.4334387364404,167.11980595853817
2014-06-23,1320.0859218360047,1230.07739117798,557.6957098857122,362.6361407505415,166.717102788113
2014-06-24,1347.9388427210365,1245.1159741757579,583.8447311428017,378.8074601366598,168.64940228959279
2014-06-25,1336.6832137975841,1227.969168987587,582.3919950000854,380.1366141898965,168.40577496487523
2014-06-26,1286.9550120168951,1156.2896145142297,568.9167161311337,363.18996972776796,166.71376765974912
2014-06-27,1287.2093688378723,1155.867944341017,570.7701975830764,368.61732131435383,167.06083828179837
2014-06-30,1291.406426181603,1194.237613941301,601.5278816209914,381.6872896934217,169.3424463090504
2014-07-01,1281.994969109039,1189.3184717222748,590.7075748224353,379.58278521267,169.86195501748335
2014-07-02,1295.0310957793301,1199.1567561603276,602.9305360656446,379.8596997012832,171.8743410541374
2014-07-03,1280.0872080529064,1175.4041280602794,600.7263910025385,379.7489389761389,171.64406510648564
2014-07-04,1312.4550474090847,1185.6642113472158,600.8766819590887,386.5054446159615,172.4628228244018
2014-07-07,1306.4139031132709,1168.0956073101613,594.3644560282577,379.0843492737681,173.25375883632483
2014-07-08,1265.524855557948,1115.1090248853118,572.4233063804061,368.0081246503077,169.6060952675615
2014-07-09,1273.0286364731849,1138.2994689796333,583.9448945389279,378.53054564804654,168.75619157889867
2014-07-10,1268.2592762822558,1135.6290627835137,581.8409587343089,379.58278521267,168.37240195401586
2014-07-11,1229.2144005778212,1113.5629867006455,562.2542451061134,369.7249285657969,165.9662100437771
2014-07-14,1223.1732562820075,1132.1153162409687,570.1189979211739,362.4699869870725,165.8449504255439
2014-07-15,1236.4637397732756,1159.9438748892887,583.1434039204751,367.50968871140583,167.45797928374697
2014-07-16,1258.7206407992032,1169.6416454948276,591.9098566124753,374.54310883984164,169.6327871580828
2014-07-17,1249.5635405476164,1161.6304269064688,592.2103926632146,376.5921949307638,169.98988489244428
2014-07-18,1242.2505272481126,1153.9002359831381,584.0951854954781,371.2756040693222,170.51160977737965
2014-07-21,1268.831579129454,1143.2186111986598,582.4922042585724,364.4083377043553,170.96326437584267
2014-07-22,1311.1831784053945,1149.4027639373244,583.8447311428017,367.01125277250395,172.82436377537834
2014-07-23,1314.1083667454352,1139.2833231585728,601.3775906644413,370.1679968178791,173.44509960464063
2014-07-24,1324.0286223587584,1138.1588264714485,604.1327719933238,366.51284218510705,174.22046806299548
2014-07-25,1299.6096883545263,1127.4772016869701,592.6612655328651,360.3655078578257,173.32718597838164
2014-07-28,1278.9426023585102,1109.9087263255865,575.8296873711912,356.7657462633783,172.39830384279574
2014-07-30,1279.6420836161967,1121.4336914564904,574.4771604869619,358.9255930794448,173.34831570042638
2014-07-31,1280.0236188476622,1111.3142506777388,581.2398407704693,366.90049204735965,171.78868148687627
2014-08-01,1241.6782244009144,1086.0155843930243,578.4345777435237,365.12829509354583,169.1477704123707
2014-08-04,1252.7430857086338,1104.005729927621,601.5278816209914,380.5242640521491,170.95102108702807
2014-08-05,1251.2804490892108,1139.142680650388,593.9637107190312,372.4386043590899,172.35046050300906
2014-08-06,1256.7492905378265,1115.6712088910385,582.3919950000854,364.90677364325717,170.6929342969935
2014-08-07,1258.2119271572494,1124.5257678258226,586.0488762059078,375.04154477874346,170.18566887737515
2014-08-08,1247.0198874390414,1108.0815318002217,567.6143168073285,359.202507568058,168.39019654769675
2014-08-11,1247.0198874390414,1106.6761361237402,574.5272421850251,364.6298591546439,169.66727912080367
2014-08-12,1251.980015245703,1139.9860209968133,591.8096473539883,377.7552205720364,171.9166113618372
2014-08-13,1259.2929436464015,1130.007094050576,604.7839716552265,381.5211359299528,172.1947197856653
2014-08-14,1275.5722046829544,1152.7758679716846,614.5022059222296,374.5984765266613,173.35499682076446
2014-08-18,1288.4176486363183,1212.3682733084115,649.7182617844196,390.2713599738778,175.1916205062812
2014-08-19,1283.6482884453894,1223.3310544335886,675.3162467757327,396.8617372017364,175.70890217460146
2014-08-20,1269.7218280028733,1191.8482354102096,668.252984579125,393.37271098092833,175.21497726843862
2014-08-21,1265.5884447631922,1197.1890478024488,686.6875439777044,408.4363977640987,175.56651283432353
2014-08-22,1269.658238797629,1200.4217666799657,673.2623926691768,401.29221691051856,176.0582107003737
2014-08-25,1266.4786936366118,1205.2003950664784,665.9486761198929,396.3079082245099,175.90468615953233
2014-08-26,1263.3627376808383,1174.9824578870666,665.9486761198929,390.3821206990221,175.87020506042177
2014-08-27,1263.8078621175482,1203.5137143736274,679.0232096796182,393.64962546954155,176.56658420824326
2014-08-28,1270.1670373383886,1222.7688704278619,695.6042876262547,398.0801305298287,176.97374145889378
2014-09-01,1289.7530219464472,1235.558717402733,706.1740942097738,421.6171268683109,178.6056838626392
2014-09-02,1302.0896673590516,1249.6135748972424,704.9718582820946,426.10302496692265,179.83713927246185
2014-09-03,1311.5647985356654,1228.109682820101,705.8735581590344,433.08102670552887,180.5390914523702
2014-09-04,1304.7604988781152,1229.7962348372812,702.0663859966619,425.88150351663404,180.1241558567407
2014-09-05,1304.442552851894,1246.802654868609,689.9937615723635,429.0935898973239,179.92169075147177
2014-09-08,1319.7679758097834,1279.4097132277705,701.3651046366962,443.8249945050613,181.85843346956662
2014-09-09,1313.790420719214,1263.246762218539,693.9511788289253,440.4467543609025,181.3923302693969
2014-09-10,1291.9787290288011,1252.0028247526632,678.1715915007414,432.91487294205984,180.08299363729208
2014-09-11,1296.4936474999479,1207.3086172568712,682.6800450230796,439.78219001003663,179.89610694920165
2014-09-12,1291.66078300258,1204.9192387257795,684.4333172165353,443.27116552783485,180.33662634710126
2014-09-15,1275.3178478619775,1182.993805151096,684.6336898711486,441.9420368261031,178.92383555405445
2014-09-16,1245.6208400248624,1148.9810937641116,651.221079625199,415.4698178925345,176.4965030581606
2014-09-17,1257.3851825902689,1145.6079897297514,640.1503184739666,408.381030077279,177.44429873928888
2014-09-18,1278.0522685862852,1163.4574927561628,663.5441584021737,418.79269034987357,180.54242658073406
2014-09-19,1266.0335691999019,1135.6290627835137,658.4846686140589,411.0393128322473,180.69149704135006
2014-09-22,1261.0735262920457,1178.074534256399,671.6092838718473,413.5868602135763,181.24436789703208
2014-09-23,1228.3877409096463,1144.9051632158398,652.172861200202,395.9202583622573,178.37985113160252
2014-09-24,1227.3702287269327,1162.8953087504362,643.4564902062649,393.81575388150554,178.04278589464494
2014-09-25,1182.6021547529058,1125.3689794965774,621.4652588603501,380.5242640521491,176.0281728178782
2014-09-26,1186.926390507125,1158.2573228721085,640.6512271793192,389.2191204092544,177.2963472305344
2014-09-29,1186.7992120966364,1145.4673472215666,638.4972096766371,382.57337549457617,177.07496857972308
2014-09-30,1202.760527106968,1148.4189097583849,656.6311871621162,401.40300298716784,177.2062335830479
2014-10-01,1179.2318419761555,1132.3964725816675,654.0764243502077,401.7352851626008,176.7779466103526
2014-10-07,1177.8964686660265,1115.2495387178258,651.7721158909756,395.97562604907694,174.70548480870758
2014-10-08,1191.3141305677832,1141.6725730139935,675.9674464376354,423.1124093335115,174.48967918998315
2014-10-09,1214.143334440909,1156.5706421792577,672.9618107560766,419.18036556363114,177.11167671894634
2014-10-10,1221.7742088678287,1136.1912467892405,671.5091204757211,415.8021000679674,174.87346881486593
2014-10-13,1218.27671768059,1143.3591250311738,673.0119383165005,420.5095196168678,175.41410724534367
2014-10-14,1222.5373642295651,1130.4287642237884,657.532887039056,406.8857222605734,174.9635715987421
2014-10-16,1184.0647913723287,1116.233392896765,667.5015756587354,397.9139767663598,172.38717950584262
2014-10-17,1192.8403563924503,1116.233392896765,668.0025302264488,404.94739689479553,173.08801273388946
2014-10-20,1189.2156018959176,1177.793506591371,698.1590504381633,420.34336585339884,175.3061990041763
2014-10-21,1181.9662627004634,1146.8728715737188,689.0920616954237,409.48863732872206,176.3819245602655
2014-10-22,1202.696937901724,1122.8390871329716,690.0438432704267,400.904567048266,177.8981695142543
2014-10-27,1197.2280964531085,1109.3465423198597,687.4389528980942,391.1020780882126,177.80473160201424
2014-10-28,1187.9438177910329,1101.0541673908024,703.168458528215,395.3110616982111,178.6034568225265
2014-10-29,1210.2642231233995,1104.1462437601347,705.9737215551605,394.2034290952631,180.00178815025635
2014-10-30,1245.43007240913,1112.8601601867342,703.3688311828281,395.4771901101751,181.75387122037344
2014-10-31,1272.5198379324254,1138.86165298536,726.1114714491325,403.3413283529457,185.15791832802955
2014-11-03,1274.8091342200235,1137.1751009681798,725.4101900891667,404.0612857421362,185.20130758759083
2014-11-05,1260.7554953670192,1134.5046947720602,741.6906861227031,409.0455944281448,185.5161132870319
2014-11-07,1247.0198874390414,1151.5109861277172,760.5761183909328,415.5805786176788,185.4871943563979
2014-11-10,1232.8390701755484,1108.0815318002217,767.4389620705664,419.0142118001622,185.6484972422182
2014-11-11,1243.4588070465584,1109.9087263255865,768.3406619475062,416.9651003577351,186.05788153298144
2014-11-12,1238.8166252661179,1106.5354936155557,766.7376807106006,401.29221691051856,186.51730361281312
2014-11-13,1232.71189176506,1084.4695462083582,731.8222067615108,383.51485433405526,185.95107051645493
2014-11-14,1232.5847133545715,1105.4111256041022,736.230451025362,395.2003009730668,186.66415789692672
2014-11-17,1252.997442529611,1114.4061983714003,727.4139166352987,395.809497637113,187.57300753510876
2014-11-18,1257.3851825902689,1098.102604853984,721.2523543156309,391.71127475225876,187.46511015755166
2014-11-19,1244.0311098937566,1079.83143165436,722.9054631129605,380.7457855024377,186.49505493890686
2014-11-20,1247.3378334652625,1084.3289037001734,721.1521909195047,381.8534181053857,186.9311419838017
2014-11-21,1268.8951683346982,1077.4421174611034,725.8109353983931,383.0164183951534,188.60978704825172
2014-11-24,1253.1882101453436,1070.695780716712,720.7514456102783,381.18885375451987,189.78453441227813
2014-11-25,1262.9176132441287,1086.2966120580522,711.2335839978886,376.4814595571244,188.29274344508767
2014-11-26,1255.3503280224531,1084.7505738733862,708.9292755386563,379.9150673881029,188.57419786088997
2014-11-27,1257.3851825902689,1074.6311330946346,721.9035998398945,386.61620534110574,188.98469023990435
2014-11-28,1261.13711549729,1066.4793363359265,747.6518757877577,404.2274395056051,191.07717367534295
2014-12-01,1222.9824886662748,1024.4554063605833,745.748312637752,399.0769770561275,190.35743776536404
2014-12-02,1224.3178619764037,1013.3521114028921,713.888556068284,389.7175563481563,189.66327479404498
2014-12-03,1231.5672860706636,1044.132168250195,712.1853655728913,382.5180078077565,189.951399466575
2014-12-04,1219.1033773487652,1042.3050380626655,727.9148712030121,384.34557244839004,190.54655149356716
2014-12-05,1217.5772364229035,1026.8447848916749,711.3838749544386,382.57337549457617,189.9658480682817
2014-12-08,1201.3614796927895,1035.2776736532462,691.0457524058535,380.9119392659066,187.73987258940562
2014-12-09,1195.3203353969757,989.7400614731932,674.6149195534061,385.28705128786913,185.56951879529515
2014-12-10,1186.0360567349,1015.0387277579076,670.2066752895549,382.35185404428756,185.9021408156377
2014-12-11,1152.460022479081,982.2909625527259,664.3957765810504,383.40409360891096,184.50603652802056
2014-12-12,1122.1907117947683,947.5756176653359,668.8541025429647,377.6998275337118,182.97531038149415
2014-12-15,1117.6757084248163,964.3008170181295,637.5454281016342,364.96214133007686,182.87519134891602
2014-12-16,1099.6158647426191,943.2185951142009,648.6662709509296,361.9715763996756,179.49340377877647
2014-12-17,1105.8477766541657,964.1603031856155,649.016934562093,357.8733535148214,178.65239738695408
2014-12-18,1119.329112659972,969.6416294103686,654.5272513574972,365.51597030730335,181.5336006578133
2014-12-19,1145.3378616941154,982.2909625527259,654.9781242271475,370.99871493221383,182.9997969591234
2014-12-22,1150.870292347975,1005.0598008116701,656.480942067927,371.774040008224,185.19796159561665
2014-12-23,1136.6894750844824,989.599483302844,652.0225702436518,371.1094756573582,183.92978718296047
2014-12-24,1124.480008082366,966.9712232142491,640.9017273943564,362.0269440864953,181.86288754979202
2014-12-26,1130.4575631729358,968.236169396052,646.912998757474,363.023815964299,182.4547044484203
2014-12-29,1140.8228583241635,975.1230199729571,648.3156073397664,367.6758424748748,183.469235287657
2014-12-30,1119.3927018652162,960.3654646402072,649.6681342239957,368.285013787416,183.5126245472183
2014-12-31,1133.3827515129763,959.5221886316172,647.2135348082134,368.0081246503077,184.2790957087327
2015-01-02,1126.2605058292052,981.5882647144851,645.6105535713077,370.6110397184563,186.78763369166228
2015-01-05,1113.9238604166005,992.6915596721763,646.86287119705,374.5984765266613,186.40829814700487
2015-01-06,1063.3689989677366,936.4723227076449,640.3506911285798,370.44488595498734,180.82276204467487
2015-01-07,1086.5161488670838,950.2460238614555,646.1615898370843,371.1094756573582,180.26098302854209
2015-01-08,1070.9363690882176,960.7871348134198,678.8729187230681,380.4688963653294,183.20892145750975
2015-01-09,1094.1470232940037,986.6479851038611,680.6261909165238,378.4751779612269,184.3191389763198
2015-01-12,1081.4288426499336,977.3718203336994,677.670636933028,376.03839130504224,185.1757129217104
2015-01-13,1072.335331603591,955.5868362536946,670.8077932533945,376.7583486942327,184.6506529084112
2015-01-14,1061.906447247119,967.1118013845986,652.9242701205917,371.8294330465487,184.16450634722727
2015-01-15,1099.1707403059095,973.9986519615037,664.1954039264373,372.2170829088013,188.9835821516532
2015-01-16,1106.102218373948,975.685203978684,660.5385227206149,372.7155188477031,189.42075555757862
2015-01-19,1118.7568098127738,976.8096363279728,646.4120441897605,373.04780102313606,190.24174031560744
2015-01-20,1148.5174068551328,984.6803410838176,648.8666436055429,372.99243333631637,193.46556012829055
2015-01-21,1153.223092942012,972.733705779701,655.3788695363739,365.571337994123,194.21979886460065
2015-01-22,1123.9712944404123,991.9887974961002,658.2842959594458,367.34356029944183,194.9295402530982
2015-01-23,1127.977499269605,980.4638967030318,676.0175739980593,366.6235775587464,196.5803744751654
2015-01-27,1130.7119199939127,984.539762913468,693.3500608650857,366.7343636353957,198.24680884163172
2015-01-28,1153.3502713525006,994.799781862569,707.576748654427,374.54310883984164,198.33134945703134
2015-01-29,1182.0298519057076,989.1778774674666,735.228587752296,385.8408802650956,199.17790715371996
2015-01-30,1164.0335974287548,987.6318392828005,750.2567661600901,384.67785462382295,195.98635226364505
2015-02-02,1154.876497177168,983.4153949020147,750.0563935054769,376.53682724394406,195.7304925137232
2015-02-03,1192.4588211609848,1010.4006132039093,728.766443519528,366.34668842163813,194.82162114832056
2015-02-04,1181.2667814427766,1035.980371491487,722.354426847184,371.2756040693222,194.0907609013885
2015-02-05,1174.7805127102533,1002.5299084480645,751.4089203897062,370.666432756781,193.82377681451354
2015-02-06,1157.22938267001,986.6479851038611,732.3231154668633,362.8022945140104,192.69687279027377
2015-02-09,1140.441323092698,1001.6866324394745,713.1371471478942,353.9412843934361,189.6999720696579
2015-02-10,1121.7455873580584,996.9080040529618,699.6117865808797,344.4157352735009,190.57212443222699
2015-02-11,1145.528629309848,969.6416294103686,714.2392196794473,352.2798481647665,191.94821794966086
2015-02-12,1156.275459692541,973.8580737911544,707.1759574828397,349.34465092118495,193.82043082253935
2015-02-13,1166.895196563551,954.4624682422412,726.2617624056826,343.6403848459858,195.91069808147557
2015-02-16,1148.1994608289115,956.9922962680115,727.2135439806856,352.1690874396222,195.99634678512638
2015-02-18,1146.7368242094888,934.9262845229788,731.0206702806971,367.8973639251634,197.32570505102476
2015-02-19,1147.2455378514426,937.3155987162351,743.5942492727089,380.1366141898965,197.9086246528126
2015-02-20,1110.4263692293619,929.5854077929043,743.1935039634825,368.89421045146213,196.5358771273529
2015-02-23,1082.8914792693568,913.141300442974,741.0394864608005,374.26619435122836,194.78603196095878
2015-02-24,1070.1732137264812,885.5938981353528,758.7226369389901,364.1868162540667,194.94509694305611
2015-02-25,1072.335331603591,891.4968945333186,753.262401841649,362.4146193002528,195.05968630456155
2015-02-26,1070.8727798829734,897.6809829341479,747.2010487804682,362.9130552391547,193.20413820989214
2015-02-27,1088.1058789981898,912.8602084401107,745.6481033792649,369.5588001538329,196.78061254032164
2015-03-02,1099.1707403059095,899.6486912920268,780.9643684999419,388.4437953332442,199.27581000979572
2015-03-03,1145.6558077203365,900.9136374738296,782.2667678237473,394.7572580724896,200.15463262909256
2015-03-04,1129.1856941692454,901.0541513063436,771.9474614552655,377.8105882588561,198.51713892048087
2015-03-05,1125.497435366274,899.3675992891633,777.8083959994722,386.2285301273482,198.85308520557697
2015-03-09,1106.0385442698982,888.2643043314724,765.4352355244343,387.6130772189095,194.8260752285459
2015-03-10,1092.684471573386,883.7667679478234,765.6356081790475,383.29333288376665,193.83155515949247
2015-03-11,1088.614677538949,869.9930024561774,752.2604927062221,377.7552205720364,193.5623548961151
2015-03-12,1098.5984374587113,877.5826152091588,750.9079658219928,383.0164183951534,195.2543622012412
2015-03-13,1081.1744858289567,882.3612435956711,732.7739883365136,375.5399553661404,192.40096977276477
2015-03-16,1070.9999582934618,877.0204312034319,738.0338507792417,378.1982634726137,192.07614782462178
2015-03-17,1089.7592832333455,883.2045196042612,752.0601200516089,384.40096548671465,194.08185274093776
2015-03-18,1104.7667601650137,869.1497264475872,773.9011063033344,387.3361627302962,193.24976537317642
2015-03-19,1088.8690343599262,876.7393392005687,754.8153013804915,388.1115131578114,192.10952083548116
2015-03-20,1086.2617920461068,875.1933010159025,728.4158257707256,381.1334607161952,190.6911678739578
2015-03-23,1070.809190677729,883.7667679478234,716.7439007932927,378.7520670983352,190.24619439583282
2015-03-24,1078.440065104649,880.9557835813542,742.1916406904165,384.62248693700326,190.06931309283402
2015-03-25,1074.5610386859448,870.41467262939,750.1064752035401,389.7175563481563,189.79898301398484
2015-03-26,1054.7206123581036,847.7864125407953,763.7320450290417,387.1700089668273,185.60178371790332
2015-03-27,1032.3366178204926,857.203155481306,751.0081750804799,383.7917688226685,185.58509721247364
2015-03-30,1031.1283380220468,886.0155039707302,770.7451338028645,392.65275359173785,188.94240906859426
2015-03-31,1050.5236399131782,861.1385078592285,812.3231246393356,408.32563703895437,188.91349013796025
2015-04-01,1063.3054097624924,861.4195998620918,805.7107811747392,410.4855092065258,191.03267632753048
2015-04-06,1048.8066464727783,891.7779865361821,803.6067995077593,414.2514245644422,192.67129985161395
2015-04-07,1059.2356157280556,896.6971930930438,797.1947828354153,412.2577061603397,192.6801862848441
2015-04-08,1101.2692689777748,879.8314155699009,821.1897865898228,417.7404507852502,193.88385257950452
2015-04-09,1138.4063836260768,871.8201326437068,813.3751154728255,415.3590571673901,195.30552980578148
2015-04-10,1150.170726191483,870.6957646322534,821.5905318990492,415.41442485420987,195.35113524184516
2015-04-13,1173.254286885586,876.5987610302192,819.9373772393587,417.5189293349616,196.54478528780365
2015-04-16,1180.6944785955786,921.0120051988188,802.4045635800801,403.0644392158374,193.71253344498228
2015-04-17,1178.7867175394458,927.6177637728608,799.3488462004582,398.0801305298287,191.4720876371789
2015-04-20,1126.3876842396935,904.5678978488885,805.0094539524125,398.1354982166484,187.9590133364939
2015-04-21,1114.6869308795315,900.4919673006169,800.6512455242636,393.48347170607263,186.39382781807754
2015-04-22,1118.8839882232623,877.8637072120221,806.5623534912551,402.56600327693553,187.5496507729513
2015-04-23,1115.4500862412676,865.6360442428776,804.0576265150488,408.15948327548546,186.85103372140682
2015-04-24,1117.8028868353047,890.6536185247287,781.966185910647,394.09266837011876,184.7807989598745
2015-04-27,1113.224379158914,869.5713966208,733.6756882134536,387.2254020051519,182.7461533857039
2015-04-28,1100.3790201043555,864.5116762314242,766.5873897540505,389.27451344757907,184.34360382672844
2015-04-29,1081.047307418468,860.9979296888791,757.3701100547609,387.5023164937652,183.32351081901518
2015-04-30,1096.754265607823,854.5327492851865,766.1866444448241,400.07384893393123,182.02752556397618
2015-05-04,1133.1283946919993,922.9796492188623,785.1722401091799,404.00589270381147,185.37484289861544
2015-05-05,1134.654535617861,961.7709889923594,778.7602234368359,403.3967213912703,185.21575618929754
2015-05-06,1119.5198802757045,921.7147673748949,749.6055206358266,372.4939973974145,180.14751261889813
2015-05-07,1107.437591684077,899.6486912920268,731.3212521937974,366.45744914678244,179.26423591937592
2015-05-08,1131.5385796620878,886.8587799793202,749.4552755416373,371.4417578327911,182.2500123030387
2015-05-11,1139.4874850140343,896.6971930930438,752.2104110081591,375.4291946409961,185.22577243799947
2015-05-12,1104.8303493702579,870.41467262939,727.2636256787486,368.11888537545195,180.81386474783443
2015-05-13,1125.688202982007,874.4905388398264,737.232314298428,371.0540826190336,183.22784586666242
2015-05-14,1116.9126379618854,888.6859101668497,758.1215189751506,369.8910823292659,182.97754828521713
2015-05-15,1111.507385718514,896.4161010901805,768.4909529040563,372.88167261117206,183.82632215840817
2015-05-18,1133.8914651549303,904.4273196785392,794.2893105499826,380.3581356401851,186.30261694595015
2015-05-19,1138.9787713720802,892.7618407151215,785.7733122106587,381.8534181053857,186.1246275547002
2015-05-20,1155.8939244610758,884.1883737832006,788.4283760057759,380.5796570904737,187.40614248081187
2015-05-21,1140.5049122979422,894.729484735165,778.4095598256725,386.4500769291418,187.3560829645228
2015-05-22,1149.5348341390406,908.0815800535981,783.7695856645266,385.9516409902399,188.2004244847091
2015-05-25,1137.6433131631459,926.3528175910579,793.2874014145558,386.3946838908172,186.22696276378068
2015-05-26,1125.0523109295643,906.5355418689321,783.2185952611111,385.0655298375805,185.53947004918933
2015-05-27,1125.9425598029839,933.2396681679633,798.3970187630944,397.24941241549396,185.43378884813467
2015-05-28,1113.8602712113563,921.7147673748949,819.2361417417538,399.46465226988505,185.08671822608542
2015-05-29,1115.3864970360235,927.1960935996481,851.7470521107637,394.535711270696,187.6375373803251
2015-06-01,1147.4998946724195,911.0330782525813,862.3669403923456,392.92966808035106,187.63197521184856
2015-06-02,1142.9213869960288,900.3514534681029,848.3406711199784,386.6715983794304,183.25009454056868
2015-06-03,1139.996198655988,865.3549522400143,840.7765002180182,375.37382695417637,180.9951892674483
2015-06-04,1160.7904630624932,847.0836503647192,868.3281300574002,388.2222485314507,180.89617832312135
2015-06-05,1154.4949619457022,866.3387420811183,857.3074964665917,393.20655721745936,180.54131849248287
2015-06-08,1126.1333274187166,861.2790216917425,844.6337082160928,388.6653167835329,178.9716680302308
2015-06-09,1123.9077052351681,847.3647423675825,850.9956431903738,387.3361627302962,178.48775937276991
2015-06-10,1152.0148980423714,858.3275234927596,845.4852805326087,383.7917688226685,180.7582430630688
2015-06-11,1115.5772646517562,846.0998605236151,843.9824626918293,376.42606651879976,177.21847687186252
2015-06-12,1131.7293472778208,844.4132441685996,839.0732638602648,388.5545560583886,177.60893675347307
2015-06-15,1146.864002619977,854.3921711148371,835.0658107680008,391.3235995385012,178.2986456445668
2015-06-16,1149.6620125495292,855.7976311291541,822.0413589063386,395.2003009730668,179.04174918031345
2015-06-17,1184.3191481933056,860.1546536802891,811.9724610281721,389.4960348978676,180.02625300066498
2015-06-18,1245.0485371776645,879.4097453966882,835.3663009563793,414.8052281901637,181.87401188674514
2015-06-19,1267.5597950245692,897.1187989284213,837.219782408322,423.61084527241337,182.99423479064683
2015-06-22,1261.2642939077784,895.0105767380282,847.7395072937778,424.1646742496398,185.84538931540027
2015-06-23,1265.461266352704,896.4161010901805,862.4671955131936,440.83442957466,186.4783684334772
2015-06-24,1260.2467817250651,893.6051167237116,849.993734054947,431.8072656906169,186.0178165381737
2015-06-25,1277.6071441495756,879.6908373995516,859.9624685369873,430.3119832254162,186.8443634646791
2015-06-26,1272.7106904469636,880.3935995756276,863.6694314408727,425.88150351663404,186.46835218477526
2015-06-29,1260.183192519821,868.72812061221,873.4878291040019,426.1583926537423,185.0733777126299
2015-06-30,1271.9475350852272,870.2740944590406,881.001918307899,426.87832469142785,186.18802758444474
2015-07-01,1279.0061915637543,882.3612435956711,889.6180800433491,433.8010094462242,188.06914861777398
2015-07-02,1285.6196387067662,871.3985268083295,901.6907044676476,456.78417680747987,187.8878349617704
2015-07-03,1280.9774569263259,869.1497264475872,904.5460950550171,462.1007930204264,188.77778191802037
2015-07-06,1291.5971937973356,866.4793202514677,932.5986335997517,472.2909318427324,189.60654502102813
2015-07-07,1275.9538248132253,857.203155481306,934.101451440531,473.06628227024754,189.35400953585986
2015-07-08,1267.496205819325,851.5811867483683,917.8209554069946,475.5584366132519,186.06676796621156
2015-07-09,1255.795452459163,839.634615782087,868.278048359337,463.42992172215816,185.29918871644597
2015-07-10,1274.109652962337,826.1420066311398,883.4063901632574,465.53445155441483,186.01114628144595
2015-07-13,1280.7231001053487,816.8658418609784,911.0081934254241,470.40797416377427,188.21600290188758
2015-07-14,1269.0223467451867,814.3359494973728,928.6913439036138,486.0808322594858,188.0925053799314
2015-07-15,1286.0011739382317,818.5523938781583,919.3738549458371,479.3797196579879,189.6432422966411
2015-07-16,1301.9624889485633,819.676761889612,939.7620591924854,489.5144907934742,191.51769307324258
2015-07-17,1299.418835839988,823.0499302618075,941.4152138521757,486.2469860229548,191.55773634082968
2015-07-20,1303.2979471574977,820.3795240656879,965.2097990896092,493.00351701428224,191.41535786416205
2015-07-21,1281.7405273892566,790.5833213973244,953.9887469818266,485.85931080919727,189.76895599509965
2015-07-22,1335.9201433346532,800.7027621760761,973.8760425231224,495.99408194468356,192.08392616960072
2015-07-23,1329.43387460213,797.8918421474425,972.1227244673057,503.5813310503458,191.11165477445354
2015-07-24,1303.6794823889632,795.0808577809736,967.3638624546521,506.68268205739633,189.593182780352
2015-07-27,1278.6245714334834,763.1764329222173,956.2429737429959,504.7443059886086,186.02116253014788
2015-07-28,1284.8565682438355,758.5383183682188,946.7251579929668,494.00038889208594,185.4871943563979
2015-07-29,1266.7330504575887,758.2572263653555,951.083274696394,496.3263894716214,186.33375205308656
2015-07-30,1272.0111242904713,761.4898809050371,948.9793847541358,493.8896028154368,187.3738775582037
2015-07-31,1274.173242167581,766.5496012944129,928.4909253866397,477.77365111613807,189.84458845004852
2015-08-03,1274.936312630512,769.2200074905326,910.50719299535,470.79564937753184,190.0715292693364
2015-08-04,1256.5585229220937,748.6999695923306,935.3036873682103,470.8510170643515,189.48973948302034
2015-08-05,1256.2405768958727,758.9599885414315,932.3482251094362,468.857324011754,190.62552994049022
2015-08-06,1245.0485371776645,761.6303947375511,940.3632230186859,464.03911838620434,191.0860818357937
2015-08-07,1251.9164260404586,795.0808577809736,957.2949645764858,472.2909318427324,190.5509838465719
2015-08-10,1232.2667673283502,773.1553598684549,948.4784760487834,476.0014795138291,189.6832855642282
2015-08-11,1228.5785085253788,759.1005667117809,926.9881075458603,463.70686156227634,188.27605693965796
2015-08-12,1199.1994467144852,757.132858353902,871.6343476520592,430.20119714876694,185.76419469197484
2015-08-13,1187.0535689176136,758.2572263653555,886.9130262748905,437.40077104067166,185.90657316864247
2015-08-14,1229.7867034250194,760.084356552885,875.3913922540077,431.5857442403282,189.52643675863328
2015-08-17,1209.119617429003,742.0942110182887,866.7752305185577,426.3799141040309,188.6086789600005
2015-08-18,1200.725587640347,733.0991382509903,898.1340783826731,443.1050624673758,188.36950571550835
2015-08-19,1214.0797452356646,732.5369542452637,888.7665077268332,440.77901118483044,189.00583082555943
2015-08-20,1165.368970738884,719.0443450943164,903.7445127118426,440.5021220477222,186.28258444854632
2015-08-21,1154.7493187666794,719.4659509296938,891.3212246763809,437.345403353852,184.6628853336155
2015-08-24,1055.0385583843247,640.056269870841,820.1377957563329,418.79269034987357,173.73989453389842
2015-08-25,1078.6944219256259,648.3485804620631,864.3707586631994,437.345403353852,175.3351287984206
2015-08-26,1085.3715431726873,632.0449869446469,839.2236006791757,436.29316378922863,173.35833194912834
2015-08-27,1105.402652217456,647.3647906209591,881.8534906244149,453.95976564054763,176.85360079252212
2015-08-28,1109.5361203559423,684.891119874818,862.5673589093196,448.86467087788964,178.03278050955328
2015-08-31,1088.551088333705,672.6634569056733,884.8591263059736,459.0548097001957,177.35084996343852
2015-09-01,1068.1383591586655,658.0464154054374,864.9718307646781,449.6400213054048,173.22483990569083
2015-09-02,1080.47500457127,633.0288411235864,850.6950612772736,437.67766017777996,171.6930165345235
2015-09-03,1085.9438460198855,644.1321360812774,839.524182592276,442.7727549404379,174.05137596858592
2015-09-04,1063.1146421467597,634.0126953025258,852.1978791180529,452.85210768609466,170.31470684058726
2015-09-07,1059.6807401647652,635.4181553168426,831.7595931733416,436.84694206344517,168.1732719771108
2015-09-08,1079.266724772824,646.2403582716702,822.7927678267283,434.5763091707295,171.05336715971887
2015-09-09,1111.6345641290025,647.6458826238223,821.7908586913015,445.92947363430807,173.95348397612048
2015-09-10,1102.6682314931484,637.8074695100987,841.2774089233708,441.7205153758145,173.27489942197988
2015-09-11,1094.973767860984,641.8834000583705,852.1477974199901,442.27434435304104,173.30159131250122
2015-09-14,1098.6620266639554,645.5376604334294,882.053909141389,445.0987555199733,175.14712315846867
2015-09-15,1102.6682314931484,644.4132280841407,881.2524185229362,440.9451649482994,174.1870950521361
2015-09-16,1109.7268879716753,647.9269746266857,863.970013353973,437.5669248041406,175.74561031382473
2015-09-18,1138.7880037563477,672.3823005649747,871.1835206447697,432.0287871409055,177.5866880795668
2015-09-21,1116.7854595513968,671.679602726734,872.8866652778015,428.0413503327004,177.47989879026093
2015-09-22,1078.3764758994046,659.1707834168908,863.0181859166091,432.69335149177124,173.80664055561718
2015-09-23,1081.492431855178,664.9332659823426,878.3970279355666,438.1761214681868,174.56198738017846
2015-09-24,1064.9588139976481,639.4940858651144,882.5548178467415,436.68083900298615,175.06369063132024
2015-09-28,1061.0161134748942,632.7477491207229,885.159708219074,441.7758830626342,173.44399151638945
2015-09-29,1069.282964853062,636.402009495782,849.3926619534683,437.1238819035634,174.50301970343864
2015-09-30,1096.6906764025787,644.694320087004,852.298134238901,445.4864307337308,176.8524818406606
2015-10-01,1099.7430431531077,653.1272088485755,856.7063326403913,444.4341911691074,176.8969791884731
2015-10-05,1129.3764617849783,676.0365609400336,862.3168586942825,445.4310630469112,180.64365370156338
2015-10-06,1142.1583165330978,695.2916526564328,877.2949554040135,446.6494563750035,181.3912113175354
2015-10-07,1162.1894255778664,724.5256713190696,865.1722492816522,440.7236434980108,181.93630382823852
2015-10-08,1130.775509199157,724.2445793162062,856.5560875462021,442.93890870390686,180.86725939248737
2015-10-09,1128.5498021168032,741.1103568393492,850.0939891757948,442.27434435304104,182.20996903545154
2015-10-12,1134.1458219759072,740.4076590011084,850.6449795792106,442.1635582763917,181.1843029956514
2015-10-13,1136.4987074687494,713.7034683642419,865.122167583589,442.9942763907265,180.9195459488891
2015-10-14,1148.3902284446444,716.7955447335742,863.9198399311882,442.9942763907265,180.3900209917542
2015-10-15,1149.344066523308,731.2720080634609,894.7777790899509,446.4833026115346,181.9830282161637
2015-10-16,1163.4612945815568,742.0942110182887,912.9618382734931,450.9691500071365,183.28792163165343
2015-10-19,1225.3989633643614,724.806763321933,920.225427262353,449.6400213054048,184.10888466246163
2015-10-20,1216.7505767547282,711.595246173849,914.1640742011722,445.76331987083915,183.81076546845028
2015-10-21,1214.5884588776187,712.4385221824391,902.291868293848,440.0590791471449,183.589386817639
2015-10-23,1215.4151185457938,723.2607894751021,911.9098474400031,442.8281226272576,184.56276630103739
2015-10-26,1199.1358575092409,720.8714109440106,905.4477490695961,435.35165959824457,183.78627889082105
2015-10-27,1194.9388001655102,696.8376908410991,916.3682192642783,441.8866691392834,183.17111609364562
2015-10-28,1191.6320765940043,707.8004719662761,911.1083568215504,442.8834903140773,181.79836856818594
2015-10-29,1196.7829720163986,705.1300657701564,880.7514180928619,434.7424629341984,180.4756805590153
2015-10-30,1205.3041802155433,694.1672846449794,872.7364201836123,442.7727549404379,179.45334964757905
2015-11-02,1220.6931923786767,695.4322308267822,873.4377474059389,440.1144468339647,179.11961953898532
2015-11-03,1230.1046494512407,704.7083955969438,878.3469462375034,444.48955885592716,179.33989010154542
2015-11-04,1209.882687891934,708.6437479748662,887.6644351952801,454.2366547776559,178.88379228646733
2015-11-05,1191.1869521572946,704.5678817644298,890.6700708768391,452.9628937627439,176.99821717291272
2015-11-06,1211.2817353061128,706.8166177873366,897.7834147715097,456.0642447697944,176.9726225070323
2015-11-09,1222.5373642295651,700.7730432190214,904.5961767530802,457.67031331164424,176.1027080481862
2015-11-10,1173.5722329118073,665.3549361555554,878.4971913316929,441.9420368261031,173.16921822092522
2015-11-13,1186.672033686148,643.4294382430367,907.7520575288282,451.6891327478318,172.69976902878128
2015-11-16,1188.261763817254,646.9431204477463,900.3381317210574,445.59721681038013,173.68649988924548
2015-11-17,1179.9313232338422,653.1272088485755,877.8961192302141,442.8834903140773,174.3750898284777
2015-11-18,1159.9002141890737,648.4891586324125,885.6606169244266,447.1478669624004,172.02229256289186
2015-11-19,1188.8340666644522,654.954339036105,909.1046302754183,450.9137823203168,174.49078727823434
2015-11-20,1204.2230788275856,657.9059015729234,917.8209554069946,455.78735563268606,174.79781463269646
2015-11-23,1212.9986438477072,651.300078661046,907.4013939176648,456.11961245661405,174.63540365862497
2015-11-24,1230.740541503683,654.3921550303783,909.1046302754183,463.42992172215816,174.2427167369017
2015-11-26,1257.3851825902689,660.1546375958302,906.6499849972752,466.3651696687496,175.40409099664174
2015-11-27,1245.1757155881528,661.7006757804963,903.0432772142376,464.5929473634308,176.71454658060804
2015-11-30,1229.9774710407523,658.1869935757867,903.444022523464,465.75597300470343,176.54878961456237
2015-12-01,1228.4513301148904,662.2628597862231,934.4521150516944,479.9889163220341,176.9859738840981
2015-12-02,1243.7767530727797,662.8250437919497,933.9011246482787,477.8844371927873,176.46202195905005
2015-12-03,1242.8228300953106,645.6781742659434,921.6781634050694,476.8875653149836,174.966906727106
2015-12-04,1227.8789423688868,638.6507455186888,908.2028845361177,474.3954109719792,173.13695329831702
2015-12-07,1210.836610869403,629.3745807485273,912.4609295681406,474.83845387255644,172.7698501788639
2015-12-08,1196.6557936059103,606.4652286570691,913.7132471938829,468.0819735842388,171.35261616920204
2015-12-09,1164.86025709693,610.2600672024776,883.9073905933317,457.559527234995,169.3680301113205
2015-12-10,1208.6744929922934,617.8496799554589,905.8484943788225,460.55014286840617,170.9432318784388
2015-12-11,1211.9812165637993,605.3408606456157,894.5773605729768,460.10704926481907,169.32242467525683
2015-12-14,1214.7156372881072,599.8594700830272,891.7219699856073,458.5563991127987,170.20346347105604
2015-12-15,1241.1695107589603,612.227711222521,891.3212246763809,463.26381866169913,171.33481071191085
2015-12-16,1244.667001946199,637.1047716718581,905.2473305526221,471.57099980504694,172.4472444072233
2015-12-17,1284.1570020873432,631.9044731121329,905.6481675865701,476.33378704076705,174.5263873292064
2015-12-18,1261.5186507287553,627.5474505609977,902.4421133880372,471.404846041578,172.69309877205353
2015-12-21,1261.7730075497325,647.7863964563363,899.1859774914411,482.31491690156946,174.30612763025658
2015-12-22,1255.6682740486744,648.0674884591997,904.3957582361062,479.213565894519,173.2304020741674
2015-12-23,1276.6533060709119,662.1223459537091,902.4921950861003,479.71202718492583,175.00696085830342
2015-12-24,1272.5198379324254,657.3436532293613,905.7984126807593,480.26580545914237,174.89793366527456
2015-12-28,1285.047335859568,675.1932849314436,904.9969220623066,477.2752405287411,176.3240758353872
2015-12-29,1291.406426181603,673.9283387496408,904.2955948399799,476.7214115515146,176.40862731439714
2015-12-30,1277.5435549443314,674.3500089228536,893.3751246452977,471.68173517868627,175.68109133221864
2015-12-31,1290.3889139988898,679.5503074825788,893.9761967467764,474.6723508120974,176.7957520676438
2016-01-04,1265.8428015841694,669.1497103631284,893.1246244302605,472.34629952955214,173.34608866031368
2016-01-05,1278.3702146125063,679.831399485442,904.345676538043,490.28984122098933,173.1981371515592
2016-01-06,1312.772993435306,667.7442503488116,914.0138291069829,499.37232208884234,172.22698470827348
2016-01-07,1288.6720054572952,636.9641935015087,885.9111171394636,489.071447892897,168.3846343792202
2016-01-08,1304.5697312623827,646.9431204477463,905.2473305526221,494.8864746932404,169.11995956998788
2016-01-11,1337.4462842605149,633.8721171321763,889.7182434394753,490.5667303580976,168.28563429850354
2016-01-12,1329.6246422178624,622.2066381687587,891.8222251064551,487.35464397740776,167.09421129265775
2016-01-13,1369.5597667957165,627.4069367284837,897.5829962545356,486.4685074732434,168.25336937589537
2016-01-14,1350.2280541098291,627.5474505609977,911.1083568215504,482.2595492147498,167.68380115117333
2016-01-15,1365.0447634257644,616.8658257765195,934.3018699575051,472.56782097984075,165.4811824344547
2016-01-18,1293.2505131336861,602.6704544494962,898.2843234768623,461.7684854934886,163.5500018848364
2016-01-19,1327.2717567250202,612.7898952282477,897.4828328584096,459.6640063642418,165.42111753307398
2016-01-20,1277.6071441495756,599.5783780801638,887.1634347652058,446.59403798517394,162.6222278375017
2016-01-21,1251.7255735259207,582.7126005570209,877.1947920078875,438.78531813223293,161.8991459355486
2016-01-22,1277.0984305076217,607.8707530092213,884.9092080040368,450.13843189280163,165.139673980882
2016-01-25,1276.8440736866446,617.4280097822461,879.5491821651827,438.0653353915375,165.44447429523143
2016-01-27,1270.9936970065635,613.9143275775365,872.2355114782596,439.72677162020705,165.48007434620348
2016-01-28,1293.3141023389303,618.1307719583223,870.5322751205061,441.44362623870626,165.18861454530958
2016-01-29,1316.842787469743,635.9803393225692,894.8278607880139,445.59721681038013,168.27895317816547
2016-02-01,1310.3565187372194,632.6072352882089,881.8034089263518,447.20323464922006,168.10987194736623
2016-02-02,1273.2829932941618,608.7140290178113,851.8972972049529,441.4989939255259,165.8760963962906
2016-02-03,1248.1644931334376,598.8756802419231,831.1083476490782,439.00683958252154,163.79028321757977
2016-02-04,1237.544841161233,618.4118639611856,833.3124927121842,431.3642227900396,164.7291816018676
2016-02-05,1234.8104204369254,618.2712857908363,844.5836265180299,437.0130958269141,166.62254592401143
2016-02-08,1222.283007408588,601.6866002705567,826.7502309456509,432.3610946678433,164.3565163139379
2016-02-09,1217.768004038636,613.2115654014605,826.4496490325507,430.20119714876694,162.37527624803056
2016-02-10,1224.3178619764037,600.1405620858906,839.1233455583277,425.3830422262272,160.53976065076503
2016-02-11,1175.8615291994054,571.0471215936032,819.286223439817,412.2577061603397,155.21453837858226
2016-02-12,1152.9687361210351,543.2185629452831,774.2517699144977,403.78437125352286,155.31688445127307
2016-02-15,1204.0959004170973,563.1764168377584,781.2147769902573,430.42271859905554,159.36614310221037
2016-02-16,1183.4924885251305,562.0520488263049,752.4107836627722,418.1834936858274,156.8142158597195
2016-02-17,1211.5360921270897,563.1764168377584,782.4171046426583,423.666238310738,158.15359037431983
2016-02-18,1195.6383663220024,587.7723209463967,791.2335931703607,433.35796654564706,160.00690056526622
2016-02-19,1201.0435336665682,593.5348035118486,767.2886711140162,413.4207064501074,160.42962536948497
2016-02-22,1223.872737539694,602.6704544494962,760.8265727436092,419.1249725253065,160.95913946300956
2016-02-23,1207.784244118874,603.2326384552229,737.432732815402,401.7352851626008,158.17805522472844
2016-02-24,1211.5996813323338,588.6156612928222,770.3443884936381,410.76242369513903,156.15677189123397
2016-02-25,1200.725587640347,607.8707530092213,765.5854806186237,403.285960666126,155.08660850362133
2016-02-26,1208.6744929922934,607.3085690034945,766.1365168844001,403.5074821164146,156.4026153924539
2016-02-29,1229.4051681935541,545.6078771385394,770.6950521048014,407.2180297875112,155.45259267121295
2016-03-01,1248.0373147229493,538.2993885573391,795.1910562892832,427.54293974530356,160.686593207658
2016-03-02,1273.7281177308714,547.9971913317956,788.0777123946126,430.9765475762821,163.947142886785
2016-03-03,1288.1632918153412,554.3218579029742,791.4340116873348,436.9577281400945,166.32218882627708
2016-03-04,1279.960029642418,564.1602710166978,816.7314147655477,430.86581220264264,166.539113396863
2016-03-08,1306.1595462922942,567.3928612185441,822.4421042155651,440.9451649482994,166.53799444500152
2016-03-09,1324.8552820269335,576.9501179915691,800.8516640412375,431.69653031697743,167.57255778164208
2016-03-10,1286.7642444011626,578.2150641733718,795.6418832965728,427.6536751189429,166.5569079905439
2016-03-11,1290.2617355884013,576.5285121561917,805.1596990466019,427.4321536686543,167.09199511615535
2016-03-14,1296.9388568354627,585.3830067531405,806.2617715781547,426.6568032411392,167.72719041073464
2016-03-15,1297.8926949141264,582.9936925598843,812.4232880354617,434.41020611027045,165.98845871768333
2016-03-16,1299.4824250452325,580.463864534114,819.9373772393587,430.42271859905554,166.83724345448468
2016-03-17,1292.1694966445339,596.6268798811809,866.4746486054576,441.44362623870626,167.14427080894677
2016-03-18,1306.4139031132709,603.2326384552229,858.5097323942708,433.13644509535845,169.18670559170664
2016-03-21,1319.2592621678293,608.9951210206747,871.6844293501223,437.0130958269141,171.40934594221883
2016-03-22,1332.6770089683914,607.4490828360085,872.3356748743859,436.1270100257596,171.64629214659834
2016-03-23,1308.957556221846,603.2326384552229,870.1315298112797,435.40702728506426,171.6818921975704
2016-03-28,1297.7655165036379,601.4055082676933,875.2411471598185,434.18868465998185,169.42587883619882
2016-03-29,1317.9238888577004,596.6268798811809,875.6418924690448,436.68083900298615,169.02317566577366
2016-03-30,1331.6594967856781,612.5088032253844,902.8428586972635,443.0496440775462,172.0979467450614
2016-03-31,1329.306611292836,601.8271784409061,905.9987394730117,435.9608562622907,172.1691359833952
2016-04-01,1315.6345925701023,586.9290449378067,888.9167528210224,435.35165959824457,171.6051299271497
2016-04-04,1316.3976630330333,582.7126005570209,888.6662526059853,444.76649869604535,172.6230067583606
2016-04-05,1306.0959570870498,577.6528801676451,892.0726335967705,445.4310630469112,169.1611217894365
2016-04-06,1314.7443436966828,579.3394321848252,891.8222251064551,454.90121912852175,169.40919233076912
2016-04-07,1319.1956729625851,583.9775467388237,886.7126077579165,455.39968041892854,167.89850954525687
2016-04-08,1318.051067268189,579.4800103551746,901.3400408564842,457.0611166475981,168.09318544193655
2016-04-11,1323.0746993812893,583.555876565611,918.9230279385476,460.77166431869483,170.6784748316765
2016-04-12,1332.1046212223878,594.0969875175754,922.57990914437,459.6086386774221,171.51391905502234
2016-04-13,1355.8240739689331,599.7189562505132,927.3888528550868,461.21470721927204,174.66210641275657
2016-04-18,1354.1707546325829,583.415362733097,971.7219791580794,475.28149677313365,176.09158371123308
2016-04-20,1319.2592621678293,589.8805431367896,956.0426469507436,469.18958083568197,176.09269179948427
2016-04-21,1324.1558007692468,598.5945239012244,972.573643199317,470.68486330088257,176.03261603449326
2016-04-22,1321.3577908396949,607.4490828360085,967.7145260658154,474.61693242226784,175.74894544218859
2016-04-25,1293.3141023389303,596.7674580515302,980.1378141012771,475.11539371267463,174.76444162183705
2016-04-26,1293.3776915441745,602.3893624466327,977.6330871250709,480.87500212318855,177.15840110687154
2016-04-27,1296.4936474999479,623.4715843505614,984.1954406163259,484.19787458052764,177.54219073175432
2016-04-28,1267.6233842298136,609.5573050264014,964.5585535653456,469.6326237362592,174.59090631081244
2016-04-29,1249.8178973685933,610.6816730378548,979.8372321881769,479.87818094839474,174.64763608382927
2016-05-02,1255.2231496119648,612.087197390007,971.3713155469161,472.1247780792635,173.670921472067
2016-05-03,1241.0423323484717,605.2003468131018,955.6919833395801,464.86983650053907,172.360476751711
2016-05-04,1243.9675206885124,592.1293434975319,948.8290479352249,457.17185202123744,171.4605135467591
2016-05-05,1240.3428510907852,591.707673324319,940.5635498109382,454.29202246447556,172.1046170017891
2016-05-06,1232.3303565335943,585.9451907588672,940.9643868448862,460.77166431869483,172.05901156572546
2016-05-09,1250.3266110105474,594.7997496936514,938.7602417817802,464.53757967661113,175.00917703480582
2016-05-10,1249.6271297528606,584.3992169120364,929.0920892128403,458.22409158586083,175.49308569226673
2016-05-11,1240.533618706518,576.9501179915691,921.277418095843,453.7936118770786,174.62650636178452
2016-05-12,1262.6632564231518,579.9016805283874,928.1904351982613,459.4424849139532,175.77342115620752
2016-05-13,1244.0311098937566,572.7336736107833,929.5429162201297,458.999442013376,173.87115953722324
2016-05-16,1241.2330999642045,569.501083408937,924.4333905963127,453.57209042679,174.89126340854682
2016-05-17,1232.5847133545715,591.0049754860784,947.07582160413,451.5229789843629,175.55872362573427
2016-05-18,1234.3652960002157,602.2487842762833,934.8528603609207,450.35995334309024,175.10039877054348
2016-05-19,1209.7555094814454,590.4427914803516,945.0219216352133,456.285766220083,173.1703263091764
2016-05-20,1188.1345854067656,599.0161940744371,922.2292455332067,453.57209042679,172.42055251670197
2016-05-23,1182.7929223686385,585.101914750277,923.6318082531382,447.9232173899155,172.0056060574622
2016-05-24,1196.083490758712,580.8854703694914,897.6330779525988,439.56061785673813,172.4016389711596
2016-05-25,1209.7555094814454,590.7238834832151,919.1233547308,446.5386702983542,176.5410004059731
2016-05-26,1204.2230788275856,607.3085690034945,928.5410070847029,445.4310630469112,179.53900921484015
2016-05-27,1239.6432849342932,598.7351020715738,1013.9011338207508,457.39337347152605,181.47464384468384
2016-05-30,1232.0124105073733,600.0000482533766,1001.3275089663782,446.3725165348853,181.96077954225746
2016-05-31,1218.213128475346,592.4104355003951,982.3419591643832,460.88239969233416,181.55140611510453
2016-06-01,1212.8078762319747,592.1293434975319,988.9543026289795,465.8667083783429,181.99304446486562
2016-06-02,1216.1781890087248,598.172918065847,1004.9843901722005,465.31287940111633,182.86074274720934
2016-06-03,1220.502424762944,595.5025118697274,1014.4020425261035,469.6326237362592,182.90189410304765
2016-06-06,1214.3341020566418,592.5510136707445,996.1177282217133,463.3191863485188,182.46248279339923
2016-06-07,1214.6520480828628,598.5945239012244,978.0839141323604,463.928383012565,183.91755475775616
2016-06-08,1213.4438531832225,606.4652286570691,981.99129555322,459.774792440891,184.06438731464917
2016-06-09,1235.1283664631464,620.2389941487152,999.3237824202462,460.10704926481907,182.51921256641603
2016-06-10,1242.1869380428682,613.3520792339743,988.7038941386642,454.18128709083624,181.77277390230552
2016-06-13,1247.7829579019722,599.4378642476498,1010.5448345280287,460.88239969233416,180.45009675674518
2016-06-14,1241.61463519567,598.172918065847,993.0119291440283,458.6117667996184,180.41116157740927
2016-06-15,1252.23437206668,600.7027460916173,1012.899224685324,462.32231447071507,182.5859585881348
2016-06-16,1241.6782244009144,595.0808416965148,1013.4001333906765,460.3285707151077,181.12089210229655
2016-06-17,1239.8976417552701,592.4104355003951,1006.8378716241433,457.61489492181465,181.77611989427967
2016-06-20,1259.3565328516459,601.12441626483,1006.6875348052323,454.6796976782331,183.29569997663236
2016-06-21,1255.4139172276973,611.5250133842803,1010.4445794071808,457.1164843344178,182.8818833328644
2016-06-22,1247.0198874390414,613.7737494071872,1011.2461617503553,460.10704926481907,182.52145047013903
2016-06-23,1246.956298233797,614.1954195803999,1025.7733397280751,467.19588778308446,184.00654945338115
2016-06-24,1210.0734555076667,588.6156612928222,1015.3538699634671,464.1499044628536,179.9606259308077
2016-06-27,1215.4151185457938,590.7238834832151,1040.1503643363276,466.3651696687496,180.0963450143579
2016-06-28,1218.1495392701017,594.0969875175754,1053.6757249033424,481.7611386273529,180.833886381628
2016-06-29,1229.7231142197752,603.6543086284356,1056.3306969737378,488.8499264426084,182.5281207268668
2016-06-30,1232.5847133545715,608.0112668417353,1074.1640925461165,488.4622512288508,184.39144716651515
2016-07-01,1238.0535548031871,632.4666571178595,1094.001306389349,525.346155786519,185.2947346362206
2016-07-04,1254.905118686938,652.2839328399855,1108.2279941786906,532.5456789754138,186.2369790124826
2016-07-05,1263.0447916546173,648.6296724649264,1100.012577752467,528.6690282438582,185.46383759424046
2016-07-07,1256.4313445116052,636.9641935015087,1116.1929103898772,524.2938655188857,185.50722685380177
2016-07-08,1244.349055919978,627.6880287313472,1116.7940742160774,518.8111462454801,185.18016700193579
2016-07-11,1262.2817211916863,632.4666571178595,1135.428960406909,529.167438831255,188.39955446161414
2016-07-12,1276.144592428958,640.6184538765677,1122.655008760284,527.9490455031628,189.5820584433989
2016-07-13,1282.9488071877026,658.1869935757867,1093.2498974689595,530.4965675329868,189.54757734428836
2016-07-14,1278.0522685862852,648.0674884591997,1108.8791479782324,533.4317647765683,190.55989200702268
2016-07-15,1287.3365472483608,647.2242124506097,1111.5842934714128,529.832003182121,190.03483199372343
2016-07-18,1279.7692620266853,614.4765115832632,1114.3895106359973,523.5185657943806,189.30729601154496
2016-07-19,1294.4587929321322,621.2227839898192,1146.4495939977176,546.6678869191052,189.74892349769576
2016-07-20,1301.0722400751438,629.3745807485273,1151.15846603703,568.0450364415208,190.57879468895473
2016-07-21,1279.8964404371736,625.7203203734683,1154.6650104239413,577.5152432261413,189.33843111868137
2016-07-22,1290.7069449239164,625.298714538091,1168.5911163001824,578.512115103945,190.03037791349806
2016-07-25,1300.7542940489227,637.5263775072355,1189.2298207618678,594.7941698637027,192.13176950938742
2016-07-26,1302.4076133852732,630.63952693033,1178.910514393386,590.1421687046319,191.13057918360622
2016-07-27,1288.4812378415625,627.5474505609977,1179.2110963064863,593.6311442224301,191.690120296016
2016-07-28,1305.3328017253134,622.2066381687587,1169.7934439525834,589.5883397274054,192.81367832828158
2016-07-29,1290.7705341291608,618.6929559640489,1187.526676128836,602.9905649304012,192.195169539132
2016-08-01,1283.9026452663663,615.03869558899,1191.433965824974,600.3323075269379,192.15178027957066
2016-08-02,1288.0997026100972,621.5038759926825,1160.8767003040332,615.0637121346753,191.84809891708275
2016-08-03,1264.1258930425747,614.8981174186406,1147.952411838497,611.5746859138673,190.1115725369235
2016-08-04,1262.9176132441287,617.9901937879729,1140.7389045477003,604.5412657854315,190.25062674883756
2016-08-05,1292.4874426707552,635.1370633139792,1175.3037148856267,637.9361441222916,193.18858151993425
2016-08-08,1309.0211454270905,635.558733487192,1215.7796331905447,645.191085701016,193.81597674231398
2016-08-09,1310.8652323791734,643.7105302459,1193.5379474919537,626.4168258952441,193.07955432690537
2016-08-10,1276.4625384551791,643.851044078414,1169.292443522509,597.0094350695988,190.7890490028129
2016-08-11,1289.7530219464472,650.456802652456,1195.9424193473121,602.9351972435816,191.1639521944656
2016-08-16,1303.4887147732306,661.1384917747697,1195.0407653327331,603.1567186938702,192.28527232300817
2016-08-17,1288.7355946625394,668.4470125248877,1176.906787847254,603.5997615944474,191.87367185574254
2016-08-18,1294.7767389583532,678.42587513329,1176.4057874171797,622.4847567738587,192.96831095737411
2016-08-19,1290.7705341291608,679.1286373093659,1188.6287486603892,627.1368086359395,192.8270405689577
2016-08-22,1286.8914228116512,672.8039707381873,1197.244910395839,620.048020820684,191.9871531289968
2016-08-23,1285.1109250648121,670.1335645420678,1154.3645202355628,602.4921543430044,192.06389367219685
2016-08-24,1297.8926949141264,677.4420852921859,1165.6857357394715,624.8661757432237,192.45769954578157
2016-08-25,1287.9725241996086,668.4470125248877,1198.7477282366185,631.4565022680724,191.16506028271675
2016-08-26,1307.3041519866906,670.1335645420678,1193.738274284206,635.2778360158184,190.72786514957073
2016-08-29,1344.8864759705075,667.0414881727355,1199.8498007681717,633.2840922602109,191.50435255978707
2016-08-30,1356.2692833044484,679.4097293122294,1218.7852688721034,635.2778360158184,194.5501829812202
2016-08-31,1348.1296103367692,664.230568144102,1207.464053368195,637.3269474582455,195.48130302052905
2016-09-01,1308.957556221846,665.073844152692,1175.804715315701,637.6038365953538,195.22433518235601
2016-09-02,1288.7991838677838,671.1174187210073,1175.704460194853,635.1670499391691,196.00303876907475
2016-09-06,1297.1296244511957,670.5552347152806,1199.4490554589452,634.8901608020608,198.9698907435848
2016-09-07,1294.2680253163992,688.5453802498769,1181.8159866788185,628.6320911011401,198.4125658076774
2016-09-08,1314.2991343611677,692.3401544574499,1176.6062059341539,624.5338682162859,199.18125314569414
2016-09-09,1328.4799516246608,716.6549665632249,1179.3112597026125,624.3123467659973,197.27232126998211
2016-09-12,1330.9600155279916,705.5516716055338,1133.9261425661298,612.4607717150217,193.91053360641553
2016-09-14,1328.7343084456377,697.680966849689,1152.8617023947834,626.4721935820637,194.15526901938426
2016-09-15,1354.4887006588042,698.5243071961145,1138.434596088468,618.940362866231,194.51013971363307
2016-09-16,1367.9063625605609,703.5840275854903,1158.0713914147266,631.5672883447216,195.340010904892
2016-09-19,1376.618338375438,714.406230540318,1172.5986611171681,632.619527909345,195.97522792669193
2016-09-20,1366.1894540189662,724.5256713190696,1173.700733648721,631.8995958716595,195.25214602473883
2016-09-21,1363.7093901156354,717.7793989125137,1175.804715315701,633.3395106500404,195.27995686712165
2016-09-22,1384.94877895885,729.4448778759314,1199.8498007681717,641.6466917933883,197.28900777541182
2016-09-23,1402.563498204337,732.3963760749143,1211.5717615813066,646.0771715021705,196.49027169128922
2016-09-26,1408.1595180634413,701.4758053950975,1247.238644450786,655.9350027975386,194.0762905724612
2016-09-27,1412.3564905083667,695.853900999995,1223.7946310997943,648.6800612188142,193.70586318825454
2016-09-28,1387.1108968359595,707.3788017930633,1234.9155198114506,655.4365922101416,194.56799930212168
2016-09-29,1363.9637469366123,703.1623574122775,1222.5923951721152,635.2224683289987,191.1439196970617
2016-09-30,1378.2717426105937,721.4336592875727,1227.5015940036799,645.191085701016,191.5866769986843
2016-10-03,1387.1744860412039,731.5531000663243,1257.8585327323683,668.6727143526784,194.41112876930612
2016-10-04,1394.3602360314137,768.9389154876691,1277.2950012663744,678.5859133348662,195.10196747587165
2016-10-05,1385.5210818060482,749.5432456009206,1302.241740733424,684.1794186849211,194.54129654799007
2016-10-06,1412.7381106386374,756.5706743481753,1343.919894966021,720.1772374414348,193.77593347472683
2016-10-07,1410.4488143510393,751.5109539587994,1329.5930437805537,709.8763125424796,193.51005747610304
2016-10-10,1394.3602360314137,750.3865216095106,1318.071409759671,702.4552172002863,193.75924696929715
2016-10-13,1344.504940739042,766.6901151269269,1316.6688470397394,694.0926683701189,190.74565974325162
2016-10-14,1370.5771940796244,778.7772642635573,1336.2054789698718,712.202313122015,190.9692762977859
2016-10-17,1348.9562700049444,782.7126166414797,1320.6763001320032,711.4270133975098,189.56760984169222
2016-10-18,1374.9650190390878,777.2312260788913,1315.9675198174127,712.6453560225922,193.0717759819264
2016-10-19,1382.9138394922288,782.9937086443431,1323.6819358135622,723.3893238221248,192.65348353071246
2016-10-20,1383.1682812120112,790.8644134001879,1326.787734891247,711.7592702214379,193.5501224709108
2016-10-21,1353.4712733748963,786.5074551868881,1339.0106961344566,718.405015136116,193.40883035527375
2016-10-24,1352.3265827816945,821.7849840800047,1374.9781609170363,724.940024677155,193.76259296127134
2016-10-25,1349.2106268259213,811.6655433012533,1373.4753430762569,724.1646742496398,193.36989517593778
2016-10-26,1340.5622402162883,815.4603175088262,1354.640038368451,712.202313122015,191.67788787081167
2016-10-27,1333.7580254575435,817.428025866705,1355.742110900004,693.261950255784,191.67788787081167
2016-10-28,1341.70693080949,806.4652447415281,1340.6136773713622,716.6328435338071,192.18404520217885
2016-11-01,1336.6832137975841,812.7899113127066,1354.8403651607034,720.2879728150742,191.9226232837804
2016-11-02,1302.0260781538075,779.339448269284,1322.7802817989832,700.2400026974001,189.425209637804
2016-11-03,1302.2804349747846,752.0731379645263,1290.519779920289,686.1731624405286,188.77889000627158
2016-11-04,1278.8790131532658,757.5545285271147,1289.4177073887358,677.8659812971807,187.6397535568275
2016-11-07,1273.2829932941618,751.0892837855868,1322.680118402857,699.4646522698849,189.04809026964892
2016-11-08,1276.2717708394466,760.6465405586117,1323.581772417436,705.4458328336974,190.0826536062895
2016-11-09,1277.67073335482,758.6788965385682,1322.379536489757,700.6830455979774,187.60081837749155
2016-11-10,1285.047335859568,775.8257660645745,1331.5967703266856,709.5440050155418,189.6866315562024
2016-11-11,1274.0460637570927,768.6578234848057,1301.6406686319453,687.2807696919716,184.58166898296943
2016-11-15,1253.2517993505878,774.701398053121,1289.61812590571,633.1179384967419,180.40226428056883
2016-11-16,1254.7143510712053,765.7063252858228,1270.6825660770564,639.0991190605544,180.47234543065144
2016-11-17,1243.5223962518028,768.0956394790791,1273.387619845515,650.0646083103754,179.7681770742407
2016-11-18,1255.9226308696514,773.2958737009689,1287.51414423873,666.1251416198445,179.6380201591671
2016-11-21,1261.0099370868015,775.9663442349238,1270.0814939755776,646.5202144027477,176.411962442761
2016-11-22,1273.664528525627,781.1665784568137,1284.2079266440712,656.8211393017029,178.04055885453224
2016-11-23,1283.2667532139237,786.7885471897515,1270.1816573717037,661.0300975601965,178.73026774562595
2016-11-24,1255.7318632539186,779.339448269284,1278.5974005901799,651.1722155618185,177.2218120002264
2016-11-25,1263.8078621175482,779.9016322750108,1281.2022909625123,656.8211393017029,180.53241033203213
2016-11-28,1254.841529481694,798.3134479828199,1305.0470496227306,664.9067989947621,180.81274579597292
2016-11-29,1268.8951683346982,800.5622483435621,1290.0188712149363,661.6946619110623,181.15203807304323
2016-11-30,1259.165765235913,812.0872134744659,1290.3193614033148,679.416631449201,182.9842185419449
2016-12-01,1268.9587575399426,821.222800074278,1260.1628411916006,659.8117042321041,182.28116913739566
2016-12-02,1265.1433203264826,818.6929720485078,1218.5848503551294,653.3874807677146,179.9205717996103
2016-12-05,1263.9987146320864,830.3584510119256,1210.670015842006,644.5264706471403,180.85390801542155
2016-12-06,1278.4338038177507,839.7751939524366,1228.2029212260063,654.9381816227448,181.17428674694946
2016-12-07,1270.7393401855868,835.137079398438,1266.6750212600707,672.5493650842342,180.25986407668057
2016-12-08,1297.3203920669282,852.5650409273077,1278.4972371940537,679.3058960755617,183.4814677128613
2016-12-09,1308.6396101956248,862.4034540410314,1271.6844752124832,670.334150581348,183.81298164495266
2016-12-12,1306.4139031132709,875.4743930187658,1225.9987761629004,654.6058740958068,181.7894604077352
2016-12-13,1322.438807328847,877.0204312034319,1259.661932486248,666.7897566737203,182.92414277695391
2016-12-14,1347.4937182843269,858.1870096602456,1243.531681546901,662.6915337888661,182.04866614963123
2016-12-15,1339.1632777009147,870.484929545647,1233.6130287629237,659.7009181554549,181.4067897347139
2016-12-16,1344.504940739042,850.4568187369149,1224.495958322121,656.488831774765,181.09197317166252
2016-12-19,1351.372744703031,849.191872555112,1225.9987761629004,675.7615021679339,180.3110425448311
2016-12-20,1345.4587788177057,842.6564352351625,1226.3995214721267,669.6695355274722,179.82267980714482
2016-12-21,1352.2629935764503,849.6135427283248,1229.9061575837598,684.4009401352097,179.35323061500094
2016-12-22,1339.6719913428688,821.7849840800047,1223.7946310997943,678.5305456480467,177.52439613807346
2016-12-23,1344.6957083547748,813.5629304050397,1224.0952130128946,693.9265146066498,177.67234764682794
2016-12-26,1332.1682104276322,796.9079879685031,1206.7627261458683,682.1857256323236,175.94807541909364
2016-12-27,1354.1071654273387,802.3893785310916,1233.4127019706714,702.8982601008635,178.72026236053432
2016-12-28,1335.0298095624285,800.7027621760761,1232.6112113522183,700.4615241476888,178.76475970834682
2016-12-29,1355.0610035060024,807.8707690936801,1281.7031996678647,715.4144502057147,180.29435603940144
2016-12-30,1376.618338375438,806.8166579984837,1273.387619845515,720.0664513647855,182.12319051632892
2017-01-02,1380.0523252562377,810.6114322060566,1283.4064360256182,725.3830675777322,181.9830282161637
2017-01-03,1385.5210818060482,811.6655433012533,1303.544231781951,764.8144941652243,182.26669880846836
2017-01-04,1357.223121383112,821.3633782446275,1313.3626294450803,759.7193994025664,182.22776362913243
2017-01-05,1370.259248053403,841.813094888737,1347.9274397830068,780.9857628483328,184.08107382007884
2017-01-06,1367.1432920976297,854.0408221957168,1332.197934152886,767.2512301183991,183.41361360289136
2017-01-09,1370.6407832848686,834.8559873955746,1308.6537574057681,759.3870918756285,183.24118638011794
2017-01-10,1386.0934695520516,836.7533744993611,1323.0808637120833,768.0265805459143,184.4103498484472
2017-01-11,1381.2605201558786,833.3802061271655,1324.2830996397624,773.3431967588608,186.4583576632939
2017-01-12,1377.7630289686397,841.3914890533596,1321.0770454412298,785.8593361607021,187.04905561006072
2017-01-13,1386.7929508097384,848.7702667197346,1317.7708278465707,778.5490268951581,186.89663915747053
2017-01-16,1368.7966963327854,836.3317686639839,1338.7101142213562,781.6503779022086,187.17363949304746
2017-01-17,1324.2829791797353,821.3633782446275,1332.3982609451384,777.773676467643,186.8443634646791
2017-01-18,1313.2181178720157,834.8559873955746,1313.3626294450803,772.2355388044078,187.26708826889782
2017-01-19,1314.6807544914386,846.8728796159482,1350.3319116383652,796.9355607841626,187.66978057571268
2017-01-20,1304.6333204676268,831.9044891965918,1331.9975156359121,780.5427199477556,185.76195678825184
2017-01-23,1292.0423182340453,842.8672059839334,1356.643764914583,792.5050810753804,186.69974708428848
2017-01-24,1306.5410815237594,850.0352129015374,1367.3638165922914,812.5530511930546,188.57530594914112
2017-01-25,1293.8229008796895,863.949427887862,1425.0720583681093,842.4589033091065,191.39977944698356
2017-01-27,1303.7430715942073,862.2628758706819,1412.1478616272952,850.7660844524544,192.25635339237417
2017-01-30,1328.7978976508819,851.0893239967339,1411.947443110321,836.9208163488814,192.06723966417104
2017-01-31,1329.306611292836,854.0408221957168,1365.860998751512,811.6669653919,190.47756756812544
2017-02-01,1334.966220357184,844.1321521657361,1388.1027761748246,831.714986212584,193.92834992731702
2017-02-02,1327.1445783145316,846.8728796159482,1406.4370804525558,847.5539980717646,194.3254800656553
2017-02-03,1314.6171652861944,847.2944854513255,1399.8247369879596,858.0764444210084,194.4745505262713
2017-02-06,1324.7916928216891,839.0724317763604,1413.3500975549744,878.3459866919809,195.81168713714862
2017-02-07,1311.1195892001501,815.0387116734489,1435.9925285627917,867.8234896397273,195.08304306671897
2017-02-08,1303.8066607994517,819.676761889612,1443.7070362836628,876.6845504633114,195.09972957214865
2017-02-09,1313.4724746929926,813.3520953184333,1456.4309062322247,858.2979151682871,195.30776770950445
2017-02-10,1310.1657511214867,816.5144286040226,1433.7883834996858,841.90512503489,195.64482208285176
2017-02-13,1309.7842158900212,810.6114322060566,1431.7846569535536,841.5728175079522,195.9006818327736
2017-02-14,1335.1569879729168,825.1581524522004,1386.7001217301713,829.3889856330486,195.61701124046894
2017-02-15,1337.0647490290494,821.9958191666111,1351.9348928752709,817.869667406001,194.11300957529477
2017-02-16,1357.6682458198215,818.4118800456444,1341.3150045936889,832.822593464027,195.2988595490537
2017-02-17,1367.8427733553165,819.676761889612,1360.5510546107207,853.4244432619377,196.27113094420093
2017-02-20,1367.715594944828,823.4716004350203,1403.1309545826186,853.978221536154,197.55042969381023
2017-02-21,1383.9949408801863,827.4772097291997,1410.544788665668,866.8266684649334,198.1878411648919
2017-02-22,1535.7231144320222,824.7365466168231,1431.2837482482012,864.057574281811,198.61169578458242
2017-02-23,1504.2455239492633,826.4230986340032,1437.9962551089238,853.0921357349998,198.8920203849129
2017-02-27,1575.6583239086815,820.9417080714147,1418.0588778695649,854.8643073373086,197.9397814871696
2017-02-28,1574.577222520724,816.0928227686453,1342.617495642216,852.9814003613603,197.55931612704038
2017-03-01,1570.0623040495775,817.357768950448,1321.37762735433,845.5602543161572,199.03218268507817
2017-03-02,1572.9239031843738,812.5088193098431,1272.6862926231884,834.4840296926966,198.0076355971395
2017-03-03,1600.6494758613062,813.9846005782523,1267.9775123085979,830.8288497084197,197.95868416910164
2017-03-06,1660.1706699460244,817.1469338638417,1277.4953280586267,839.9113812792825,199.42488047041172
2017-03-07,1659.6619563040704,828.1096506511833,1294.2267428241744,838.9145094014788,199.05666926270743
2017-03-08,1642.1745003678773,813.5629304050397,1280.4008003440595,830.1642853575538,198.5538361960938
2017-03-09,1636.5148064047232,799.6486510808796,1266.3745310716922,830.1642853575538,198.6139119610848
2017-03-10,1630.0285376721997,807.8707690936801,1249.042044204666,825.0692412979058,198.78188510363287
2017-03-14,1640.0122975919621,809.1356509376476,1275.792183425595,828.5028491288843,202.17369978608465
2017-03-15,1659.6619563040704,804.0759305482718,1275.3914381163686,819.0880607340933,202.1247483580468
2017-03-16,1650.3777625408006,808.7140451022701,1297.93370572806,833.2656363646043,203.6576906810756
2017-03-17,1654.2567889595045,801.1244323492889,1286.612490224151,832.6010720137384,203.798961069492
2017-03-20,1628.9476060818533,804.7084358080908,1289.61812590571,821.7463688405667,203.0603007503604
2017-03-21,1607.3265971083679,818.2010449590381,1286.211653190203,824.2938908703908,202.94127903585024
2017-03-22,1602.1121124807294,811.6655433012533,1292.4233430702948,825.7338056487716,200.91554162213038
2017-03-23,1619.4088856999954,816.3036578552516,1312.5611388266275,834.7055511429852,202.15812136890614
2017-03-24,1636.5148064047232,809.1356509376476,1301.8409954241977,825.6230195721224,202.64092193811587
2017-03-27,1591.1744295834983,796.4863177952903,1288.7163801664092,821.6355827639173,201.24370956224755
2017-03-28,1584.370299723559,788.0534290337189,1294.3269062203005,817.5373598790632,202.48072714054675
2017-03-29,1598.2330860620252,788.2642641203253,1288.6162167702832,819.9741465352478,203.4374201185155
2017-03-30,1616.0385729232453,775.4040958913616,1283.7070179387185,834.7055511429852,204.10377224745173
2017-03-31,1679.9475070686212,780.0422104453602,1302.1415773372978,857.4118293671326,204.10377224745173
2017-04-03,1748.3078553787057,783.4153788175558,1279.1985644163801,844.3419116910746,205.52990355395409
2017-04-05,1799.6257872905,785.3127659213424,1277.8960733678532,844.7849545916519,206.13730973337115
2017-04-06,1829.5135627433478,790.7941564839309,1294.827814925653,854.5319998103707,206.06610963142705
2017-04-07,1788.942461214246,785.945206843326,1353.2373839237978,880.2288936679294,204.64997284640606
2017-04-10,1756.8291484766555,786.1560419299324,1403.2311179787448,911.0208315851357,204.27509138197397
2017-04-11,1745.3827519374702,792.0591026657337,1423.469077131204,907.14418085358,205.511000872022
2017-04-12,1722.0447495235849,787.2101530251288,1437.2950196113188,906.5904025793635,204.76456220791147
2017-04-13,1735.7805272491735,779.1989344367701,1464.946812846827,935.7209042679004,203.5931608358592
2017-04-17,1770.1832211731678,772.0309918570014,1450.2192163521331,940.262170053332,203.33730108593736
2017-04-18,1742.6483312131627,762.9655978356109,1451.1208703667119,954.4397456838428,202.57752190837132
2017-04-19,1740.867663668713,758.3275476194478,1448.5159799943797,964.1867909025617,202.5408029055378
2017-04-20,1741.8215866461821,755.1652143338586,1445.3100175205684,946.5756074410724,203.2727929679416
2017-04-21,1783.7281463842182,760.014099636628,1434.28938392976,940.9266837011879,202.89456551153538
2017-04-24,1802.6782389398345,765.0738200260038,1432.3858207797543,934.6132463134476,205.08716797955208
2017-04-25,1822.2642235478936,765.2846551126102,1481.4778090954003,966.9558850856843,207.05949988500868
2017-04-26,1801.4699591413887,759.3816587146443,1466.249303895354,960.8639184452226,208.06625237926647
2017-04-27,1792.630804916023,755.1652143338586,1474.7652105099562,982.0195465173496,207.8504576241523
2017-04-28,1774.4437828233372,786.5777121031451,1441.2023093074567,974.8200233284548,207.00277011199185
2017-05-02,1743.093370751067,811.2438731280404,1482.4797182308273,981.4657682431332,207.21969468257782
2017-05-03,1742.521152802674,805.7625469032873,1475.1659558191825,978.9182462133091,207.17854332673951
2017-05-04,1727.0685514342965,796.4863177952903,1465.7483034652796,965.0728767037161,208.24537158598827
2017-05-05,1689.295374935941,774.9824900559844,1452.222942898265,959.4240543698517,206.58560747624972
2017-05-08,1680.583399121064,784.0478197395395,1433.8886386205336,949.2338648445357,207.22525685105438
2017-05-09,1691.96629135381,784.6803249993586,1445.5103443128207,976.3707241834851,207.2875487925477
2017-05-10,1728.5310182561084,792.4807085011109,1459.2361233968095,977.9213236324955,209.2999456928121
2017-05-11,1729.1034060021123,774.1392140473943,1464.045158832248,957.0980030873063,209.63591370512881
2017-05-12,1717.5298310524386,779.4097695233764,1469.0545210599387,963.4114404750467,209.15756721614446
2017-05-15,1709.4537472900035,787.4209881117351,1458.4346327783567,979.3612891138864,210.14763320497255
2017-05-16,1724.970022762431,780.6746513673438,1469.355102973039,989.3299064859036,211.63494836471705
2017-05-17,1720.9001438291884,777.9339882549673,1457.633142159904,984.1240256465964,211.9353054624514
2017-05-18,1688.1507692415446,762.7547627490046,1432.4859841758803,974.487715801517,209.79276251072375
2017-05-19,1677.340264754802,759.1708236280379,1407.539152984109,964.5190984294996,209.75828141161318
2017-05-22,1684.0808903083025,746.9430963210581,1393.8134656248421,942.2559138089393,209.98854649565462
2017-05-23,1660.4250267670016,736.4019853690937,1401.7283001379656,939.8191271527547,208.8293992760273
2017-05-24,1650.4412668472394,732.3963760749143,1426.4747128127628,953.7751306299672,208.25982018769494
2017-05-25,1656.4824960418584,734.2937631787008,1456.4309062322247,972.3832366722702,211.5793266799514
2017-05-26,1700.8054455791757,741.0400999230922,1502.116513557086,943.8065132579497,213.47824230696153
2017-05-29,1725.733093225362,741.0400999230922,1512.5360750464156,928.7428518262844,213.69629669301924
2017-05-30,1728.8490491811351,753.2677628922366,1480.2755731677212,929.4074668801601,214.13347009894466
2017-05-31,1705.129511535784,746.3106553990743,1488.0902442847184,951.3383439737825,214.06005382049818
2017-06-01,1689.295374935941,733.6613222567172,1480.7764818730739,916.7804906986596,213.94546445899275
2017-06-02,1684.8439607712337,733.6613222567172,1452.3231980191129,918.8849698279064,214.77757355397472
2017-06-05,1690.6943374513144,741.0400999230922,1459.83728722301,934.9455538403854,215.25813621946145
2017-06-06,1669.6457162238328,722.9093762181465,1453.8260158598923,940.5944775802699,214.4138164264958
2017-06-07,1702.9674785574803,725.439268581752,1437.2950196113188,946.6863428147116,215.00896845348794
2017-06-08,1693.6831149965992,719.1146020105734,1416.3557332365333,927.6351938718313,214.63851934206068
2017-06-09,1698.7704212137494,713.4223763613785,1410.1440433564414,930.5150234285932,215.1057414940919
2017-06-12,1678.1033352177333,710.4708781623956,1406.0363351433296,938.4898970450033,213.9521564429411
2017-06-13,1671.6170664852098,713.0007705260012,1400.6262276064124,929.8505097807373,213.74079404083176
2017-06-14,1726.4961636882927,714.6873225431813,1386.5999583340451,931.9549889099841,213.99109162227705
2017-06-15,1760.1357871493558,704.7786525132008,1343.3187311398208,901.7168292669942,213.0989067623041
2017-06-16,1766.3041947544639,704.7786525132008,1350.131584846113,896.2894776804083,213.3213935013666
2017-06-19,1792.3127739909962,700.1406022970377,1336.8065510713504,902.0491367939321,214.8676763378509
2017-06-20,1796.25547451375,713.0007705260012,1331.9975156359121,912.0177541659494,214.77757355397472
2017-06-21,1808.5286156199156,694.8700468210556,1311.2586477781003,904.3750866704576,214.33481625235208
2017-06-22,1822.073540830966,676.5284880295034,1286.0113263979506,871.7002417773027,214.25472971717787
2017-06-23,1826.1432499665975,666.6198823373581,1263.869804095486,849.3262203770832,213.02994456408294
2017-06-27,1827.796569302948,674.4202658391106,1226.3995214721267,864.832924709326,211.61604568278497
2017-06-28,1778.640840167068,666.6198823373581,1235.7170104299034,857.6334015204312,211.16772621268584
2017-06-29,1771.2641527635146,665.5657712421618,1254.452151741583,856.9687864665553,211.45361298149288
2017-06-30,1755.1121550362557,663.2467139651626,1281.2022909625123,853.3136064822784,211.82740808489436
2017-07-03,1756.4474434475792,670.8363267181439,1301.139668201871,857.0795218401947,213.9209996085841
2017-07-04,1808.4649415158663,674.2094307525042,1316.8691738319917,845.892561843095,213.88317251749936
2017-07-05,1834.791721475036,686.437158059484,1326.687571495121,854.4212644367313,214.4238109479771
2017-07-06,1834.6645430645476,681.7990435054855,1322.579863282009,845.3387328658686,215.24590379425712
2017-07-07,1896.4749485380582,672.9445489085368,1330.3945343990063,846.7786476442494,215.05122789757743
2017-07-10,1898.6369815163628,684.7505417044684,1331.7971888436598,849.4369557507227,217.39290082621014
2017-07-11,1900.5448274713008,675.6852120209134,1359.1484918907893,858.4087519479463,217.72663093480392
2017-07-12,1921.8478055197593,686.6479931460904,1369.9687069646238,869.7064980216954,218.39519924024256
2017-07-13,1935.8377702687144,669.9929863717184,1378.2342050889104,843.8988180874876,220.0772120238873
2017-07-14,1950.6544795846494,667.6739934325547,1384.9968853724179,826.5091560762867,219.95816858215656
2017-07-17,1973.5472726630198,674.8419360123232,1404.9844360345614,827.5059772510806,220.6167423661139
2017-07-18,1933.0398452379675,681.7990435054855,1408.4408987234096,824.4046769470399,218.6410644686831
2017-07-19,1949.6370523007417,687.2804340680741,1412.1979433253582,831.0504218617181,220.25296351141432
2017-07-20,1944.4862417771528,699.2973262884476,1404.2330271141716,829.7212424569766,219.6678277331241
2017-07-21,2015.8353676325216,692.9726597172689,1404.0826902952608,843.7880827138482,220.60116394893535
2017-07-24,2054.307940489758,688.3345451632705,1401.2273914326129,837.6961667763965,221.73919231012826
2017-07-25,2037.6470593229342,688.5453802498769,1403.331281374871,830.275071434203,221.69801922706935
2017-07-26,2063.846491074005,691.4968784488599,1416.8566419418858,827.727549404379,222.94618286954227
2017-07-27,2028.2991914556146,686.8587638948613,1434.28938392976,817.2051030551352,222.94394496581927
2017-07-28,2027.8539821200993,694.6592117344492,1429.4803484943213,814.7683163989506,222.80934483413057
2017-07-31,2054.244266385708,714.2656523699686,1416.1052330214961,814.4360595750225,224.20210312977355
2017-08-01,2039.4912311738224,705.8327636083972,1459.5367053099098,820.417189435825,225.03755821672965
2017-08-02,2072.049753246928,697.3998748468257,1461.640595252168,819.8634111616085,224.30000598584928
2017-08-03,2098.6307202294643,698.6648210286285,1472.7614839638243,857.4118293671326,222.79044215219855
2017-08-04,2063.083420611074,701.6163192276114,1556.6187928590928,928.0782367724087,223.96405970075315
2017-08-07,2055.706903005131,699.5080970372186,1586.0739858484806,955.2150961113581,223.7638216355969
2017-08-08,2038.1557729648882,691.4968784488599,1517.9962642813957,915.451361996928,222.00950066175685
2017-08-09,2033.3863278751537,698.6648210286285,1490.645052958988,917.2235335992368,220.4409691513663
2017-08-10,2015.0086230655409,690.231932267057,1447.2135806705742,908.916352455889,218.48753992784174
2017-08-11,1966.5522902885425,673.1553196573078,1455.6293238890503,912.2392249132281,216.05241822335864
2017-08-14,2000.6369532875099,681.7990435054855,1437.7458466186083,929.1858947268616,217.90685822977687
2017-08-16,1991.7979688597547,678.6367102198963,1454.577424780282,935.499332114602,220.2017959068741
2017-08-17,1993.0697529646397,677.1609932893225,1483.8823726754806,944.3603929381861,220.35421235946427
2017-08-18,2003.6257308327947,678.42587513329,1512.736401838668,946.6863428147116,218.86911337622212
2017-08-21,1989.6357660838398,662.6142087053435,1496.055160495905,915.3406266232885,217.02134362653166
2017-08-22,1984.1034203287854,672.3120436487177,1533.9261884284906,937.4930758702094,217.27053311972577
2017-08-23,2012.083349826695,673.3661547439141,1531.9725435804219,945.5787862662785,219.20505966131824
2017-08-24,1994.277862965475,672.3120436487177,1527.4640900580835,948.5693511966797,219.3062867821476
2017-08-28,1992.3701868081475,677.1609932893225,1526.862926231883,976.2598874038259,220.54665035242093
2017-08-29,1948.6196250168337,663.0358788785561,1515.140965418748,962.5253546738921,217.94911767386637
2017-08-30,1989.2542308523743,667.8847641813256,1565.7859449979587,1003.1751745894768,219.91480104981585
2017-08-31,2027.917656224149,661.7709326967533,1589.9812755446185,1007.273397474331,220.6601316256752
2017-09-01,2047.7579976531847,674.4202658391106,1615.2286886494899,993.09582184382,221.91718170137827
2017-09-04,2051.891380892866,682.2207136786983,1596.4434656397473,950.4522581726281,220.54775844067214
2017-09-05,2076.3739890011475,686.437158059484,1620.7890412805962,956.654960186729,221.42325679521542
2017-09-06,2092.653165138895,684.3289358690912,1607.714599445593,948.6800865703192,220.62230453459046
2017-09-07,2080.9524117787328,684.3289358690912,1575.2535873252027,957.4303106142441,220.92711571255018
2017-09-08,2077.9001299270094,682.4315487653047,1542.9430037484456,950.6738303259265,221.03612117835843
2017-09-11,2080.443698136779,687.4912691546805,1539.6368778785081,950.4522581726281,222.62133919417866
2017-09-12,2095.3240815567638,684.3289358690912,1604.5585352204014,963.4114404750467,224.55697382402232
2017-09-13,2159.551046627167,679.058380393109,1503.419004605613,921.4324918577304,224.25105455781141
2017-09-14,2146.4511609540205,671.8904378133403,1504.3206586201918,929.7396730010781,224.41346553188288
2017-09-15,2141.236846123993,703.0921004960205,1494.5523426551256,920.7679782098745,224.3867845049719
2017-09-18,2150.77539670824,696.5565988382356,1496.6563243221055,920.7679782098745,225.89300234664847
2017-09-19,2133.0970882575084,699.5080970372186,1523.5567086372241,926.6383726970377,225.7695265519129
2017-09-20,2154.845275641482,707.0977097901999,1485.6856807046383,917.002062851958,225.6271480752453
2017-09-21,2140.0920706319857,699.5080970372186,1491.2461250604667,915.451361996928,225.19886110254998
2017-09-22,2079.171914031894,693.3942655526463,1478.7727553269417,904.7073941973954,221.69469496231576
2017-09-25,2089.72806169766,694.8700468210556,1464.1954039264372,883.8840736522062,219.65224931594562
2017-09-26,2086.039717995883,722.6985411315401,1410.3945435714786,885.3239377275773,219.627784465537
2017-09-27,2032.7504358227113,717.6388207421643,1399.4239916787333,876.462978310013,216.6075269827637
2017-09-28,2000.4462705705826,723.3310463913591,1391.1584935544465,880.3396290415685,217.34618730189527
2017-09-29,1986.3291274111393,720.8011540277536,1416.5560600287854,887.2069461095454,217.7833607078207
2017-10-03,2030.7155812548956,719.5362078459508,1439.2486644593878,900.6091713125412,219.36080037866202
2017-10-04,2082.860257733671,725.6501036683584,1461.1897682448785,905.4827446249104,220.59338560395645
2017-10-05,2096.341508840672,721.8552651229501,1443.0057090613361,901.0522142131185,220.01046600216858
2017-10-06,2129.1545575323653,733.0288813347335,1471.5592480361452,920.3249353092973,222.03509532763724
2017-10-09,2112.875211597007,719.7470429325572,1446.4621717501846,917.4451057525353,222.23644148104466
2017-10-10,2144.79784161767,718.2713260019834,1449.6180525259326,910.1347457839813,222.86385843064505
2017-10-11,2137.039788780262,713.2115412747722,1470.8078391157553,926.1953297964604,222.1485548736709
2017-10-12,2219.9624895853044,715.5305985517714,1477.5705193992626,919.1065419812048,224.63151991794064
2017-10-13,2229.373861759063,715.3197634651651,1468.8541942676866,918.4419269273292,226.21228385353552
2017-10-16,2230.264280430093,725.439268581752,1498.008805343974,916.1159770508037,227.6228367428593
2017-10-17,2224.0323685185467,721.8552651229501,1541.1396957192874,916.8912260722989,227.70294500525415
2017-10-18,2326.159518700182,735.5587093605036,1543.6944126688352,911.7961820126508,227.17786326473433
2017-10-19,2314.45876534002,725.439268581752,1527.3137532391725,907.476488380518,225.74727787800666
2017-10-23,2390.386313972974,723.9634873133429,1536.7814872911385,895.9571701534704,226.59939774317186
2017-10-24,2376.3963492240196,742.0942110182887,1531.8222067615109,903.1566933423653,227.107792978262
2017-10-25,2390.7680190020506,745.6782144770906,1532.2730337688001,924.3123214144923,229.05787620981238
2017-10-26,2409.8452899681556,747.7864366674835,1612.3732980621203,966.9558850856843,230.13582880601427
2017-10-27,2365.2043095058116,775.8257660645745,1586.8253947688704,919.2172773548442,229.6741688224596
2017-10-30,2397.3814661450624,786.7885471897515,1611.77213423592,922.097106911606,230.57747801938567
2017-10-31,2393.1844088013318,805.7625469032873,1627.8522117524822,920.4356706829366,229.94671507781118
2017-11-01,2422.945005843691,805.3408767300745,1622.442104215565,923.3155002396984,232.28727991819267
2017-11-02,2407.810265602729,792.6915435877173,1631.6092563544305,919.2172773548442,231.9157227185142
2017-11-03,2404.503626930028,808.9248801888766,1602.3043084592323,915.451361996928,232.55426400506764
2017-11-06,2371.944935059312,840.1265428715568,1575.5542609630247,909.691702883404,232.53868558788918
2017-11-07,2306.3190074735357,817.1469338638417,1567.1385177445486,886.5423310556697,230.27712092165135
2017-11-08,2258.2442099280024,811.8763783878595,1563.5317182367894,879.4535432404141,229.2314332480576
2017-11-09,2290.5485449777425,799.4378803321088,1569.392744505718,874.1370284334873,229.36047121126975
2017-11-10,2248.1969457018017,805.7625469032873,1539.185959146497,874.690806707704,229.64524989182559
2017-11-13,2226.321579907339,776.6690420731645,1504.6212405332922,879.121337119496,227.49158260314482
2017-11-14,2255.4462848972557,767.3928773030029,1481.92863610269,857.1903586198539,226.6383329225078
2017-11-15,2247.8154104703362,748.6297126760736,1516.9443651726276,862.8391809537186,225.11319067167855
2017-11-16,2299.0696682780813,755.3759850826295,1500.8641959313436,870.5925838228497,227.26464178385694
2017-11-17,2319.5460715571703,748.84054776268,1514.8403835056477,875.3553203555599,228.79645429141397
2017-11-20,2342.3115164274413,758.9599885414315,1516.192956252238,870.4818484492105,229.13353039198188
2017-11-21,2372.0721134698,762.7547627490046,1537.3826511173388,877.5706362644659,229.75983925333102
2017-11-22,2367.493690692215,764.44137910402,1525.9612722173042,877.238328737528,230.1024557951549
2017-11-23,2408.8278626842475,766.1279311212002,1518.296846194496,874.4692345544055,230.24596408729434
2017-11-24,2419.256662141914,763.1764329222173,1535.8798332765596,875.9092000357963,231.15705162919932
2017-11-27,2419.8925541943568,776.0366011511808,1528.2154989784733,869.7064980216954,231.37619237628763
2017-11-28,2399.543499123367,764.2305440174136,1525.6606903042039,865.2759676099032,230.72431057627867
2017-11-29,2406.2841246768676,769.2902644067896,1526.2617624056827,872.14328467788,230.52518059937364
2017-11-30,2344.092183971891,761.7006516538081,1514.3895564983582,871.7002417773027,227.52717179050657
2017-12-01,2314.967478981974,757.4842072730224,1491.9975339808564,859.1841023754613,225.19662319882698
2017-12-04,2293.3464700084887,765.7063252858228,1491.3964618793777,865.1652322362638,225.3290071540133
2017-12-05,2324.1244943347556,752.2136517970403,1505.522894547871,865.0544968626245,225.11764475190392
2017-12-06,2357.064721436938,741.4617700963049,1475.6168745511936,861.1777447250489,223.4678968908673
2017-12-07,2369.5285452600306,746.5214904856807,1500.1127870109538,867.2697113655106,226.19559734810585
2017-12-08,2342.693051658907,760.014099636628,1546.249313067826,896.843255954625,228.3971079765733
2017-12-11,2330.356406246302,754.321873987433,1545.4979041474364,895.846434779831,229.6563742287787
2017-12-12,2328.9574437309293,772.8742678655915,1499.6619600036643,875.2445849819205,227.82976679196395
2017-12-13,2326.5410539316476,775.4040958913616,1521.7533088833443,890.9728614674616,226.77962503814487
2017-12-14,2343.9650055614024,777.3015473329835,1543.5441675746458,908.2518388080331,228.0956210633671
2017-12-15,2339.5135913966947,771.6093216837887,1572.0977065494546,915.2297898436293,229.90110964174747
2017-12-18,2342.693051658907,771.8201567703951,1582.1666961523429,907.3657530068785,231.1359110435443
2017-12-19,2355.2842236900988,780.8854864539502,1602.1540633650427,908.0302666547345,232.79232916130863
2017-12-20,2335.4437124634524,792.6915435877173,1599.1484276834842,908.4733095553117,232.36960435708994
2017-12-21,2322.2168181774286,792.6915435877173,1608.3155798223497,910.3563179372799,232.28282583796732
2017-12-22,2341.166910733045,815.4603175088262,1608.4660083659828,908.8056170822497,233.45533529827077
2017-12-26,2365.077131095323,816.7252636906289,1619.737142171828,908.1410020283739,234.31190924366132
2017-12-27,2349.688203830995,812.0872134744659,1603.2061459232548,889.4221606124315,233.4052757819817
2017-12-28,2350.832809525391,813.773765491646,1581.5655323261424,868.3773693199637,233.11938901317464
2017-12-29,2342.8202300693956,823.0499302618075,1556.0176290328923,860.7347018244717,234.29411464998046
2018-01-02,2317.638225602232,830.0071020928053,1502.216676953212,855.9719652917616,232.32510700927742
2018-01-03,2326.9225891631136,815.6711525954325,1487.4890804585182,855.7503931384631,232.34735568318365
2018-01-04,2340.912553912068,841.1806539667532,1477.2699374861625,857.965709047369,233.71786530492034
2018-01-05,2348.4162499284994,836.7533744993611,1465.8485585861276,850.3230415518772,234.92040178410898
2018-01-08,2361.8976708331106,832.3260950319691,1494.4020975609365,860.7347018244717,236.3610034195386
2018-01-09,2393.438765622309,830.639543014789,1491.0958799662774,869.2634551211181,236.65914434077058
2018-01-10,2396.9999309135974,834.4343172223619,1485.6856807046383,862.9500177333776,236.55235505146473
2018-01-11,2385.2991775534347,834.4343172223619,1479.974991254621,861.510052251987,236.97507985568348
2018-01-12,2413.9149991037866,846.4512094427354,1472.460902050724,861.8423597789248,237.64364816112212
2018-01-15,2414.2965343352525,828.9529909976087,1464.3457407453482,865.8298472901397,238.9852388522248
2018-01-16,2347.6531794655684,831.482819023379,1441.0520642132672,850.987656605753,238.0708270455662
2018-01-17,2351.5958799883224,825.1581524522004,1442.2543001409465,850.7660844524544,240.03092652581853
2018-01-18,2339.3864129862063,818.4118800456444,1413.4001792530375,837.4745946230979,240.66390564389542
2018-01-19,2368.8926532075884,816.7252636906289,1434.5898741181384,854.975042710948,242.3926319518551
2018-01-22,2471.146981799712,846.2403743561291,1410.0939616583782,847.332476621476,243.98341213615188
2018-01-23,2501.0347572525598,874.2797680910554,1446.1615898370842,862.6177102064398,246.59763132013617
2018-01-24,2458.0472659241773,889.0373234238054,1444.2079449890152,864.6114539620473,246.64879892467638
2018-01-25,2456.902660229781,879.1286533938248,1444.658771996305,869.0418829678196,246.2850417971975
2018-01-29,2453.3414949384924,865.0035389830584,1412.0476065064472,885.3239377275773,247.63664873700208
2018-01-30,2417.476164395075,863.5278220524848,1459.5367053099098,922.097106911606,245.84006831907251
2018-01-31,2445.201906869619,857.8355964032899,1479.674409341521,925.0876718420074,245.35170558138623
2018-02-01,2400.8152832282517,821.7849840800047,1473.8134747973143,925.7522868958832,245.11142424864283
2018-02-02,2300.341452382966,812.5088193098431,1434.1390471108489,905.2611724716121,239.40907174469476
2018-02-05,2294.745432523862,795.8538768733066,1430.5323393278113,906.0365228991271,237.31658830925616
2018-02-06,2269.1818928252337,781.9395975491466,1404.2330271141716,888.9791177118543,233.57214083627852
2018-02-07,2275.032269505315,801.1244323492889,1431.4339933423903,896.6217852073461,233.092686259043
2018-02-08,2300.8501660249203,795.6430417867003,1437.2950196113188,854.1997936894527,235.3208779144215
2018-02-09,2283.807919424242,789.9508804753408,1428.879184668121,838.8037740278396,232.60877760158206
2018-02-12,2328.703086909952,805.3408767300745,1405.28492622294,839.689859828994,234.49546080338789
2018-02-14,2374.8702082981576,783.2045437309495,1382.8929954301595,835.9239444710776,233.63110851301835
2018-02-15,2379.9575145153076,793.9564897695202,1427.827193834631,834.7055511429852,234.6233906783488
2018-02-16,2343.456291919448,788.0534290337189,1399.7245735918336,830.8288497084197,232.5498099248423
2018-02-19,2357.954970310357,781.307156627163,1373.1246794650935,818.8665392838049,230.90564595950286
2018-02-20,2342.9474084798835,788.4750992069316,1361.703208840337,812.1100082924773,230.50516982919035
2018-02-21,2363.932525400927,801.7568732712725,1345.1722125917634,816.3190172539809,231.32947885197277
2018-02-22,2351.214344756857,784.6803249993586,1284.7590087722085,804.5781775766446,231.0013109118556
2018-02-23,2376.3963492240196,800.2811563406988,1292.1227611571944,816.0974958036923,233.41194603870946
2018-02-26,2387.7155673527163,802.6002136176979,1301.4402501149711,834.4840296926966,235.4488077893824
2018-02-27,2417.7305212160522,794.7997657781102,1283.256190931429,836.1454659213662,234.81917466327968
2018-02-28,2428.032312060841,793.9564897695202,1291.0707703237047,840.2436888062205,233.45198930629655
2018-03-01,2412.388858177925,799.859486167486,1328.1903893359004,845.11721141558,232.68441005653096
2018-03-05,2350.5784527044143,782.3612677223595,1305.347539811109,840.1329027295711,230.47066700285922
2018-03-06,2316.8751551393016,781.7287624625403,1338.1090421198776,846.66791227061,228.03222103362253
2018-03-07,2263.2043377346645,765.2846551126102,1332.6988428582385,840.4652102565091,225.9174889242777
2018-03-08,2318.401296065163,759.5924294634152,1329.0921350752012,846.4463908203214,227.88538847672956
2018-03-09,2322.598353408894,758.5383183682188,1320.6763001320032,853.978221536154,227.53384204723432
2018-03-12,2366.348915200208,775.1933251425907,1342.7677407364051,887.5392536364833,231.86233893747158
2018-03-13,2370.2916157229615,774.1392140473943,1402.5798724544813,903.4890008693031,231.98357682848413
2018-03-14,2363.169454937996,761.4898809050371,1391.0081567355355,875.1338496082813,231.62872786145593
2018-03-15,2319.291544938583,760.2249347232342,1388.7539299743662,850.8769212321135,230.4996076607138
2018-03-16,2289.403939283346,746.9430963210581,1345.1722125917634,818.5342317568668,226.82857646618274
2018-03-19,2277.830364333672,745.6782144770906,1294.6775698314639,788.1853367402375,224.58367657815396
2018-03-20,2263.331516145153,734.0829924299298,1277.0945827494004,770.2418457518103,225.2533529718438
2018-03-21,2281.39135982735,740.1968239145021,1294.3769879183635,764.0391437377093,225.94084568643513
2018-03-22,2310.0073511753126,754.321873987433,1246.4371538323335,753.6274834651147,225.03977439323205
2018-03-23,2273.76048540043,747.9972074162545,1242.680109230385,748.0893458018795,222.44334980292865
2018-03-26,2292.074685903604,754.321873987433,1261.0144135081164,740.7790365363354,225.39353699922967
2018-03-27,2288.7678774332926,757.2734365242515,1264.6212130158756,774.6723254605924,226.58384105321397
2018-03-28,2245.271672462956,749.68382377127,1284.7590087722085,782.4256776267138,225.01641763107463
2018-04-02,2271.343925803538,758.7491534548252,1272.5861292270622,755.1781336171349,227.1990038503894
2018-04-03,2288.1319853808504,748.4188775894671,1281.152209264449,771.5709744535419,227.93766416952099
2018-04-04,2276.3040536102,739.564318654683,1247.188562752723,758.2794846241856,225.34347748294059
2018-04-05,2310.134529585801,748.2080425028608,1269.7308303644143,768.9126663470687,229.72090407399511
2018-04-06,2317.256690370767,746.099820312468,1304.2956407023407,772.0140173541192,229.8643906389139
2018-04-09,2329.974871014837,752.2136517970403,1353.588047534961,796.6033039602347,230.9267648179373
2018-04-10,2332.6457874327057,759.8032645500216,1355.9925193903196,794.3880387543386,231.43626814127862
2018-04-11,2367.748047513192,768.0253182249867,1254.251733224609,741.4436008872012,231.76778207337
2018-04-12,2362.2792060645766,766.3387662078065,1258.3093597396576,745.4310376954062,232.69110204047934
2018-04-13,2388.097102584182,769.5010994933958,1218.4846869590033,732.582590766627,233.17944305094503
2018-04-16,2383.5185100089857,765.2846551126102,1226.900521902201,731.0319406146067,234.24181722996843
2018-04-17,2401.83271051216,762.3331569136271,1234.264274287187,740.7790365363354,234.6945907802929
2018-04-18,2385.9350696058777,767.8145474762157,1217.8836148575244,730.8104191643181,234.19399561740235
2018-04-19,2396.8727525031086,775.6149309779681,1131.7720792010869,699.7969597968229,235.06391007624842
2018-04-20,2360.2441816991495,768.8686585714121,1116.293073786003,709.3224835652532,235.0360992338656
2018-04-23,2380.8477633887273,763.3872680088235,1146.1991855074023,716.4113220835185,235.49554304091788
2018-04-24,2467.458638097936,770.1335404153795,1153.26244770401,722.392451944321,236.1552031859058
2018-04-25,2468.603413589943,756.6409312644323,1159.574209255506,711.5377487711493,235.18071561425623
2018-04-26,2480.940059002547,762.3331569136271,1158.672555240927,713.9745354273339,236.23196545632646
2018-04-27,2534.229341175719,761.9114867404145,1172.6487428152313,721.7278875934552,237.88949166234207
2018-04-30,2450.289213086769,761.2790458184307,1164.2329995967552,719.0695794869819,238.93628742418693
2018-05-02,2474.199433449047,759.1708236280379,1144.996949579723,713.9745354273339,238.46239501542797
2018-05-03,2445.9649773325496,763.59810309543,1135.228633614657,716.4113220835185,237.60805897376036
2018-05-04,2426.506171134979,760.014099636628,1142.742722818554,715.5251855793541,236.24198170502842
2018-05-07,2469.875197694828,775.4040958913616,1159.574209255506,727.9305896075562,238.40566524241115
2018-05-08,2459.9549420815047,772.0309918570014,1180.0125869249391,737.8992069795736,238.45683284695141
2018-05-09,2484.3738760857364,770.976880761805,1158.5223101467377,740.7790365363354,238.988584844199
2018-05-10,2495.6930942144327,793.7456546829137,1172.7990796341421,744.1019089936746,238.42902200456857
2018-05-11,2516.29667590401,790.5833213973244,1200.15029095655,749.1969530533225,240.4302945678798
2018-05-14,2509.555880552899,789.529210302128,1214.8779791759657,746.0956020462721,240.4325107443822
2018-05-15,2490.097074355329,796.9079879685031,1219.6869228866826,740.7790365363354,240.3268295433275
2018-05-16,2432.1020211964724,785.101930834736,1197.2949920939022,735.2408988731003,238.9752226035229
2018-05-17,2404.630805340517,795.221435951323,1174.0013155618215,729.9243333631636,237.6759130837303
2018-05-18,2375.378921940112,780.2530455319666,1161.2273639151963,725.272281501083,235.75585687106516
2018-05-21,2369.0198316180768,783.2045437309495,1183.7696315268875,731.6965049654725,233.98263321529296
2018-05-22,2357.3190782579145,780.8854864539502,1195.0407653327331,711.0947058705719,234.42760669341794
2018-05-23,2320.43632043059,739.564318654683,1123.9574998088112,680.0812465030768,232.061447187156
2018-05-24,2329.5933357833715,707.0977097901999,1116.142828691814,690.71442822596,233.91921145832777
2018-05-25,2342.1843380169526,739.7751537412893,1143.7946219273222,724.1646742496398,235.95053276774482
2018-05-28,2341.166910733045,740.4076590011084,1208.2655439866476,755.1781336171349,237.8082970389166
2018-05-29,2333.6632147166133,740.1968239145021,1218.334441864814,764.0391437377093,236.57681990187336
2018-05-30,2330.2292278358136,733.6613222567172,1203.0056815439198,756.7288344721652,236.1552031859058
2018-05-31,2343.583470329937,750.1054296066474,1214.126570255576,771.3494530032533,238.86510904946343
2018-06-01,2366.984977050261,730.2881538845215,1230.056402677949,763.5961008371321,237.97627018146468
2018-06-04,2393.1844088013318,721.4336592875727,1227.80217591678,770.0203243015217,236.47003061256746
2018-06-05,2410.481182020598,721.8552651229501,1218.334441864814,770.6848886523876,235.6835486808698
2018-06-06,2427.6507768293754,718.0604909153769,1232.3106294391182,774.8938469108812,237.71930234329162
2018-06-07,2470.765446568247,727.9690966075223,1250.4946886226603,774.4508040103038,239.58149896746815
2018-06-08,2503.8328520809173,732.3963760749143,1231.8598024318287,775.3368898114584,239.56594227751026
2018-06-11,2499.5086163266983,730.7098240577342,1245.5354080930326,766.9189732944711,239.99533733845678
2018-06-12,2536.391374154023,722.6985411315401,1247.6393897600126,771.5709744535419,241.23902517348372
2018-06-13,2549.999803671513,716.7955447335742,1262.0664043416064,775.7799327120355,241.5471823434176
2018-06-14,2563.8627598075896,710.4708781623956,1251.3964343619612,760.0517069295043,240.4647756669904
2018-06-15,2579.7604007138716,697.610709933432,1239.0733097226257,743.2158231925201,240.67948406107394
2018-06-18,2583.1943875946713,694.0267708124654,1271.6844752124832,770.4633672020989,240.28233219551498
2018-06-19,2533.5934491232765,694.8700468210556,1243.1309362376744,746.9817385504365,238.29331378462874
2018-06-20,2592.60575976843,686.2263229728777,1234.4146111060982,732.8041122169155,239.6638234063654
2018-06-21,2624.9100948181695,673.3661547439141,1268.2280125236348,754.2920478159806,238.9752226035229
2018-06-22,2575.436334757263,672.7337138219303,1281.4527911775494,753.1844405645375,240.77180302145246
2018-06-25,2554.959931478174,660.5059865149506,1238.3219008022359,741.4436008872012,239.45024482775366
2018-06-26,2490.097074355329,667.4631583459483,1248.090216767302,739.0068142310166,239.59931528836967
2018-06-27,2456.7754818192925,658.8194344977704,1150.5573022108297,689.606770271507,237.4245074140338
2018-06-28,2403.613378056609,647.2242124506097,1102.9180500378995,683.8471618609932,235.59342416977302
2018-06-29,2473.563371598994,667.8847641813256,1122.0037632360206,691.1574711265372,238.37896248827954
2018-07-02,2443.421239325169,655.6571012121811,1109.6807303214068,680.9673323042313,237.1107880756233
2018-07-03,2470.638268157759,664.9332659823426,1123.8071629899005,688.0561201194868,238.0585946203619
2018-07-04,2518.4587088823146,657.765323402574,1105.6231038063581,687.834598669198,239.61600179379934
2018-07-05,2453.3414949384924,659.4518754197541,1116.7439007932926,686.726991417755,239.16768232370015
2018-07-06,2486.5360788616513,655.4462661255747,1125.7608078379692,694.2588221335877,239.6771856470415
2018-07-09,2536.264195743535,663.6683198005398,1131.020670280697,696.9171302400609,241.46264172801799
2018-07-10,2609.012284114277,665.987377077539,1127.864789504949,687.834598669198,243.56179542018435
2018-07-11,2642.3340464479243,666.6198823373581,1101.5654772913092,684.7332476621476,243.58515218234177
2018-07-12,2753.1094983403873,670.2038214583248,1134.176642781167,694.9233864844535,245.25158654880806
2018-07-13,2797.4961219817546,649.7541048142152,1162.1290179297753,704.892003856471,245.15592159645533
2018-07-16,2737.4662142550824,648.4891586324125,1148.7539941816715,697.8032160412155,243.3304005206711
2018-07-17,2778.5460294261384,658.3977643245577,1180.1628320191282,728.595153958422,244.91451044824015
2018-07-18,2779.054743068092,675.8960471075196,1209.3175348201376,740.7790365363354,244.30045573931594
2018-07-19,2810.341481036313,682.0098785920919,1197.1446552749915,734.5763345222343,243.78093616727264
2018-07-20,2870.88027220255,665.987377077539,1168.7414531190934,713.5314925267566,244.96235378802686
2018-07-23,2849.640628662919,660.0843806795732,1171.2962617933626,719.9557159911462,246.6209880822936
2018-07-24,2825.8577565087403,662.8250437919497,1193.0871204846642,730.8104191643181,247.7234055289041
2018-07-25,2836.540912787384,670.6254916315376,1189.1797390638046,722.6139733946096,247.67223792436383
2018-07-26,2825.0945162481985,685.3830469642876,1168.8916982132828,703.5628751547392,248.45761176781033
2018-07-27,2873.932554054273,680.1124914883054,1193.8385294050538,732.8041122169155,250.92832265965518
2018-07-30,2928.747977153307,691.9185486220725,1189.480320976905,737.4561640789964,251.84497237003671
2018-07-31,3016.7578143778887,698.6648210286285,1171.446506887552,728.1521110578448,252.66706521631676
2018-08-01,3032.9099819027583,704.989487599807,1190.2317298972946,744.3234304439632,252.4379082205265
2018-08-02,2971.8626468921784,701.6163192276114,1207.6643801604473,747.4247814510137,250.1796678190422
2018-08-03,2993.738012686641,703.302935582627,1205.1096632108995,746.7602171001478,252.7627301686695
2018-08-06,3033.546043752812,713.6332114479849,1205.2599083050889,744.987994794829,253.34786594695973
2018-08-07,3012.179391600303,706.4652688682163,1184.5210404472773,738.3422498801508,253.4001633669718
2018-08-08,3097.3913037941384,727.3366556855385,1164.0826627778442,735.0193774228117,254.74731622655105
2018-08-09,3098.0273656441914,712.1574301795757,1169.0420350321936,732.8041122169155,255.2078681218545
2018-08-10,3063.052114176583,713.6332114479849,1207.0633080589685,737.013121178419,254.2912184114729
2018-08-13,3021.0822199297186,700.1406022970377,1141.2399049777746,711.7592702214379,252.65037871088705
2018-08-14,3079.331629909552,700.9838783056277,1132.072661114187,711.9807916717264,254.4158022944597
2018-08-16,3054.4036426681446,693.3942655526463,1137.031941643815,702.2336957499977,253.30226051089605
2018-08-17,3061.9076782797974,687.4912691546805,1134.9280517015566,706.8857476120784,255.2089762101057
2018-08-20,3141.1420353830626,711.3141541709857,1129.9687711719291,702.8982601008635,257.0111187965119
2018-08-21,3172.428603553673,717.6388207421643,1108.3281575748167,698.6893018423699,257.4371895927048
2018-08-23,3229.024863994767,724.806763321933,1075.2661650776697,679.6381528994896,257.7008276876056
2018-08-24,3249.501097476245,736.8236555423065,1072.8616932223113,683.4041189604159,257.13014051102203
2018-08-27,3285.112071198685,742.3050461048949,1086.6875439777045,691.6005140271144,260.1303872236121
2018-08-28,3355.0622345386805,736.1912146203227,1077.670636933028,689.1637273709298,261.1660586485039
2018-08-29,3291.979705365063,746.3106553990743,1087.1384627097157,693.3727363324333,260.12927913536095
2018-08-30,3241.7430446388366,748.2080425028608,1092.0977432393433,683.4041189604159,259.7933111230442
2018-08-31,3158.3116301918403,759.1708236280379,1088.3406986373948,689.1637273709298,259.8756355619414
2018-09-03,3126.516008784055,747.5756015808771,1082.3294272742774,686.726991417755,257.6919195271548
2018-09-04,3159.0747006547717,735.1371035251262,1055.8797782417266,675.429194640996,256.3113936567162
2018-09-05,3121.0471673354396,732.3963760749143,1049.2674347771301,676.9798954960263,255.34692233376853
2018-09-06,3208.548290918067,735.76954444711,1062.792795344145,680.5242894036539,256.68073467989234
2018-09-07,3252.2990225069916,724.806763321933,1072.8616932223113,679.6381528994896,257.842098076022
2018-09-10,3194.4313175562347,711.1033190843793,1034.239256369336,669.226492626895,254.48254831617842
2018-09-11,3148.264026370418,707.5193799634127,1016.0551054610721,667.6758424748748,251.13190671678555
2018-09-12,3185.9101942558955,710.4708781623956,1004.3331446479369,660.5870546596193,252.96520613754873
2018-09-14,3187.563343794635,727.5474907721449,1065.4978491126035,687.834598669198,256.1979341106826
2018-09-17,3118.249242304693,723.9634873133429,1094.0513880874123,693.5942577827219,253.13984953682453
2018-09-18,3095.9921714811544,733.2396520835043,1067.301248866483,676.0937589918619,250.94057681208008
2018-09-19,3079.7129953434064,746.3106553990743,1097.2072688631604,680.3027679533654,249.9493810077802
2018-09-21,3096.882590152184,760.6465405586117,1131.6218341068977,700.6830455979774,247.919189513835
2018-09-24,3133.8926961876086,761.4898809050371,1104.2705310597678,686.5054699674664,244.01011489028352
2018-09-25,3130.204352485832,768.6578234848057,1094.6525519136128,682.9610253568288,246.2360903691596
2018-09-26,3183.111929629927,761.4898809050371,1108.0275756617164,684.2902047615704,245.93238727945104
2018-09-27,3189.0894847204963,741.2509350096985,1118.6976373660834,676.3152804421505,244.23592589409958
2018-09-28,3199.772810796751,747.1539314076643,1124.55857191029,679.416631449201,243.18802204400347
2018-10-01,3133.0022775165785,754.7435441606458,1107.1259216471376,682.0749395556743,244.9200726167167
2018-10-03,3065.3413255653754,765.0738200260038,1135.6794606219462,701.7906528494204,241.5816634425282
2018-10-04,2854.600756469581,726.9149855123258,995.3162376032604,621.5986709727042,235.8192569008097
2018-10-05,2667.8975861465524,620.0281590621088,797.3951096276676,523.0201045039737,229.5273362655666
2018-10-08,2821.915055985987,631.6233811092695,796.1928736999884,553.1474780703144,230.23038567011582
2018-10-09,2772.695652746057,618.3415427070933,773.0495339868185,543.4003821485857,229.1846979965221
2018-10-10,2803.3464986618355,626.5636607198937,797.6956915407678,549.3815627123981,232.72334523586687
2018-10-11,2766.9724544764645,644.9051551736104,836.0175464806427,580.3950727829031,227.70739908547958
2018-10-12,2865.538439366812,663.6683198005398,868.3281300574002,593.2434690086725,232.99923748319262
2018-10-15,2899.1145585214367,675.2635418477006,890.7201525749022,598.3385637713304,233.88918443944257
2018-10-16,2960.289241740116,698.2432151932511,908.0025577438654,600.1107860766493,235.4966511291691
2018-10-17,2928.49362033233,683.4856598605011,857.0569962515546,586.154681193417,232.56649643027197
2018-10-19,2801.311474296409,676.5284880295034,852.2479608161161,589.9205965513333,229.24031968128773
2018-10-22,2702.9998462270387,657.5544883159675,814.9780967097311,574.8569351196679,227.94322633799754
2018-10-23,2682.777969566537,655.2354310389684,810.1690612742926,575.9645423711111,225.75284004648321
2018-10-24,2660.0123548986558,665.144101068949,846.2366894529986,609.4147883947909,227.48712852291945
2018-10-25,2621.984821579324,655.0246602901974,832.5610837917945,620.7125851715499,225.26560712426874
2018-10-26,2657.850152122741,640.056269870841,827.1509762548773,609.8578312953681,223.15419927967747
2018-10-29,2766.9724544764645,653.1272088485755,833.6130746252845,626.6937657353623,228.0678102209843
2018-10-30,2688.6283462466185,644.9051551736104,800.5510821281374,603.8767014345656,226.90088465637803
2018-10-31,2699.43868093575,646.1701013554133,826.8503943417771,613.4022759060057,231.0880677037576
2018-11-01,2686.7205002916803,650.386545736199,851.9474706277376,628.4659373376711,230.95125139556654
2018-11-02,2734.159405784771,663.4575490517689,908.753966664255,656.8211393017029,234.7902557326457
2018-11-05,2773.3315447984996,653.3380439351819,877.0444551889764,621.5986709727042,234.14504418936448
2018-11-06,2808.4338048789855,657.9761584891804,856.9067511573653,608.5287025936365,234.27853623280197
2018-11-07,2825.221694658687,661.9817677833597,867.8773030501108,615.617490408892,235.80035421887763
2018-11-09,2781.3439544568846,659.4518754197541,892.2229704156816,627.5798515365167,235.506667377871
2018-11-12,2747.131943249818,657.9761584891804,875.2411471598185,598.3385637713304,233.21505396552737
2018-11-13,2796.605873108335,659.8735455929668,911.1584385196135,626.4721935820637,235.44659161288
2018-11-14,2792.79035099607,678.8475453065026,949.6306302783994,644.1942138232123,235.30864548921718
2018-11-15,2789.9924259653235,669.7822156229475,967.3638624546521,649.7323007834376,236.2075006059179
2018-11-16,2867.700642142727,659.2411046709832,967.9649345561309,635.1116822523494,237.6647887467772
2018-11-19,2925.1869816596295,651.6514919180017,970.6700800493112,631.5672883447216,239.47138541340874
2018-11-20,2893.1370034308666,645.5376604334294,970.5197432304002,616.0605333094691,237.08632322521467
2018-11-21,2830.817714517791,639.8454347842346,981.6406319420565,627.3583300862281,235.83705149449057
2018-11-22,2805.254174819163,641.9536569746275,962.1040000119242,612.5161394018414,234.20622804260663
2018-11-26,2822.805304859406,618.1307719583223,983.8948587032257,606.7565309913275,236.47224678906986
2018-11-27,2869.7354967105425,616.0225497679294,1008.3907711629857,613.4022759060057,237.74042120172604
2018-11-28,2931.9276072131297,602.1082704437694,962.2542451061134,593.9080840625483,238.7026763481713
2018-11-29,2972.2443519212547,592.8321056736079,987.3513213920739,597.452477970176,241.59167969123013
2018-11-30,2969.8277923243627,591.567159491805,975.0281967527385,596.344820015723,241.9932639097938
2018-12-03,2941.5935060054762,600.8433242619666,973.67571573087,588.3699463993131,242.14900462713754
2018-12-04,2931.0371885420996,616.2333205167004,1002.9806636260686,600.9968718778036,241.83196102397352
2018-12-05,2938.286527737554,605.9030446513424,990.2067119794436,595.0156913139913,239.90523455458055
2018-12-06,2858.16209155848,590.934654231986,976.5310145935179,579.2874148284501,235.8615380721198
2018-12-07,2883.979818280475,587.7723209463967,978.0338324342972,574.8569351196679,237.92064849669904
2018-12-10,2773.2043663880113,578.0745503408579,992.6111838348019,595.2372127642799,233.35410817744142
2018-12-11,2791.772923712162,582.2909947216435,982.091458949346,584.6040310413966,234.70460702899487
2018-12-12,2824.7129810167335,597.470155889771,990.0563751605325,602.9905649304012,238.897352244851
2018-12-13,2815.937500895417,604.2164926341623,1006.5873714091061,608.7502240439251,240.09767254753726
2018-12-14,2829.0372167709525,619.1848830535187,1037.8459641523734,625.8076292311979,240.40693780572235
2018-12-17,2874.059562667151,625.0878794514846,1053.0244793790787,633.1179384967419,242.25133983621805
2018-12-18,2890.5934352210975,622.3472163391081,1061.740804510655,641.3143842664505,242.7041133865426
2018-12-19,2891.610862505005,625.0878794514846,1087.288707803905,646.631000479397,244.00787698656052
2018-12-20,2870.371558560596,626.5636607198937,1115.3914197714244,655.0489169963842,243.66080636451127
2018-12-21,2798.5135492656623,626.141990546681,1126.0613897510693,619.1618843165196,239.26223918780175
2018-12-24,2770.4062715596538,623.6120981830754,1096.906778674782,598.3385637713304,237.24873419928622
2018-12-26,2793.807778279978,618.1307719583223,1101.1146502840197,596.5663414660116,238.72492502207757
2018-12-27,2849.3862718419423,631.2017109360568,1095.854787841292,593.2434690086725,239.83625062913885
2018-12-28,2862.9948711570423,634.5748793082524,1087.7395348111945,612.2946179515527,241.61838244536176
2018-12-31,2852.057188259811,632.0449869446469,1090.2943434854637,607.1995738919047,241.67732839488093
2019-01-02,2814.284181559067,620.0281590621088,1075.86732890387,608.0856596930591,240.1188131331923
2019-01-03,2779.563456710046,600.4216540887538,1059.4865777494858,587.7053820484473,237.44341009596587
2019-01-04,2794.5708487429088,614.3359334129138,1080.3757824262084,593.465041161971,238.66930333731196
2019-01-07,2810.087124215336,623.4013274343044,1068.6537298883516,591.2497759560749,239.65826123788884
2019-01-08,2809.832767394359,621.7147110792889,1057.8335148145172,593.6865626122596,240.33352152727585
2019-01-09,2825.3488730691756,612.6493813957337,1022.0663768241897,584.8255524916854,241.51270124430707
2019-01-10,2817.0821065898135,604.005657547556,1008.691353076086,575.5214994705339,240.7662408529759
2019-01-11,2793.044707817047,609.9086539455218,1013.800878699903,581.2811585840576,240.17332672970676
2019-01-14,2789.865247554835,604.848933556146,1006.737708228017,586.154681193417,238.897352244851
2019-01-15,2873.42384041232,612.0168761359146,1027.025749078539,596.1232985654344,242.21685873710746
2019-01-16,2889.3216511162123,617.0766608631259,1043.706990421302,601.6614362286696,242.29472909577936
2019-01-17,2885.6333074144354,611.3844352139309,1067.6018307795832,609.8578312953681,242.6262430278707
2019-01-18,3012.560757034158,618.7632128803059,1064.5961950980245,610.7439677995325,242.66517820720662
2019-01-21,3148.264026370418,610.1194890321281,1056.6311871621162,600.9968718778036,243.88661736832736
2019-01-22,3141.7777576378944,608.6437721015543,1063.3938674456235,602.3260005795354,243.01670290948124
2019-01-23,3119.2666695886005,604.2164926341623,1073.4627653237899,602.9905649304012,240.98651141553603
2019-01-24,3173.0646654037264,597.470155889771,1063.8447861776347,606.0919159374517,241.39365780257626
2019-01-25,3169.3763217019496,598.7351020715738,1074.3645110630905,610.3009248989553,239.85293713456852
2019-01-28,3127.533436067963,597.2593208031645,1048.065198849451,611.6300536006869,237.20534493972488
2019-01-29,3079.4586385224297,594.7294927773944,1036.6437282246943,608.5287025936365,236.9973285295897
2019-01-30,3041.4311052030976,589.0372671281995,1030.031384760098,596.1232985654344,236.98842036913894
2019-01-31,3121.4288723645154,595.5727687859844,1038.2968828843848,606.3134373877404,240.9742789903317
2019-02-01,3179.4235859281503,597.8918260629837,1024.9217674115594,607.8641382427705,242.36927518969767
2019-02-04,3283.585930272823,616.6549906899131,1017.5579233018516,602.1044791292468,242.78309183346565
2019-02-05,3285.239079811563,602.7407113657532,1015.7546152726935,592.5789046578067,243.2747788359055
2019-02-06,3332.805163715142,618.5523777936996,1019.8121500630206,610.7439677995325,246.12484699962835
2019-02-07,3282.3141461679384,623.6120981830754,1020.1127319761209,611.6300536006869,246.27947962872094
2019-02-08,3250.009811118199,607.8004317551289,1014.1014606130032,592.8004261080953,243.4805790695383
2019-02-11,3187.817700615612,582.7126005570209,1002.6800817129683,601.8829576789582,242.26135608491995
2019-02-12,3195.830110273997,579.5502672714316,1019.8121500630206,597.0094350695988,240.98429523903366
2019-02-14,3113.9248367528626,557.2030991857001,948.7288845390987,552.26139226916,239.08535788480293
2019-02-15,3165.4336211791956,569.2199914060736,985.397676544005,555.8057861767877,238.60368713106502
2019-02-18,3103.4962070928073,578.0745503408579,985.097094630905,553.5905716739015,236.7470309481444
2019-02-19,3093.321594658507,586.7182098512003,1007.6393622425961,556.4703505276536,235.9327164468433
2019-02-20,3139.7429030700787,607.3788259197515,1025.2223493246595,572.8631913640605,238.8495306322849
2019-02-21,3171.665533090742,619.606488888896,1007.7896073367854,580.8381156834804,240.0598454564525
2019-02-22,3134.6557666505396,626.5636607198937,1034.5398382824362,607.8641382427705,240.09991045126026
2019-02-25,3134.52841844244,622.9796572610917,1010.0438340979543,614.0668402568716,242.06778827649148
2019-02-26,3103.877572526662,621.9255461658952,1011.8472338518341,630.23815964299,241.07105203093565
2019-02-27,3112.144339006024,624.0337683562881,993.9637565813921,624.2569790791775,240.43364055985398
2019-02-28,3131.3487883826174,626.7744314686647,1014.5522876202926,640.6498199155845,240.1188131331923
2019-03-01,3118.6306077385475,628.6718829102866,1040.1001909135427,655.9350027975386,241.69846898053598
2019-03-05,3148.1370177575404,653.5488790217883,1089.5429345650741,680.7458108539425,244.4561964566597
2019-03-06,3217.1967624265058,652.7056030131982,1120.2004552068627,686.2838978141679,245.91459268577017
2019-03-07,3231.0597185625825,641.1103809660374,1114.189183843745,665.4605772689787,246.03029013552683
2019-03-08,3223.047308904197,634.1532091350398,1104.1202859655787,658.8148323543004,245.52302471590846
2019-03-11,3317.162049427448,645.1159902602168,1163.3312538574546,680.9673323042313,248.47429827324
2019-03-12,3386.4761509173904,640.2671049574474,1172.7990796341421,682.7395039065402,251.4367178947453
2019-03-13,3427.0472524464913,631.4125460226632,1169.342525220572,659.036353804589,252.3377891879484
2019-03-14,3412.4212258474836,636.8939365852517,1173.0995698225208,669.4480140771836,252.37227028705894
2019-03-15,3361.802860092181,657.765323402574,1191.1333839118736,697.1386516903495,254.23225073473313
2019-03-18,3434.042234820969,652.0730977533791,1218.9355139662928,721.284844692878,255.0187543936514
2019-03-19,3501.4488299511945,661.9817677833597,1225.6981942498,720.8418017923007,256.5806156473142
2019-03-20,3498.6505653252266,640.2671049574474,1169.6431071336724,704.4489609558937,256.3280801621459
2019-03-22,3412.9299394894374,642.3753271478402,1138.9856782166055,695.809472285608,254.90084076739242
2019-03-25,3368.924851079536,668.938875276522,1153.26244770401,728.1521110578448,252.6170057000277
2019-03-26,3477.7929664098933,674.8419360123232,1153.8635198054885,716.8543649840958,255.4870846339338
2019-03-27,3432.0073802531533,675.0527710989297,1138.9856782166055,715.3036641290655,254.63718094527098
2019-03-28,3459.3512479010096,657.3436532293613,1159.7245460744168,714.6390997781997,257.4171570953009
2019-04-01,3540.3664423463356,663.0358788785561,1177.9086052579592,703.119832254162,259.62312180399374
2019-04-02,3534.8976008977197,664.0899899737525,1143.644376833133,700.6830455979774,260.6031715441199
2019-04-03,3498.014843070395,655.4462661255747,1091.6469162320539,679.8597250527882,259.0624508761121
2019-04-04,3441.6732790454994,654.6029901169848,1064.896685286403,687.6130772189094,258.0401199646759
2019-04-05,3443.835142226193,660.0843806795732,1076.3181559111595,702.012174299709,259.55192170204964
2019-04-08,3381.134318081652,666.6198823373581,1054.9781242271474,673.6570230386872,258.1847363450665
2019-04-09,3394.361551962898,664.300825060359,1070.9079566495207,688.499163020064,259.6854137454871
2019-04-10,3386.603159530268,666.1982121641454,1075.2661650776697,693.8157792330105,257.73530878671613
2019-04-11,3425.775468341607,668.728104527751,1087.1384627097157,699.7969597968229,258.0112010340419
2019-04-12,3416.363926370237,664.5116601469654,1085.4853080500252,688.2776415697754,259.051326539159
2019-04-15,3408.860230353806,659.6627105063604,1077.2198099257387,682.2964610059629,260.0947763090297
2019-04-16,3418.017415504199,676.5284880295034,1074.51475615728,689.8283424248056,262.2484653249311
2019-04-18,3525.3590503134733,677.1609932893225,1090.7451704927532,691.6005140271144,261.48421033991906
2019-04-22,3422.08712463983,665.7765419909327,1022.2167136431008,663.4668842163812,257.9611415177528
2019-04-23,3469.1444949014553,690.4427673536634,1010.9455798372551,661.9161833613509,257.5495410504872
2019-04-24,3534.3888872557663,711.1033190843793,1048.96685286403,681.4103752048085,260.89129621664995
2019-04-25,3490.892512487818,711.9466594308049,1076.7689829184492,676.536852595449,259.01460753632546
2019-04-26,3542.782662348006,710.049207989183,1115.2410829525134,677.2014169463149,261.52538342297805
2019-04-30,3542.782662348006,713.4223763613785,1141.690731985064,700.2400026974001,261.3807670425874
2019-05-02,3573.94256150096,712.1574301795757,1137.482860375826,700.4615241476888,260.86013938229297
2019-05-03,3583.6081206980843,717.8496558287707,1144.3957857535227,691.822035477403,260.5820309584648
2019-05-06,3522.688133895604,717.4279856555579,1173.2499066414316,694.2588221335877,258.04568213315247
2019-05-07,3417.381353654145,723.9634873133429,1138.6850963035051,679.8597250527882,255.8130363975486
2019-05-08,3305.3339478591865,712.1574301795757,1141.5403951661528,674.3215873895531,252.7327031497843
2019-05-09,3195.957458482096,714.2656523699686,1106.2241759078368,667.2327995742976,251.45005840820082
2019-05-10,3182.476207375096,701.1947133922341,1090.8955073116642,653.941309744941,250.94057681208008
2019-05-13,3133.8926961876086,691.9185486220725,1067.301248866483,631.7888097950104,248.0326707870892
2019-05-14,3206.1320709163965,692.1293193708435,1077.820973751939,636.2192895037925,249.67572666417746
2019-05-15,3197.101894378882,686.2263229728777,1080.6762726145869,645.7448639752326,248.22845477202006
2019-05-16,3218.5958947394893,699.7189321238249,1128.766443519528,669.6695355274722,250.45553833914735
2019-05-17,3223.8103793671285,705.6219928596262,1130.7201800923187,662.8022691625055,253.7939692405565
2019-05-20,3372.613194781313,742.0942110182887,1177.6080233448588,698.4677803920813,263.1628771315897
2019-05-21,3407.969811682776,736.8236555423065,1125.4603176495907,680.0812465030768,260.51193894477194
2019-05-22,3409.4959526086377,746.3106553990743,1154.9155106389785,688.7206844703526,261.15271813504836
2019-05-23,3392.9624196499135,734.2937631787008,1155.2160925520789,683.1825975101273,259.3538998133958
2019-05-24,3400.4661156663446,735.3478742738972,1188.578666962326,694.7018650341649,263.5155099221155
2019-05-27,3333.8225909990497,732.1855409883079,1208.2655439866476,718.6265365864047,265.3098741635427
2019-05-28,3367.1443533326974,739.1427128193056,1208.1152988924584,724.1646742496398,265.39886885916775
2019-05-29,3339.9274942977186,723.3310463913591,1199.6994639492605,710.4301415197061,263.89373737852173
2019-05-30,3382.406441781759,714.476487456575,1225.2473672425106,717.5189293349616,265.7804423075481
2019-05-31,3383.423869065666,725.0175984085394,1230.3569845910492,733.4687272707914,265.26648490398145
2019-06-03,3459.8603011381856,725.8608744171294,1253.6506611231302,751.8552611597959,268.9542026039422
2019-06-04,3438.1119439566005,719.3254370971798,1227.3513489094905,732.582590766627,267.4657793559465
2019-06-06,3376.301538483089,714.2656523699686,1193.3876106730427,724.607717150217,263.5077315771366
2019-06-07,3344.633265283403,706.2544337816098,1211.2711796682065,725.7153244016602,264.10622959610293
2019-06-10,3355.443599972535,694.2375415612364,1171.1459249744519,711.7592702214379,265.2642687274791
2019-06-11,3380.879961260675,713.6332114479849,1163.1810087632653,719.9557159911462,266.21872380172476
2019-06-12,3388.5110054852057,720.3795481923762,1145.1471946739123,720.1772374414348,264.89716560802594
2019-06-13,3376.0471816621125,712.3682652661821,1168.5911163001824,711.9807916717264,265.07180900730174
2019-06-14,3351.3738908369037,713.8440465345913,1161.6781909224858,707.9933548635214,263.05274185030964
2019-06-17,3261.7105644783614,693.1834304660399,1136.5811146365254,688.0561201194868,259.6898678257125
2019-06-18,3258.4039258056605,700.562208132415,1158.8228003351162,698.4677803920813,260.12037097491014
2019-06-19,3249.1193924471686,705.6219928596262,1140.1879141442846,684.0686833112818,260.119262886659
2019-06-20,3298.4659740975862,725.2284334951456,1157.770901226348,694.4803435838763,263.2407474902616
2019-06-21,3254.5882338957845,720.8011540277536,1142.1415589923536,681.6318966550971,260.8456690533656
2019-06-24,3211.092198723058,696.5565988382356,1144.6963676666228,673.6570230386872,260.3017063581343
2019-06-25,3296.176762708794,700.7730432190214,1181.5154047657184,684.9547691124362,262.45537364681513
2019-06-26,3291.8526967521857,706.4652688682163,1176.4057874171797,686.5054699674664,263.5922721925362
2019-06-27,3240.979974175906,719.3254370971798,1178.8103509972598,693.8157792330105,263.45878014909874
2019-06-28,3187.436335181757,707.3085448768063,1179.5617599176494,690.71442822596,262.28627068879524
2019-07-01,3227.498723068905,678.8475453065026,1130.7201800923187,671.8848007333684,263.99385641109984
2019-07-02,3252.0446656860145,698.4539859420221,1137.6331054700152,685.3978120130134,264.9883764801533
2019-07-03,3262.3462867331923,701.1947133922341,1145.7483585001128,691.822035477403,265.1318847722928
2019-07-04,3266.0346304349696,704.5678817644298,1142.1415589923536,693.5942577827219,265.79934498948023
2019-07-05,3213.5084187247285,680.9557674968955,1112.2354472709544,674.3215873895531,262.7824334986811
2019-07-08,3184.765418763888,642.5860978966111,1084.5836540354464,638.2130332593998,257.16351352188144
2019-07-09,3256.114374821646,646.8025422773969,1082.3294272742774,670.7771934819252,257.10345948411106
2019-07-10,3252.9350843570446,639.4237646110219,1050.7702526179096,656.3780456981158,255.83528507145482
2019-07-11,3259.802718523423,645.5376604334294,1053.6255514805575,655.2704384466728,257.70417367957975
2019-07-12,3257.1321417007757,631.2017109360568,1039.1985368989638,650.6184372876019,257.02780530194156
2019-07-15,3245.9401019825677,635.4181553168426,1044.1578174285914,644.1942138232123,257.82541157059234
2019-07-16,3288.92742351334,641.9536569746275,1065.3476040184141,651.5045230887564,259.4773756081313
2019-07-17,3260.5657889863537,632.0449869446469,1060.3882317640646,650.6184372876019,260.0313762792852
2019-07-18,3209.6930664100737,604.6380984695396,1049.7182617844196,653.941309744941,258.01565511426725
2019-07-19,3177.00736592648,606.7463206599324,1054.9781242271474,649.0677364325717,254.0631695039339
2019-07-22,3257.1321417007757,618.3415427070933,1062.4922134310448,655.4919598969614,252.4379082205265
2019-07-23,3239.4538332500438,609.6978831967508,1079.1734547738074,652.833651790488,252.10083211995857
2019-07-24,3202.698084035597,605.481438815965,1049.2674347771301,655.4919598969614,250.7714738540602
2019-07-25,3132.493563874624,606.5355499111615,1022.8177857445795,649.7323007834376,250.3454247850879
2019-07-26,3087.471048180815,598.313431898361,1033.3375106300355,628.2444158873825,251.06070661484145
2019-07-29,3080.2217089853607,591.7779945784115,1028.5285669193186,612.5161394018414,248.94486641724544
2019-07-30,3003.7852769128417,585.03165783402,1008.3907711629857,591.4712974063635,246.63545841122087
2019-07-31,2966.521153651662,585.4533280072329,1038.4471279785741,617.168191263922,247.36075648967636
2019-08-01,3002.1321273741023,577.2312099944323,1032.8866836227457,606.7565309913275,244.290439490614
2019-08-02,3012.560757034158,566.4793282936971,1029.2799758397082,599.224649572485,244.67644529199916
2019-08-05,2908.2717436718285,553.6191600647335,1018.9104960484416,585.9331597431284,241.67843648313215
2019-08-06,2869.9898535315197,554.2516009867172,1037.8459641523734,586.5977240939943,243.5840440940906
2019-08-07,2821.915055985987,550.2459916925378,995.1659925090713,571.5340626623289,241.52047958928603
2019-08-08,2931.1645367501987,551.721772960947,1032.4358566154563,579.7304577290274,245.45738678244086
2019-08-09,2955.9648361882855,552.1433787963243,1041.3025185659435,578.1798075770072,247.17498875344742
2019-08-13,3242.506115101768,538.6507696453771,1031.2336206877771,557.7995299323951,243.08566510770237
2019-08-14,3276.8453047193225,534.8559632688864,1065.3476040184141,560.2363165885798,245.38953267247098
2019-08-16,3250.7728815811297,539.2832427362785,1055.579288053348,559.3501800844155,245.79889523601355
2019-08-19,3287.9099962294317,532.5369381608049,1042.955581500912,557.356487031818,245.93462518317403
2019-08-20,3245.5583969534914,527.2663826848227,1028.678812013508,550.2676992165624,245.11364042514523
2019-08-21,3232.840216309421,511.03304608366346,985.2473397250941,536.3115943333302,242.92660012560506
2019-08-22,3171.2841676568873,493.1131574653241,940.7639683279122,521.9124972525307,238.98078477199945
2019-08-23,3245.304040132514,515.4603255510556,989.9061300663434,544.0649972024614,240.93866807574935
2019-08-26,3222.2842384412666,521.7849921222341,1008.0901892498856,556.0273076270763,246.02249006332727
2019-08-27,3242.7604719227447,529.5854077929042,1028.829057107697,557.1349655815293,247.07930207387406
2019-08-28,3213.381410111851,511.03304608366346,1053.6255514805575,544.5080401030386,245.7610681449288
2019-08-29,3158.5659870128175,519.6767699318414,1064.1452763660134,547.8309125603778,243.58515218234177
2019-08-30,3175.862590434473,511.03304608366346,1067.7520758737726,542.5142963474312,245.25269463705928
2019-09-03,3068.6483038332976,493.95646564283186,1070.6074664611422,519.4757105963461,240.23896466317433
2019-09-04,3055.2940613391747,501.75688131350194,1092.6988153408222,533.2102433262797,241.27909016829142
2019-09-05,3048.807792606651,527.6880206891177,1144.5460308477118,552.4829137194486,241.35139835848673
2019-09-06,3109.6007707962544,539.4940456539672,1139.1359233107946,562.4515310914659,243.5384386580269
2019-09-09,3108.837700333323,545.6078771385394,1148.152830355471,561.1224023897342,244.80326707870893
2019-09-11,3139.8702512781783,530.2178808838056,1160.4759549948067,558.4640942832609,245.5296949726362
2019-09-12,3078.695568059499,530.850353974707,1154.7652655447894,551.1537850177169,244.35273143210736
2019-09-13,3117.4861718417615,543.2888841993756,1227.9524210109691,576.4075852716883,246.42409600911154
2019-09-16,3079.7129953434064,551.0892677011279,1142.1415589923536,569.5403189067214,244.81328332741086
2019-09-17,3045.8825193678053,546.8728233203421,1108.3281575748167,554.6981789253447,240.67724615735094
2019-09-18,3066.867806086459,535.4884363597878,1148.4534122685714,567.7681473044125,241.19009547266646
2019-09-19,2999.079505927157,524.1040493992334,1141.690731985064,559.1286586341269,238.16760008617015
2019-09-20,3190.6156256463587,563.3169950081077,1213.825988342476,587.26233914787,250.8360036992766
2019-09-23,3152.079718280294,574.7013819686622,1355.0908653757406,632.0103312452989,258.0890713927138
2019-09-24,3252.5533793279683,562.8953248348951,1386.4997032131973,614.5098831574488,257.82208730583875
2019-09-25,3254.7155821038837,554.2516009867172,1398.2217557510542,623.3708932780231,254.5292835677139
2019-09-26,3298.5933223056863,577.8637152542515,1442.8553722424253,640.4282984652959,257.44385984943256
2019-09-27,3329.752881863418,554.4624360733236,1412.0476065064472,644.8587781740781,256.1356421691892
2019-09-30,3388.765362306183,555.7273822551264,1412.949352245748,653.0551732407766,255.29130064900295
2019-10-01,3319.1969039952633,540.5481567491636,1484.4834447769592,658.1502680034347,252.74271939848623
2019-10-03,3334.840357878179,540.1265509137863,1597.7958549368939,672.3278436339456,251.7214965753012
2019-10-04,3327.3363222665266,546.2403823983584,1549.5554389377635,669.226492626895,248.62336873385598
2019-10-07,3332.4237982812874,533.5910492560013,1474.7151288118932,658.8148323543004,247.54765404137711
2019-10-09,3369.6879215424674,530.6395188881007,1481.3275640012112,656.5996178514143,251.70591815812267
2019-10-10,3466.3465698707087,529.1637697886092,1472.460902050724,656.5996178514143,249.95383508800555
2019-10-11,3440.5285035534926,543.9213251213592,1466.7502126007066,635.333203702638,251.5223665983961
2019-10-14,3454.2641114814705,570.2741025012701,1460.5886961433998,641.3143842664505,252.3255567627441
2019-10-15,3469.907565364386,584.6099876608074,1473.6631379784033,648.8462149822831,254.26451565734132
2019-10-16,3490.7655038749404,597.2593208031645,1540.0877966105193,644.8587781740781,255.05879766123854
2019-10-17,3552.1942043193753,596.2052097079682,1542.7927586542562,648.6246935319945,257.7809142227798
2019-10-18,3602.6855614618,605.0597686427524,1563.832208425168,645.0802996243667,259.4606891027016
2019-10-22,3597.0897114003074,608.2221019283417,1605.3099441407908,648.8462149822831,257.82541157059234
2019-10-23,3541.765235064098,598.313431898361,1584.2704943698793,640.2067770150073,258.1758281846158
2019-10-24,3653.812640859057,593.2537115089852,1542.0413497338664,626.0291506814865,257.6974816956314
2019-10-25,3640.4587379601558,588.4048262062157,1575.4040158688354,629.5735445891142,257.72642235348604
2019-10-29,3731.64820524456,599.3675429935574,1571.646971266887,639.5421619611316,262.2417733409828
2019-10-30,3762.2990511603384,592.6212705870015,1578.2592230067617,651.9475659893336,263.5155099221155
2019-10-31,3724.7802314829605,597.470155889771,1582.7676765290998,650.3969158373133,264.2575162332213
2019-11-01,3705.830138927344,607.8004317551289,1561.1272463814312,632.0103312452989,264.55007325875613
2019-11-04,3707.737984882282,621.5038759926825,1569.542989599907,614.5098831574488,265.67808537124705
2019-11-05,3681.411204923112,617.0766608631259,1555.416465206692,606.9780524416161,265.1419010209947
2019-11-06,3649.8699403363034,609.9086539455218,1574.6526069484457,600.775350427515,266.2287400504267
2019-11-07,3710.154544479174,598.9459371581801,1542.4922684658777,601.8829576789582,267.25217905011414
2019-11-08,3676.8327821455264,583.1342707302337,1511.0833389036993,593.9080840625483,264.94055486758725
2019-11-11,3631.810266451717,586.5074391024293,1555.7169553950705,600.775350427515,265.05846849384625
2019-11-13,3745.0021081434616,582.7126005570209,1533.174779508101,593.0219475583839,263.4343152986901
2019-11-14,3720.710522347329,574.2797117954494,1546.8504768940268,606.3134373877404,264.13847279149047
2019-11-15,3741.3141040369064,571.5390486830729,1522.5047178037341,583.4964237899537,264.65799236353377
2019-11-18,3711.680685405036,564.5818768520752,1568.190416853317,587.26233914787,264.4143650388162
2019-11-19,3840.261624158719,561.8412137396987,1559.7746736348408,589.2560322004675,265.6513826171154
2019-11-20,3936.665576070762,563.7386008434851,1636.8691187971588,579.951979179316,266.9640543775841
2019-11-21,3911.1018665745232,552.9866548049145,1545.1972305096144,571.0910197617517,266.2810374704387
2019-11-22,3933.740302831917,564.3711061033042,1531.070797841121,575.0784565699565,265.0796090795013
2019-11-25,3972.0221929722256,552.1433787963243,1525.0595264780036,579.7304577290274,268.62492657557385
2019-11-26,3968.715554299525,549.1918805973414,1492.748942901246,572.8631913640605,267.8228662266977
2019-11-27,3993.134488303757,559.311321376093,1520.5510729556652,580.8381156834804,269.2245326827914
2019-11-28,4019.7156250839034,561.4195435664858,1532.8741975950009,587.26233914787,270.34698262680575
2019-11-29,3945.5684044001778,555.51654716852,1537.5328962115282,582.167244385212,268.23112070198914
2019-12-02,4035.486087579697,540.1265509137863,1502.9680858736017,569.9833618072987,268.0564773027133
2019-12-03,4016.154289995005,538.2291316410821,1486.286844530839,569.3187974564328,266.85504891177584
2019-12-04,3949.5111049229317,548.3486045887513,1506.4246402871718,562.0084881908888,267.94523393318207
2019-12-05,3944.8053339372473,543.4996549481466,1478.3219283196524,558.0210513826837,267.3934711657512
2019-12-06,3955.106954984425,533.5910492560013,1468.2530304414859,551.1537850177169,265.23756597334744
2019-12-09,4000.1294706782346,532.5369381608049,1501.7658499459226,556.0273076270763,265.5935447558474
2019-12-10,3973.039620256133,527.8988236068063,1461.640595252168,542.9573392480085,263.79807242616897
2019-12-11,3974.1843957481406,539.7048807405735,1450.6700433594226,556.2488290773649,264.9850522153998
2019-12-12,3988.937430960026,530.850353974707,1478.021346406552,567.5466258541239,266.3566699253876
2019-12-13,4026.3289024293053,533.3802141693949,1493.0495248143463,568.2111902049896,268.9130512481039
2019-12-16,3984.8677218243947,529.5854077929042,1478.7727553269417,558.9071371838382,268.18440717767425
2019-12-17,3974.9474662110715,528.3204937800192,1490.9455431473666,556.6918719779421,270.65511806951906
2019-12-18,4008.3962371575963,527.4771856025113,1470.5072572026552,558.4640942832609,271.91551413719634
2019-12-19,4095.1342902772935,530.0070457971992,1472.6112388696351,564.4452748470734,272.762071833885
2019-12-20,4067.53606580846,527.6880206891177,1466.1490487745061,564.4452748470734,273.03127209726233
2019-12-23,3997.0771888265103,525.5797984987248,1481.7783910085006,560.2363165885798,272.8299259438549
2019-12-24,3933.613294219039,531.2719919790021,1436.0926919589178,564.4452748470734,271.7575355161296
2019-12-26,3854.6332939367503,539.7048807405735,1434.28938392976,554.2551360247674,269.79965221237967
2019-12-27,3923.1843249637614,541.3914327577537,1475.6168745511936,564.0022319464961,272.45280657569987
2019-12-30,3927.8900959494463,539.4940456539672,1481.92863610269,560.9008809394456,272.67640140301353
2019-12-31,3851.1993070559506,543.0780491127691,1477.4201825803518,556.2488290773649,270.7318803399398
2020-01-01,3839.8799191296425,537.3858234635743,1477.720764493452,558.0210513826837,271.04446986287843
2020-01-02,3905.2516596920527,539.91571582718,1465.3976398541165,562.6730525417545,273.2626669967756
2020-01-03,3909.9574306777376,541.60226784436,1453.2248520336918,562.0084881908888,272.02675750672756
2020-01-06,3819.276677035287,532.3261030741985,1410.0939616583782,553.368999520603,266.8294542458954
2020-01-07,3878.034800657074,530.2178808838056,1385.5980491986181,551.8183493685827,268.162158503768
2020-01-08,3848.9100956671577,520.5200459404314,1382.2918316039593,539.855988240958,267.5480820676231
2020-01-09,3937.555994741793,521.5741570356278,1414.3018332676163,551.5968279182941,271.7875842622354
2020-01-10,3936.665576070762,523.4715763083319,1413.4001792530375,555.8057861767877,272.6975419886686
2020-01-13,3926.618311844561,528.9529347020028,1414.9029970938168,562.4515310914659,274.3161330153482
2020-01-14,3890.2442676591904,527.2663826848227,1422.717668210814,562.2300096411774,275.04477708577787
2020-01-15,3876.1269547021366,525.5797984987248,1406.4872538753407,556.9134441312407,274.62205228155915
2020-01-16,3911.864937037454,524.9473254078235,1388.0025210539766,550.046127063264,274.8934904486595
2020-01-17,4021.4961228307425,528.7421317843141,1364.2580175146063,543.4003821485857,274.8233984349666
2020-01-20,3897.7479636756216,518.2010208323499,1374.0263334796725,520.583368550799,271.98002225519207
2020-01-21,3901.690664198375,517.5685477414485,1394.1641292360052,508.6210074231742,270.76301544707616
2020-01-22,3900.2915318853916,490.7941323572426,1368.9168078558555,503.52591266051616,269.36247880645425
2020-01-23,3883.7579989266674,496.6971609241262,1409.6431346510888,524.3492839087153,270.9966265230917
2020-01-24,3870.276747819666,499.0161860322077,1400.9268095195127,530.1088923192292,272.5073201722143
2020-01-27,3832.1218662922347,494.3781036471269,1405.8860900491404,520.3618471005104,269.6316790698316
2020-01-28,3743.603315425699,491.6374083658327,1445.5605177356056,522.3555401531079,268.2255585335126
2020-01-29,3764.2068971152767,496.06468783322475,1439.8497365608664,524.1277624584267,269.8652901458472
2020-01-30,3672.381367980819,487.4209639850469,1411.5967794991577,519.0326676957687,267.7805850553876
2020-01-31,3590.7304512806613,459.38160241903824,1373.4252613781937,502.6398268593618,266.1408534430529
2020-02-03,3524.214274821466,436.1911583247168,1383.4940675316384,478.7151553071221,260.4852579178609
2020-02-04,3628.2492709580397,447.5755774541889,1438.1966736258978,504.19052771439203,266.53133505188407
2020-02-05,3684.4634867748355,450.3162727354831,1507.9274581279512,508.17796452259694,268.9675648446183
2020-02-06,3708.1193503161367,452.2136598392696,1487.9399074658077,518.5896247951915,270.05329578579915
2020-02-07,3646.690649871702,460.646548600841,1476.9693555730623,520.583368550799,269.17223526277934
2020-02-10,3651.6507776783633,447.7863803718775,1459.0858783026204,513.0514871319564,267.6849201030348
2020-02-11,3695.2741610591893,450.3162727354831,1445.7107628297947,514.1591450864094,269.3847274803605
2020-02-12,3739.9149717239225,449.8946025622704,1426.925539820052,509.95013612490584,271.4605244103694
2020-02-13,3749.7078791291465,444.2024090819932,1409.6431346510888,508.3994859728856,270.8698264636026
2020-02-14,3783.9200601338243,435.558717402733,1432.0351571685908,509.95013612490584,269.50820327509604
2020-02-17,3760.1368483844235,421.4336029919667,1387.551694046687,495.3295175938177,268.0030717944501
2020-02-18,3732.5382843203683,418.69293987959014,1414.9029970938168,499.095432951734,266.8172218206911
2020-02-19,3825.126883917757,428.81238065834174,1429.3300116754106,505.9626993167009,269.78520361067297
2020-02-20,3779.7230027900932,433.45049521234023,1417.9086327753757,497.54478279971374,268.78288346941997
2020-02-24,3675.4336498325424,413.42238440360796,1396.5686010913637,489.7913799305825,263.18847179747013
2020-02-25,3602.8129096699,411.31416221321507,1372.8240975519932,489.34833703000527,262.4876385694233
2020-02-26,3540.7478077801907,403.93538454684006,1348.929257193712,480.04428400885377,259.8311382141289
2020-02-27,3526.122120776404,393.6050765125644,1334.6524877063075,468.0819735842388,258.82549380812236
2020-02-28,3379.60817715579,387.7020479456808,1281.4527911775494,468.5250164848161,249.2240829293247
2020-03-02,3347.812895343226,375.68518789422507,1239.3738916357258,460.55014286840617,247.68892442979356
2020-03-03,3415.727864520184,393.6050765125644,1277.3951646625005,472.51245329302105,251.4834314190602
2020-03-04,3407.715454861799,391.28605140448286,1258.4596965585688,472.2909318427324,250.31983011920747
2020-03-05,3335.0947146991566,390.4427432269751,1257.557950819268,464.3160582263225,250.72030624951998
2020-03-06,3232.9672249222986,373.15532769953717,1211.5717615813066,446.59403798517394,244.50069380447218
2020-03-09,2833.997344577614,314.3359414551433,1273.9387019736523,440.3913359710729,232.53090724291022
2020-03-11,2934.2168186019226,302.3190492347698,1215.4790512774446,429.31511134761246,232.68553987200278
2020-03-12,2703.890095100458,263.52777379910816,1034.8403284708147,389.440641859543,213.36812875290207
2020-03-13,2811.4860867307093,277.8636911275632,1130.2692613603074,408.7133122527119,221.49000281693415
2020-03-16,2583.5759228261372,253.61913593804525,1096.0050329354813,397.4155408274579,204.62996207622277
2020-03-17,2563.989938218078,252.9866628471438,1073.6131021427009,396.08638677422124,199.50496700558597
2020-03-18,2463.5161073727927,287.3506909843311,999.5241092124985,388.1115131578114,188.41956523179738
2020-03-19,2334.2991067690564,257.4139262300771,902.4421133880372,389.66216330983167,183.8508087360374
2020-03-20,2589.2991210957293,305.05974451606403,955.3413197284168,401.40300298716784,194.57466955884942
2020-03-23,2248.7056593437555,254.67324703324167,809.5679891728139,357.76259278967706,169.31797059503145
2020-03-24,2399.6706775338553,263.52777379910816,790.0313572426815,353.1105662791013,173.56301323089963
2020-03-25,2752.8551415194106,259.52214842046993,822.7927678267283,344.9141712124028,185.06112356020498
2020-03-26,2712.0296831693317,273.01477365587607,848.4909162141676,345.5787355632686,192.26080747259954
2020-03-27,2710.50354224347,271.7498274740733,837.8209462345226,340.70518760240424,192.67907819659288
2020-03-30,2621.0945727059043,267.1117450889925,825.7984035082873,340.26214470182697,184.24348479415033
2020-03-31,2832.979917293706,287.9831640752325,952.4859291410473,361.750054949387,191.28853607745233
2020-04-01,2748.276718741825,277.2312180366618,910.5573664181347,349.7876938217622,183.63610034195386
2020-04-03,2740.6456745172945,294.51863356409973,953.237338061437,352.2244804779468,179.85382577789153
2020-04-07,3067.885233370367,307.3788017930633,1055.2787061402478,367.73121016169443,195.61479506396657
2020-04-08,3032.4012682608045,313.91427128193055,1028.829057107697,362.1930978499642,194.64808583729592
2020-04-09,3103.114502063731,325.93116350230406,1036.6437282246943,369.5034071155083,202.72770045723848
2020-04-13,3024.7705636314954,316.4441636455362,1052.2730704586888,368.3957998640652,200.1012271208293
2020-04-15,2924.805276630553,313.49263327763555,1063.5442042645345,368.61732131435383,198.57608487000007
2020-04-16,2971.0995764292475,318.1307156627163,1068.202902881062,375.26306622903206,200.07787035867187
2020-04-17,3113.4161231109088,321.7147191215183,1082.3294272742774,381.0226999910509,206.1728989207329
2020-04-20,3163.780471640456,312.01688417814404,1107.2761667413267,387.88996635601774,206.06387172770405
2020-04-21,3147.3739472946095,292.4104113737069,1067.7520758737726,367.73121016169443,199.82535660072418
2020-04-22,3468.5084330514023,275.54463385056397,1072.1102843019216,367.73121016169443,204.4052374334373
2020-04-23,3487.077160173164,283.97752261213543,1067.4514939606725,368.1742784137766,207.22193258630077
2020-04-24,3604.339050595762,285.0316337073318,1053.3250612921788,361.0854652470162,203.67326909825408
2020-04-27,3636.770394258379,288.61560499721617,1068.202902881062,361.0854652470162,206.51886145453096
2020-04-28,3632.7006851227475,291.7779382828055,1079.3237915927184,352.8890448288127,208.71259373801948
2020-04-29,3629.648063675802,297.259328845394,1084.283072122346,356.65496018672906,212.5493601713756
2020-04-30,3728.977288826691,336.8939124585634,1112.0852021767653,373.04780102313606,219.36970853911274
2020-05-04,3650.633350394456,322.7688302167147,1045.6606352693707,353.3320877293899,206.76805094772507
2020-05-05,3715.368689511591,330.7800488050735,1043.1058265951015,348.6800865703191,204.81238382047752
2020-05-06,3715.6233859277895,334.15321717726914,1033.3375106300355,339.15451209887897,206.26523960833208
2020-05-07,3833.139293576143,318.7631887536177,990.507202167822,335.6101181912512,204.66665935183573
2020-05-08,3972.6582548222786,320.44977293971556,976.0801875862285,329.4074161771502,205.83360664366262
2020-05-11,4010.8127967544883,324.8770524071076,946.1740758648293,333.8379212374374,205.55995230005988
2020-05-12,3762.6804165941935,321.7147191215183,939.2611504871328,331.8442028333349,204.6110376670701
2020-05-13,3842.512461287471,329.72593770987703,951.4339383075572,336.71772544269436,208.77153968753865
2020-05-14,3687.16326878654,321.08224603061694,930.8454072686567,332.95181008477795,203.414063356358
2020-05-15,3747.377237123319,321.08224603061694,956.3933105619068,334.5024855883032,203.28278748942293
2020-05-18,3699.4885377592213,307.3788017930633,883.8071354724838,317.0020375004531,196.30561204331147
2020-05-19,3617.7055185178624,325.2986904114027,881.5529087113147,319.2172773548442,197.54819179008726
2020-05-20,3681.3860748767133,328.882661701287,928.4408436885767,328.29980892570717,201.71871005925772
2020-05-21,3700.772547292084,324.6662173205013,941.3651321541126,329.85045907772746,202.60198675877996
2020-05-22,3675.8652753591937,321.08224603061694,947.3764035172303,334.5024855883032,201.11132560706127
2020-05-26,3656.6071699375875,324.6662173205013,941.2147953352016,341.81282020535224,200.8843847877734
2020-05-27,3711.8138067319023,328.67182661468064,990.2067119794436,343.5850171591661,207.24528934845824
2020-05-28,3780.3726484490107,332.4666329911713,981.189804934767,344.249581510032,211.1421315468054
2020-05-29,3760.2159740710563,350.8081596138057,1030.3318749484765,368.61732131435383,213.14896627859318
2020-06-01,3903.8817325681266,353.970492899395,1040.8515998339324,381.6872896934217,218.61881579477682
2020-06-02,3943.296512367687,355.4462741678042,1026.725167165439,380.1366141898965,222.02173308696112
2020-06-03,3958.574901387384,363.87916292937564,1049.1170979582191,385.45320505133805,223.8561405959755
2020-06-04,4056.5345390095686,357.9761343624921,1073.7633472368902,380.5796570904737,223.13416678227358
2020-06-05,4061.4131639630464,366.61982604175216,1110.882966249086,396.08638677422124,225.64939674915152
2020-06-08,4030.0865235562883,383.48560356489514,1184.5210404472773,412.4792276106283,226.21228385353552
2020-06-09,3947.0198343772877,379.47999427071574,1146.6500125146918,401.62452443745644,223.52464839110473
2020-06-10,4036.8913326066704,372.1012166043407,1138.9856782166055,398.52317343040596,225.07093122758906
2020-06-11,3948.432210903914,366.40902312406354,1112.2354472709544,391.43438561515046,220.3063690196776
2020-06-12,4079.64433343454,353.75968998170634,1123.8071629899005,391.2128388133569,221.88380869051886
2020-06-15,4145.7638626749085,354.6029659902964,1085.034481042736,381.90881114371035,218.34181545919992
2020-06-16,4153.852341662931,353.75968998170634,1081.2774364407871,375.92763057989794,220.57335310655256
2020-06-17,4147.818074170355,355.0246039945915,1095.854787841292,373.71239072550685,219.84249285962053
2020-06-18,4251.9403462788805,352.4947437999035,1112.836611097155,375.92763057989794,224.52583871688594
2020-06-19,4517.70281236844,361.5601056523764,1143.7946219273222,377.9213489840004,227.92432365606547
2020-06-22,4483.680125497414,357.7652992758857,1157.620564407437,390.10523156191385,229.4105307275588
2020-06-23,4418.844266194686,361.13846764808136,1178.2091871710595,395.86486532393263,232.96586447233327
2020-06-24,4436.689995089665,350.3865216095107,1137.7833505642045,385.89624795191526,229.2792548606237
2020-06-25,4411.140888187955,344.0618550383321,1112.836611097155,376.81374173255733,228.91438964489356
2020-06-26,4472.125058487318,354.8138010769028,1183.1684677006872,394.9787795227782,231.00798116858337
2020-06-29,4424.621799699735,347.4350234105278,1152.21045687052,385.89624795191526,229.4372334816904
2020-06-30,4375.706164385524,343.00774394313567,1124.1077449030006,378.14289578579394,229.20805475867957
2020-07-01,4461.725634016319,339.212937566645,1142.5923859996428,379.4720244875257,232.05477693042823
2020-07-02,4520.14212484518,345.1159661335285,1152.6612838778094,391.43438561515046,234.7613368020117
2020-07-03,4590.883545051498,347.4350234105278,1158.371973327827,389.2191204092544,235.99946246856206
2020-07-06,4754.963051509272,353.1272168908049,1172.7990796341421,389.66216330983167,239.4769475818853
2020-07-07,4682.167080212285,345.5376041378235,1141.690731985064,381.6872896934217,240.27789984251024
2020-07-08,4616.818092529722,342.796941025447,1136.5811146365254,385.23168360104944,238.18874067182523
2020-07-09,4684.221291707732,338.15882647144855,1132.3732430272873,383.237939845442,240.58492719697236
2020-07-10,4822.366590282504,331.20171897828624,1131.1710070996082,381.6872896934217,239.57482871074038
2020-07-13,4968.600028250078,332.6774680777777,1141.9913138981642,387.2254020051519,240.34575395248018
2020-07-14,4922.3804394001345,326.14196641999274,1123.356335982611,382.7948969448648,235.99946246856206
2020-07-15,4734.93440452986,321.50388403491195,1110.882966249086,379.4720244875257,236.24087361677724
2020-07-16,4733.394000604691,321.08224603061694,1183.9198766210768,373.26932247342467,238.94964966486305
2020-07-17,4908.771500489813,338.79129956234993,1333.901078785918,385.01016215076083,242.5483726691988
2020-07-20,4929.826743824116,338.58049664466125,1314.3644468557854,391.2128388133569,245.22933787490183
2020-07-21,5062.451242881368,347.6458263282164,1395.2161200694952,414.0299031141535,248.34526031002787
2020-07-22,5145.775005643118,348.2782994191178,1354.339456455351,407.6056796497639,247.68557843781934
2020-07-23,5283.919964622667,348.48913450572417,1375.2285694073516,417.79581847206987,249.52889410728446
2020-07-24,5510.780779292502,341.53199484364416,1347.7270212660328,411.1500735573916,249.05500169852547
2020-07-27,5536.586620181741,340.6887188350541,1375.679488139363,415.3590571673901,247.66778384413848
2020-07-28,5591.793256976055,336.8939124585634,1387.1008670393976,413.8083816638649,251.42224756581803
2020-07-29,5383.677079752771,335.2073282724656,1363.957435601506,410.2639877562372,249.24854777973334
2020-07-30,5415.003720159529,327.6177155194842,1259.661932486248,392.32047141630494,247.00812369915056
2020-07-31,5307.799961010224,330.1476078830898,1243.7320083391533,391.8774285157277,246.3695824125971
2020-08-03,5158.613742590855,320.0281349354205,1255.7545510653883,381.90881114371035,242.32364802641337
2020-08-04,5522.207139713612,320.87141094401056,1227.9524210109691,385.23168360104944,246.85459915830918
2020-08-05,5460.196033464137,324.45538223389485,1233.6632021857083,383.68100809752417,246.99699936219744
2020-08-06,5479.839239867036,329.09349678789334,1230.958056692528,386.3392908524925,249.18849374196296
2020-08-07,5511.550981255087,331.6233569825813,1261.6155773343169,382.7948969448648,249.49773727292745
2020-08-10,5443.248873525507,333.3099411686791,1247.7896348542017,385.89624795191526,250.7459009154004
2020-08-11,5479.069037904451,330.7800488050735,1290.1691163091255,385.67472650162665,251.9106103035043
2020-08-12,5463.148813915933,329.304299705582,1267.7770937916237,380.3581356401851,251.59691269231442
2020-08-13,5448.898040036791,331.41252189597486,1265.823448943555,384.78864070047223,251.42003138931562
2020-08-14,5427.714090113502,325.0878553247963,1242.0789454041844,375.70610912960933,248.70458508450204
2020-08-17,5370.068140842449,334.3640522638755,1225.9987761629004,387.88996635601774,250.23305160008488
2020-08-18,5439.910992092419,340.0562457441527,1209.1671980012268,385.45320505133805,253.30893076762376
2020-08-19,5473.2915043994035,335.41816335907197,1213.3751613351865,389.8836847601203,253.82178008293934
2020-08-20,5384.704015702883,346.38091231533133,1239.674473548826,394.535711270696,251.68145330771404
2020-08-21,5345.674336884615,341.74282993025054,1232.6112113522183,393.64962546954155,253.00301150141289
2020-08-24,5381.366134269795,342.5861059388406,1231.5592205187284,391.43438561515046,255.11331125775297
2020-08-25,5346.316171853435,339.4237726532513,1241.0269545706944,391.2128388133569,255.24234922096508
2020-08-26,5488.056085848823,343.218579029742,1232.6112113522183,389.440641859543,256.96327545672517
2020-08-27,5419.497244131715,337.9480235537598,1241.1772913896054,386.3392908524925,257.17798385080874
2020-08-28,5433.748357606079,338.79129956234993,1247.4890529411016,388.9975989589658,259.14364549953757
2020-08-31,5342.721556432819,345.5376041378235,1225.6981942498,380.1366141898965,253.3567741074105
2020-09-01,5359.540349377687,334.5748551815642,1224.0451313148315,375.04154477874346,255.1978518731526
2020-09-02,5464.689557436323,338.58049664466125,1244.1829270711644,377.9213489840004,256.6384535085822
2020-09-03,5423.34893313508,333.3099411686791,1242.529772411474,377.035263182846,256.4704803660341
2020-09-04,5333.86253588699,328.46102369699196,1212.3231705016965,371.71867232140437,252.16312406145195
2020-09-07,5347.728548380062,322.347160043502,1202.8554364497304,371.2756040693222,252.63480029370857
2020-09-08,5410.510196187343,313.91427128193055,1238.6224827153362,366.6235775587464,251.79602094199885
2020-09-09,5549.81045811077,306.53549361555554,1220.1378416186938,356.8765069885226,250.92054431467622
2020-09-10,5941.778054783713,310.54113507865264,1293.3249970848738,370.1679968178791,254.73062972112132
2020-09-11,5956.542296637912,309.06538597916114,1288.6662984683462,368.1742784137766,255.06881390994045
2020-09-14,5912.377258878637,310.54113507865264,1253.8009062173196,366.40205610845777,254.52593757573973
2020-09-15,5954.231690750159,311.17360816955403,1245.5354080930326,364.4083377043553,256.3447666675756
2020-09-16,5968.8675656105925,308.0112748839647,1241.477781577984,366.40205610845777,258.1858444333177
2020-09-17,5902.620008971681,308.43291288825975,1249.142207600792,362.4146193002528,256.21794488086584
2020-09-18,5920.465737866661,313.28183035994687,1238.472145896425,357.54107133938845,255.96988520314352
2020-09-21,5792.46346937058,300.0000241266883,1206.612481051679,344.249581510032,250.30981387050554
2020-09-22,5677.684699208308,293.0428844646083,1178.6600141783488,337.3823151450651,248.15393040532237
2020-09-23,5728.140738447687,285.2424687939382,1165.1346536113342,336.4962039924057,247.66889193238967
2020-09-24,5600.780644515648,281.02602441315247,1133.8760608680668,318.9957559045556,240.40915398222475
2020-09-25,5653.419262244238,290.5130242699204,1129.3676073457284,328.29980892570717,245.85340883252798
2020-09-28,5690.780170143574,302.9515223256712,1157.620564407437,335.167075290674,249.79809437066183
2020-09-29,5764.731444384437,291.5671353651168,1161.8284360166751,331.6226813830463,249.68352673637702
2020-09-30,5737.256832576266,291.98877336941183,1061.1396406844544,327.4136977730477,250.2430678487868
2020-10-01,5713.889964568545,291.5671353651168,1061.891049604844,328.29980892570717,254.01200189939362
2020-10-05,5680.380745672575,291.7779382828055,1064.4458582791135,334.7240070385918,255.93427428856117
2020-10-06,5675.630487712861,292.4104113737069,1058.1340050028957,333.8379212374374,259.47294325512655
2020-10-07,5796.700259355238,297.259328845394,1028.678812013508,333.1733315350666,261.1738369934828
2020-10-08,5749.838156346032,288.61560499721617,1022.0663768241897,334.5024855883032,263.30414752000615
2020-10-09,5734.94554749807,296.41605283680394,1036.9443101377947,338.93299064859036,265.0751549992759
2020-10-12,5744.18932942997,291.5671353651168,1026.725167165439,335.3885967409626,265.4478202872056
2020-10-13,5856.272053127975,291.35630027851045,1019.2110779615418,337.16079369477654,265.5267987341287
2020-10-14,5873.732681041662,282.501773512644,1000.5761000459884,330.73657023038686,266.33998341995795
2020-10-15,5665.744531216919,278.49616421846457,981.7908770362458,330.29352732980965,259.8722895699673
2020-10-16,5586.914632022577,283.5558846078404,1021.7658866358113,328.7428518262844,261.69891873400263
2020-10-19,5587.94156797269,292.1996084560182,1041.9035906674223,340.26214470182697,264.15961337714555
2020-10-20,5535.816418219157,284.1883576987418,1031.9850296081668,332.50876718420074,264.68801938241893
2020-10-21,5455.445775504423,285.87494188483964,1050.6199157989986,336.71772544269436,265.59689074782165
2020-10-22,5410.124755610829,290.302189183314,1050.01884369752,344.249581510032,264.68024103744006
2020-10-23,5425.78824561182,290.9346622742154,1056.6311871621162,346.6863428147117,265.43445804652947
2020-10-26,5210.225424369331,287.5614939020198,1040.2505277324535,346.0217784638458,261.8168323602616
2020-10-27,5224.0914368624035,281.86930042174254,1047.91486203054,346.0217784638458,264.5233922318451
2020-10-28,5164.904744070959,279.7610782313497,1038.2968828843848,345.8002570135572,260.96803675985
2020-10-29,5204.576257858048,271.53902455638456,1027.3262392669176,347.35093251708247,259.6598190796067
2020-10-30,5275.446384653353,273.64724674677745,1065.3476040184141,352.4460019282355,259.0279697770016
2020-11-02,4820.8258467621135,277.0203829500554,1041.1521817470327,346.4648213644231,259.62312180399374
2020-11-03,4751.368096493436,279.550275313661,1054.527297219858,345.5787355632686,262.83470919147254
2020-11-04,4912.622849897957,280.1827162356447,1048.5160258567405,345.35721411298,264.94833321256624
2020-11-05,5019.954976041026,285.0316337073318,1100.964313465109,353.5536345311835,269.6605980004656
2020-11-06,5210.353791363096,286.7182178934297,1089.3926894708848,355.54735293528597,272.8477205375358
2020-11-09,5265.688795151174,288.61560499721617,1128.766443519528,359.75631119377954,277.24183363402
2020-11-10,5352.60717333354,298.31343994059046,1150.5573022108297,373.26932247342467,281.0252162863335
2020-11-11,5128.314038134208,305.05974451606403,1184.220458534177,376.5921949307638,283.65168962274265
2020-11-12,5084.148660779713,301.68660831278606,1186.174103382246,377.9213489840004,282.3534664639807
2020-11-13,5126.259826638762,304.216468507474,1184.220458534177,375.48458767932067,283.0020239992361
2020-11-17,5118.171347650738,300.6324972175897,1186.174103382246,376.37067348047515,286.43388194927496
2020-11-18,5102.636564238734,303.3731603299662,1151.3087111312193,377.6998275337118,287.85890516752613
2020-11-19,5066.559665872262,304.216468507474,1153.26244770401,375.26306622903206,284.15339287388446
2020-11-20,4877.444860083055,302.1082463170811,1152.060120051609,375.92763057989794,286.09680584870705
2020-11-23,5008.913716601208,322.5579951301084,1185.5730312807673,383.0164183951534,287.5963751608765
2020-11-24,5043.193137459762,320.87141094401056,1171.446506887552,381.6872896934217,290.4597838380548
2020-11-25,5001.467072582005,340.6887188350541,1148.3030754496604,379.9150673881029,286.08235724700035
2020-11-26,5013.792341554686,338.15882647144855,1136.130287629236,379.2505030372371,288.94352802045574
2020-11-27,4955.247483732062,330.99088389167986,1121.1021092214417,374.82002332845485,288.5419438018921
2020-12-01,5019.698242053499,343.8510521206434,1140.0375773253736,380.3581356401851,291.65897432526936
2020-12-02,5028.043455029049,357.7652992758857,1155.6669195593681,391.65590706543907,291.7635474380728
2020-12-03,5043.193137459762,373.99860370812723,1183.9198766210768,398.30165198011736,292.21186690817194
2020-12-04,4998.771026117738,378.84752117981435,1179.1108411856383,400.5168918345084,294.9851510742535
2020-12-07,5028.171822022814,386.0154959285007,1187.2260942157359,406.2765255965273,297.1477265233851
2020-12-08,5119.455357183601,382.6423275563051,1173.550488554532,403.3967213912703,297.9753815381416
2020-12-09,5204.704624851812,384.53971466009153,1187.6769212230254,416.2451429685446,301.0045254541451
2020-12-10,5153.478044054627,386.43713393279575,1200.15029095655,409.59939805386637,299.87429716515175
2020-12-11,5150.396896609068,408.1518289276258,1194.4396015065327,415.8021000679674,300.66523317707475
2020-12-14,5113.164355703496,427.96910464975167,1218.6350237779143,426.213760340562,301.6508668128981
2020-12-15,5069.641152913042,423.5418251823596,1198.0464010142919,422.8908878832229,301.86666156801226
2020-12-16,5075.2899798291055,433.8721332166352,1201.0520366958508,426.87832469142785,304.4219348024773
2020-12-17,5098.528141247841,427.96910464975167,1188.428330143415,422.6693664329343,305.7123578890397
2020-12-18,5113.806190672317,417.4279936977873,1183.7696315268875,416.2451429685446,306.15398537519053
2020-12-21,4980.668223640008,378.84752117981435,1104.1202859655787,385.89624795191526,296.5392339829374
2020-12-22,4972.9651852285,381.799051547715,1119.5992913806624,389.66216330983167,299.6073130782768
2020-12-23,4991.324721693756,382.8531626429114,1125.3099808306797,390.54827446249107,302.606429975395
2020-12-24,5120.482632728936,392.76180050397437,1134.7777148826456,399.85230213213765,305.902579705494
2020-12-28,5143.9775281351995,395.5024957852686,1150.40705711664,406.2765255965273,308.6603071816177
2020-12-29,5109.954841264173,392.76180050397437,1146.6500125146918,404.0612857421362,309.98186537531654
2020-12-30,5123.948881155787,393.1834385082694,1150.7076390297404,402.73213168889947,311.0798504689223
2020-12-31,5097.757939285256,392.3401624996793,1145.4477765870126,402.9536531391881,311.0753963886969
2021-01-01,5103.40710579654,392.972603421663,1148.0025852612819,405.3904397953728,311.8930351547516
2021-01-04,5112.009052759619,408.7842698496095,1188.2780850492259,415.8021000679674,314.4382921405147
2021-01-05,5048.4572029897545,400.35138108803807,1178.2091871710595,412.03618471005103,315.9200451317827
2021-01-06,4915.319235957445,408.7842698496095,1164.0826627778442,416.9097326709154,314.7353032462749
2021-01-07,4907.359123963187,412.7899113127065,1178.8103509972598,418.6819296247293,314.53728135762105
2021-01-08,4965.261807221768,424.3851333598673,1202.7050996308194,425.99223889027337,319.2072867014309
2021-01-11,4871.667326578006,432.3963841171437,1207.514135066258,425.3276745394075,322.26647936354016
2021-01-12,5025.219041571018,436.1911583247168,1209.9186069216164,433.96716320969324,324.0174543454061
2021-01-13,4978.357278157034,443.78077107769815,1238.0213188891357,447.25865303904965,324.0485894525425
2021-01-14,5034.334456509154,442.9374950691081,1282.5047820110394,457.227270411067,324.73273617515963
2021-01-15,4974.891029730182,427.5474666454566,1246.1365719192331,448.80930319107,321.1306889060703
2021-01-18,5094.291351263182,407.51935583672446,1230.958056692528,435.5178133617135,317.7399823118697
2021-01-19,5177.615114024932,413.6331873212966,1242.680109230385,436.62542061315656,323.07633978461587
2021-01-20,5275.959852628409,416.7955206068859,1243.882345158064,435.5178133617135,325.82515910028883
2021-01-21,5390.738283195459,399.2972699928416,1227.2010120905795,428.42902554645804,324.61593063715185
2021-01-22,5262.864381693143,391.07521631787654,1190.381974991484,423.9985204861709,319.7557252041082
2021-01-25,4984.006444668318,385.172187750993,1164.0826627778442,414.0299031141535,316.79665157457714
2021-01-27,4865.889793072958,378.21504808891297,1143.9449587462332,404.94739689479553,310.75835278553285
2021-01-28,4818.514901279139,382.22068955201,1155.0657557331676,410.2639877562372,307.42215978784674
2021-01-29,4729.67067859509,372.3120516909471,1152.9618657909095,413.14379196149406,303.35176055125436
2021-02-01,4866.660334630764,383.0639655606001,1181.2148228526182,424.4415633867481,317.7377661353673
2021-02-02,4944.97676585005,391.49685432217154,1226.2993580760005,437.73307856760954,325.8952293867611
2021-02-03,4957.430401816495,393.6050765125644,1247.038225933812,451.2460898472546,329.0567789851715
2021-02-04,4941.125076846684,411.73580021751013,1258.0087778265574,458.999442013376,331.40846816250615
2021-02-05,4939.7127003200585,411.73580021751013,1247.3388078469125,453.68282580042944,332.04477154533663
2021-02-08,5010.83956110289,420.1686889790816,1262.5172313488956,461.21470721927204,336.3065006866345
2021-02-09,5022.907756492822,425.8608824593588,1260.4133414066378,432.85950525524026,336.16188430624385
2021-02-10,5069.512446324056,421.6444380785731,1249.7432797022707,428.6505469967467,336.0995923647505
2021-02-11,5278.527532098911,419.32538080157383,1268.2280125236348,427.54293974530356,337.5857994362438
2021-02-12,5242.322266738675,408.9951049362159,1256.656296804689,421.34023773120254,337.36331269718136
2021-02-15,5219.212472313703,415.10893642078815,1259.3613505731475,417.131254121204,340.73177061747566
2021-02-16,5288.2851216010895,437.4561045065196,1256.2054697973997,423.5554775855936,340.70395977509287
2021-02-17,5349.269291900453,431.13143793534095,1237.4202467876569,420.8971694791204,338.3778652636386
2021-02-18,5309.340704530614,466.7603800854133,1299.0357782596127,438.619164368764,336.3765927003274
2021-02-19,5341.694280887486,443.1482979867967,1292.4233430702948,432.1949409043744,333.32407029494595
2021-02-22,5156.302457512658,448.20805054509026,1270.0313205527927,423.7769990358823,326.5148679913826
2021-02-23,5195.71757690744,473.0850466565919,1308.2029303984787,432.6379838049516,327.2290417328849
2021-02-24,5292.136810604456,478.98807522347545,1318.5724101897454,433.96716320969324,333.3296324634225
2021-02-25,5506.158888326552,501.9677164001084,1387.251112133587,447.03708088575115,335.8960083076201
2021-02-26,5355.817027368085,468.0253262672161,1352.0852296941819,434.41020611027045,323.25432917586585
2021-03-01,5396.644183694272,493.5348276385368,1368.315644029655,446.1509950845967,328.4249079553458
2021-03-02,5407.685443134091,478.56643721918044,1409.6431346510888,452.79673999927496,331.93018218383116
2021-03-03,5654.446537789572,480.6746594095733,1401.6782184399024,454.5689623045938,339.19437421422145
2021-03-04,5587.042999016341,475.1932688469847,1394.3143743301946,449.4738675419359,335.5266890116646
2021-03-05,5594.360936446558,484.6802687037527,1388.0025210539766,449.4738675419359,332.35290698804994
2021-03-08,5626.201384423595,498.59454802791265,1402.7302092733923,458.999442013376,332.7556210220854
2021-03-09,5626.072677834609,492.269881456734,1340.2129320621357,445.4864307337308,335.9193867969981
2021-03-10,5602.70614942211,482.3612435956711,1339.0106961344566,437.95460001789814,337.6191724471032
2021-03-12,5488.826627406629,485.1019388769654,1375.2285694073516,448.80930319107,334.41870939657747
2021-03-15,5415.1320871532935,482.15040850906473,1384.2454764520282,447.7016959396269,332.1615770833444
2021-03-16,5393.81977023624,485.312741794654,1364.107772420417,444.82186638286504,331.73774419087454
2021-03-17,5277.628963142563,461.0681866051361,1298.5848595276016,435.0747704611362,327.52939883061924
2021-03-18,5158.870476578383,464.6521578950204,1283.105854112518,430.86581220264264,323.8928487351987
2021-03-19,5346.059437865907,465.9171040768232,1301.290005020782,437.51155711732093,328.03444807373523
2021-03-22,5295.7314260250705,462.1222977003326,1320.526055037814,439.2837287196299,327.86536684293594
2021-03-23,5360.182184346507,451.79202183497455,1311.9599750004272,428.6505469967467,329.6085417526024
2021-03-24,5256.9584811943305,441.8833839739117,1292.2730979761054,418.90345107501787,323.7048648224674
2021-03-25,5113.549456684789,430.07732684014456,1259.2111054789584,402.73213168889947,318.7100375305145
2021-03-26,5121.766302666576,431.7639110262424,1274.990692807142,402.73213168889947,322.76818261468196
2021-03-30,5210.738892344389,436.40199341132313,1294.827814925653,405.6119612456614,330.28378031476876
2021-03-31,5143.4637205649215,430.7097999310459,1286.2618266129878,406.941115298898,326.8485980999763
2021-04-01,5191.609153916546,439.9859647012074,1314.6650287688858,412.7007490609169,330.7788133091828
2021-04-05,5116.502576731806,436.1911583247168,1286.5623168013663,402.0675673380337,325.67163455944745
2021-04-06,5095.190259814753,438.2993805151096,1286.7126536202773,403.8397642918476,326.68840330240715
2021-04-07,5142.8218855961,441.25091088301025,1287.0132355333774,410.70703065681437,329.7042067049551
2021-04-08,5149.241254069969,436.82363141561814,1294.0764060052634,411.8146632597624,330.9223216013222
2021-04-09,5089.412726309704,437.6669395931259,1279.1985644163801,406.2765255965273,330.0557314072297
2021-04-12,4907.359123963187,413.42238440360796,1214.126570255576,385.45320505133805,318.39631819210405
2021-04-13,4960.38318226829,430.28816192675083,1230.5072296852386,393.42810401925294,322.7125609299164
2021-04-15,4992.4800246376335,443.1482979867967,1216.8316240240347,399.1877377812718,324.41793047571855
2021-04-16,4961.1533842308745,452.424494925876,1243.7320083391533,399.4092592315604,325.2277691695737
2021-04-19,4883.093686999117,434.5046063075366,1228.5535848371699,390.32675301220246,319.4787248685313
2021-04-20,4881.681650067712,433.66129813002885,1226.599939989101,388.9975989589658,318.0759503241864
2021-04-22,4895.162221984269,434.71540922522524,1257.4077057250788,389.2191204092544,320.5177422853973
2021-04-23,4889.898496049499,431.7639110262424,1271.5341383935722,390.10523156191385,319.07601083449583
2021-04-26,4975.917965680295,433.45049521234023,1259.0607686600474,390.76979591277967,322.2720415320167
2021-04-27,5106.359886248335,435.1370472295203,1263.4189770881965,393.64962546954155,326.01092683651774
2021-04-28,5128.570772121737,438.08857759742097,1254.8528970508094,396.08638677422124,330.71652136768944
2021-04-29,5197.258320427831,438.7210506883224,1261.0144135081164,393.87114691983015,331.3917816570764
2021-04-30,5121.3812016852835,456.00846621576034,1267.7770937916237,402.5106102386109,325.5225640988315
2021-05-03,5030.354400512025,454.11104694305607,1250.3444435284712,405.1689183450842,325.590439936022
2021-05-04,4921.3531638548,462.3331327869389,1266.7251946828555,404.94739689479553,322.5279012819386
2021-05-05,4930.3405513943935,468.44696427151115,1276.7940008363003,408.4917908024233,325.2277691695737
2021-05-06,4958.328970772844,464.8629929816268,1304.44588579653,410.2639877562372,327.6072691892912
2021-05-07,4960.254815274527,469.9227133710026,1331.947433937849,419.5680154258837,329.7954393043031
2021-05-10,4946.003701800162,480.2530214052783,1363.6569454131277,439.2837287196299,332.4474638521515
2021-05-11,4963.849770290363,497.9620749370112,1389.355093800567,459.4424849139532,330.4094940132273
2021-05-12,4912.494482904193,485.312741794654,1350.281829940302,455.45504810574823,326.9776360631884
2021-05-14,4974.50592874889,476.2473799421812,1329.2423801693903,447.7016959396269,326.5615815156974
2021-05-17,5033.692621540334,481.7287705047697,1333.4502517786284,451.9106541981205,332.02030669492797
2021-05-18,5104.562408740417,489.5291861754398,1347.8773580849438,467.6389306836616,336.1351815521123
2021-05-19,5127.928937152917,484.469465786064,1341.8660867218262,474.9492399492057,334.40091480289664
2021-05-20,5098.0146732727835,471.39849463941175,1366.963071283065,463.87301532574526,331.6398413347988
2021-05-21,5142.051683633516,475.40410393359116,1385.7482942928077,462.1007930204264,337.6302967840563
2021-05-24,5098.656508241605,476.66905011539393,1421.2148503700348,484.9178573212231,338.12867577044454
2021-05-25,5040.882191976787,483.20451960426124,1425.8735489865621,488.6837726791394,338.3678490149367
2021-05-26,5058.599553878003,477.93396412827906,1419.2612055219658,496.21560339497216,340.43697568821784
2021-05-27,5074.134676885228,471.60929755710043,1406.1866719622406,488.4622512288508,341.24681438207296
2021-05-28,5378.926821793057,473.71751974749327,1417.1572238549861,486.69002892353205,343.42275207188055
2021-05-31,5547.114411646503,479.1989103100819,1418.6600416957654,484.0317715200686,346.69663140085277
2021-06-01,5569.197270121362,495.8538527466184,1415.2035790069172,486.91155037382066,346.519750097854
2021-06-02,5652.263959300361,496.4863258375198,1426.624957906952,491.1205593353241,346.54979884395976
2021-06-03,5673.833010204942,516.514436646252,1424.3707311457827,498.2093471505796,349.0894719340257
2021-06-04,5624.660640903205,528.9529347020028,1437.445264705508,507.7349216220197,348.6422822793984
2021-06-07,5719.410424490843,527.6880206891177,1446.9129987574738,508.17796452259694,350.4533330262553
2021-06-08,5686.543380158915,526.2122715896263,1465.0971496657378,517.0389746431712,350.1963434608616
2021-06-09,5584.86042052713,523.049938304037,1457.8835506502194,509.28557177403997,347.865794869182
2021-06-10,5605.4025354815985,522.6282681308243,1453.3750971278812,513.7161021858321,350.1440677680702
2021-06-11,5682.820058149314,520.9417161136441,1453.525433946792,509.95013612490584,351.51457738980685
2021-06-14,5764.3463434031455,526.2122715896263,1453.8260158598923,508.3994859728856,351.792685813635
2021-06-15,5777.44181433841,528.5312966977078,1448.4158165982533,512.8299656816678,353.0697683867419
2021-06-16,5678.840002152185,534.223490177985,1446.4621717501846,513.4945300325336,350.80707390503227
2021-06-17,5689.239426623183,527.4771856025113,1433.3876381904593,507.7349216220197,349.1128504234038
2021-06-18,5714.916900518657,507.0274367894841,1419.7120325292553,497.54478279971374,348.93373121668196
2021-06-21,5744.702797405026,509.978934988467,1427.827193834631,499.095432951734,350.33874366474987
2021-06-22,5715.173634506185,514.6170495424655,1423.619322225393,504.41204916468064,350.9227713547889
2021-06-23,5662.791750765124,520.0984079361364,1411.4465344049686,500.2030402031771,349.01383947907686
2021-06-24,5529.653783732816,514.4062144558592,1400.9268095195127,493.77886744179744,351.31657722837366
2021-06-25,5403.705387136961,509.76813207077834,1412.7990154268368,493.55729528849884,352.8717464980881
2021-06-28,5356.330495343142,515.8819635553506,1404.0826902952608,491.1205593353241,351.85610757060016
2021-06-29,5360.952386309092,503.4434654995998,1401.3776365268022,479.1581982076993,350.3821329243112
2021-06-30,5419.625611125479,496.2754907509134,1406.9380808826302,478.0505909562562,349.78252681709364
2021-07-01,5387.0153007810795,501.1244082226005,1390.8579116413464,476.4998901012261,348.8592068499843
2021-07-02,5466.872135925534,499.43782403650266,1390.8579116413464,480.48737761244087,349.7981052342721
2021-07-05,5521.180203763501,509.978934988467,1381.6907595024804,482.0380277644612,352.2932809765256
2021-07-06,5455.95924347948,512.2979922654663,1376.7313872481309,480.26580545914237,351.9350860175232
2021-07-07,5418.084867605088,505.55168768999266,1384.0952313578389,478.2721124065448,353.30116328625513
2021-07-08,5373.277655281772,493.5348276385368,1377.1823059801425,476.4998901012261,349.9249270209819
2021-07-09,5318.3277524749865,497.11879892842114,1373.2749245592827,475.392282849783,349.07723950882144
2021-07-12,5351.451870389664,499.8594942097155,1355.54169238303,474.9492399492057,349.1395314503148
2021-07-13,5391.508824753266,507.6599098803855,1353.287465621861,477.60754805567905,351.8038101505881
2021-07-14,5356.330495343142,509.34649406648333,1348.6287670053334,474.5061970486285,352.72936802142044
2021-07-15,5346.9583464174775,492.90235454763547,1343.6693947509839,470.96180314100076,354.2923373633344
2021-07-16,5424.119135097665,492.4807165433404,1346.5247853383537,470.07566663683644,354.2745427696536
2021-07-19,5389.582980251583,483.20451960426124,1364.2580175146063,469.41110228597057,350.47001953168495
2021-07-20,5376.358802727332,474.7716308426897,1363.957435601506,467.8604521339502,347.7934866789867
2021-07-22,5445.431452014718,486.99932598075185,1385.297467285518,472.73397474330966,352.06412398073536
2021-07-23,5406.915241171506,486.15604997216184,1386.6500400321083,469.6326237362592,352.7760815457353
2021-07-26,5332.835599936878,482.9937166865725,1370.5698707908243,463.65144317244676,352.0730321411861
2021-07-27,5276.730054590993,483.41535469086756,1362.4546177607267,460.55014286840617,350.33763557649866
2021-07-28,5231.409374292621,482.15040850906473,1362.9055364927378,460.77166431869483,349.51332655371624
2021-07-29,5272.236530618808,483.83699269516256,1349.8310029330125,460.3285707151077,351.04959314149863
2021-07-30,5226.1456483578495,486.15604997216184,1339.0106961344566,457.00569825776853,350.70695487245416
2021-08-02,5321.6659735032945,493.74563055622554,1375.9799783277413,467.417409233373,353.42353099273953
2021-08-03,5360.824019315327,497.11879892842114,1392.8115564894151,470.29718808712505,358.88779661322604
2021-08-04,5401.908249224264,494.799741651422,1374.0263334796725,466.53127272920864,361.7367349614771
2021-08-05,5480.22468044355,492.6915194610291,1363.055781586927,460.55014286840617,362.5332331418767
2021-08-06,5364.162240343637,491.84824345243896,1369.367634863145,469.18958083568197,361.2784209698966
2021-08-09,5333.605801899462,484.89110379035895,1360.0501459053683,462.5438359210037,361.7245025362728
2021-08-10,5361.594221277912,484.2586306994576,1336.6062242790981,453.01826144956357,362.21062737023607
2021-08-11,5436.701138057874,493.32399255193053,1352.5360567014711,463.65144317244676,362.2584707100228
2021-08-12,5419.240510144187,490.16165926634113,1346.9756123456432,461.21470721927204,364.08620796230935
2021-08-13,5509.496769759639,489.5291861754398,1367.263653196165,463.65144317244676,367.7505471728921
2021-08-16,5581.008731523764,486.99932598075185,1394.6149562432947,474.9492399492057,368.50591572467397
2021-08-17,5557.257102129973,480.04218631867184,1397.6205919248534,468.3034950345275,369.65280879187634
2021-08-18,5578.8261530345535,477.3014910373776,1393.1121384025155,470.51876024042355,368.6349319606655
2021-08-20,5516.173211816258,464.6521578950204,1368.1653989354659,458.5563991127987,366.00181009474915
2021-08-23,5552.378477176495,471.18765955280537,1357.6456740500098,456.34113390690266,367.0241192789648
2021-08-24,5607.200012989517,477.3014910373776,1371.7721067185034,469.18958083568197,369.8752955309389
2021-08-25,5655.730207727213,487.6317990716533,1384.6963951840394,470.07566663683644,370.09891208547316
2021-08-26,5727.242169491338,487.2101610673583,1402.8804543675815,467.8604521339502,370.1489716017622
2021-08-27,5719.410424490843,491.84824345243896,1416.5560600287854,469.41110228597057,371.6685299568943
2021-08-30,5829.43859709818,506.60579878518905,1420.3131046307342,475.6138043000716,376.69342772217357
2021-08-31,5798.369030274172,508.29238297128694,1417.6080508622756,491.1205593353241,381.1687137148626
2021-09-01,5821.350118110157,504.70837951248484,1433.6882201035594,490.67751643474685,379.9239177915845
2021-09-02,5891.450042942877,500.28113221401054,1442.1039633220355,488.01920832827363,383.4369920922694
2021-09-03,6133.075439062131,519.0442968409399,1476.668773659962,501.08917670734144,385.42711859140695
2021-09-06,6228.33936981527,512.9304653563677,1475.1659558191825,494.4434317926632,386.63302278979035
2021-09-07,6267.625782621066,505.76249060768134,1448.5661534171645,495.5510390441063,386.2836925367975
2021-09-08,6243.103611669469,501.54604622689556,1471.408911217234,498.8739115014454,386.09236263209203
2021-09-09,6228.33936981527,515.0386875467606,1476.2179466526725,499.75999730259986,386.44277924611544
2021-09-13,6089.552236271677,518.8334939232512,1497.107151329395,505.0766135155464,386.1324276268997
2021-09-14,6081.592124277418,522.6282681308243,1482.078972921601,510.61475117878155,386.6819524906076
2021-09-15,6106.8844971916005,541.60226784436,1472.6112388696351,515.7097952384296,389.7845126850575
2021-09-16,6235.015132681445,542.6563789395565,1319.6243092985133,524.3492839087153,392.2329966302167
2021-09-17,6138.339164996902,538.6507696453771,1311.2085660800374,523.9062410081381,391.2462766333628
2021-09-20,6148.097094094301,541.8131029309664,1263.5692221823856,507.7349216220197,387.05796377051144
2021-09-21,6174.673136946124,570.0632674146636,1243.7320083391533,509.50709322432857,390.7312111415449
2021-09-22,6240.921372775479,563.5277657568787,1262.817813261996,515.9313166887182,390.3897026879722
2021-09-23,6393.445812223157,580.8152134532344,1262.2167411605171,522.7985830536851,396.53698521560415
2021-09-24,6374.957569168914,573.8581059600721,1246.7376440207117,519.4757105963461,397.2100076012681
2021-09-27,6482.160988722998,590.3022133100022,1264.170386008586,525.6784126104469,397.25228877257825
2021-09-28,6542.760397636291,599.5783780801638,1291.2211071426154,544.7295615533272,394.88280500156276
2021-09-29,6490.891981870284,610.3303241187346,1313.1622109281063,564.666796297362,394.0529555375244
2021-09-30,6468.808783800205,609.2762130235382,1299.0357782596127,555.1412218259219,391.9804828722691
2021-10-01,6480.235483816537,616.6549906899131,1301.5904952091605,564.4452748470734,390.0648807398293
2021-10-04,6563.559246578287,622.3472163391081,1310.0063301523583,559.3501800844155,393.6068522439276
2021-10-05,6699.778361056154,690.0210971804506,1334.051415604829,575.5214994705339,396.522558341118
2021-10-06,6573.059762497715,708.7843261452155,1344.1203134829952,576.4075852716883,392.6000997496698
2021-10-07,6605.285311456044,676.3176529428971,1350.131584846113,585.9331597431284,395.8116871371486
2021-10-08,6859.107609554215,678.6367102198963,1350.8829937665025,583.9394666905309,398.1444519053306
2021-10-11,6811.34693758866,695.7133228296456,1365.7608353553858,582.831808736078,399.2735721060727
2021-10-12,6850.248249413164,689.5994913450734,1368.315644029655,581.5026800343462,400.2970111057602
2021-10-13,6919.963073264591,674.6311009257169,1378.5347870020107,581.5026800343462,404.0748533168178
2021-10-14,6933.957113156205,670.6254916315376,1380.4884318500797,595.4587342145685,408.00843624521906
2021-10-18,6952.445356210448,683.4856598605011,1390.1065027209565,604.0982228848543,411.0898775812346
2021-10-19,7014.71285685223,668.728104527751,1361.703208840337,592.8004261080953,409.7927625107237
2021-10-20,6933.957113156205,653.1272088485755,1325.785917480542,578.4013290272958,406.40761808499974
2021-10-21,6733.929414920944,653.5488790217883,1355.6919374772192,583.2748516366551,404.43861044429667
2021-10-22,6746.511417881154,662.1926028699661,1344.2705585771846,579.0658933781615,403.03251163519826
2021-10-25,6680.776650026854,680.5340973236828,1297.5329604188335,577.9582861267185,403.2661227112138
2021-10-26,6832.915988493241,687.7021042412867,1295.5792238460429,582.6102872857894,406.44768307980746
2021-10-27,6746.511417881154,665.7765419909327,1285.5104176925981,579.5089362787388,405.16947069122875
2021-10-28,6672.559804045068,633.3099331264497,1264.771458110065,569.9833618072987,397.30013211236496
2021-10-29,6512.461032774865,628.4610478236802,1255.4540608770099,566.8820615032581,393.17078692625336
2021-11-01,6516.441088771995,645.7484311822004,1267.3262667843342,583.2748516366551,398.9109447940656
2021-11-02,6421.433892006386,644.9051551736104,1250.7952705357607,579.5089362787388,398.0053976934165
2021-11-03,6377.2688542471105,640.8995458794311,1247.038225933812,587.26233914787,396.67603942751816
2021-11-04,6416.426900059143,641.1103809660374,1261.6155773343169,596.5663414660116,398.62505802525857
2021-11-08,6424.387012053401,653.1272088485755,1297.6832055130228,622.2632353235701,402.00129429053186
2021-11-09,6475.10012487553,660.5059865149506,1293.926160911074,618.940362866231,401.4606341328335
2021-11-10,6547.510655596004,664.9332659823426,1296.1803876722433,617.832755614788,400.858790121893
2021-11-11,6559.450823587393,647.2242124506097,1278.2968186770797,590.5852116052091,397.66388923984385
2021-11-12,6658.437397159689,652.0730977533791,1285.5104176925981,589.0345107501789,402.76218155634905
2021-11-15,6619.150984353892,665.3549361555554,1281.4527911775494,588.5914678496017,402.9112302897444
2021-11-16,6465.3428749685745,662.6142087053435,1262.0664043416064,580.3950727829031,400.45831399158044
2021-11-17,6326.940842406274,663.6683198005398,1243.7320083391533,569.0972760061442,398.2212359029719
2021-11-18,6350.820499198609,650.5973808228053,1218.1841050459032,573.0847128143491,395.2432595915087
2021-11-22,6069.523589292266,617.9199368717159,1189.0294939696155,551.5968279182941,387.4951589036575
2021-11-23,6126.270630011749,618.5523777936996,1195.0407653327331,558.9071371838382,389.4263177260552
2021-11-24,6037.812187499437,647.0133773640033,1212.3231705016965,565.3313606482278,387.4617858927981
2021-11-25,6401.276878033208,653.970549195001,1202.5548545366303,556.6918719779421,390.158307788459
2021-11-26,6194.9585179130645,620.2389941487152,1132.6738249403877,535.868551432753,378.81591644927676
2021-11-29,6269.166186546235,607.5896610063579,1104.420867878679,526.3429769613128,379.4277549816986
2021-11-30,6176.4702748588215,599.1567722447865,1112.0852021767653,527.0075920151886,377.8536613028315
2021-12-01,6334.644220413005,599.7892131667702,1108.3281575748167,521.4694543519533,381.9407687720742
2021-12-02,6375.342670150207,607.1679908331453,1138.6850963035051,534.5394227310213,387.1636449715661
2021-12-03,6183.7885518842595,615.179209421504,1159.8747911686062,541.4066890959882,382.60375318181565
2021-12-06,6066.570469245248,604.4273277207686,1152.5110387836203,535.868551432753,376.27513527095965
2021-12-07,6115.999912129736,615.179209421504,1165.5854806186235,534.3179012807327,382.1587797036907
2021-12-08,6209.0809247984425,625.7203203734683,1175.65437849679,533.4317647765683,388.6787709736935
2021-12-09,6307.554030395683,621.2931052439116,1183.4690496137873,530.3304644725278,389.72667482378955
2021-12-10,6313.973738464773,622.1363812525017,1193.0871204846642,531.881114624548,389.60322075627454
2021-12-13,6187.383506900098,615.3900445081102,1179.2611780045495,524.1277624584267,386.4205305722092
2021-12-14,6111.6347551513145,619.3956538022896,1177.1571963375693,522.3555401531079,385.4560592492615
2021-12-15,6093.789026256335,606.9571557465389,1155.0657557331676,512.6084442313792,383.1533214999647
2021-12-16,6172.618585855455,612.8602164823401,1175.35379658369,512.8299656816678,383.75403569543346
2021-12-17,6009.695061532001,587.7723209463967,1156.2680833855686,499.98151875288846,377.89815865064395
2021-12-20,5847.670106164895,565.003547025288,1082.028845361177,481.8165063141726,369.6439006314256
2021-12-21,5934.716511745803,573.6472708734658,1094.6525519136128,485.1393787715117,373.12916408972774
2021-12-22,6075.557517189621,576.8096041590551,1119.449046286473,483.14563501590425,377.2362606019331
2021-12-23,6073.375278295631,592.4104355003951,1134.176642781167,496.880167745838,379.8427014409384
2021-12-24,6092.7620903062225,583.9775467388237,1118.5473005471724,488.4622512288508,378.3108889333814
2021-12-27,6086.2140152433685,579.1286614360542,1125.3099808306797,490.67751643474685,380.1464045306469
2021-12-28,6158.496178970077,588.1939911196094,1143.3437949200327,497.54478279971374,383.41695959486555
2021-12-29,6169.024310030061,585.6640987560039,1145.4477765870126,494.00038889208594,382.9797644617195
2021-12-30,6057.583421300877,592.4104355003951,1135.9800425350466,489.7913799305825,382.76505606763595
2021-12-31,6080.821922314834,600.4216540887538,1158.5223101467377,494.00038889208594,386.1046167845169
2022-01-03,6172.490218861692,603.1623815389659,1160.4759549948067,500.4246123564756,392.1484342875965
2022-01-04,6311.79082038034,623.1904923476981,1160.0251279875172,505.298134965835,396.14320106924
2022-01-05,6341.319983279181,633.9424383862688,1186.324440201157,519.4757105963461,398.81304193798985
2022-01-06,6204.972501807549,635.8398254900552,1189.630566071094,519.4757105963461,394.8227509637924
2022-01-07,6255.043779660857,662.1926028699661,1190.832893723495,525.0138482595812,396.30893630806503
2022-01-10,6260.179138601863,667.6739934325547,1194.8904285138221,530.3304644725278,400.54956831814906
2022-01-11,6305.243424507929,678.6367102198963,1175.65437849679,525.4568911601583,401.71649388275534
2022-01-12,6473.559041759919,695.5024877430392,1168.290626111804,527.893677816343,405.2006275255857
2022-01-13,6510.021380702905,691.2860433622535,1185.7232763749564,536.7546372339074,406.21185582728947
2022-01-14,6519.521896622332,679.058380393109,1197.5955740070026,546.2802117053475,406.16622866400513
2022-01-17,6553.544583493358,699.2973262884476,1203.9073355584985,548.273955460955,407.33093805210905
2022-01-18,6475.356858863059,690.8644375268761,1196.5435831735126,549.1600412621094,402.99136027936
2022-01-19,6474.8433908880015,717.8496558287707,1185.272449367667,554.2551360247674,399.1056206907453
2022-01-20,6361.476997252356,703.5137706692333,1181.3650679468074,556.0273076270763,395.0697025532635
2022-01-21,6362.503933202469,690.0210971804506,1147.2511763408922,539.1914238900921,391.9582341983628
2022-01-24,6105.857561241488,698.6648210286285,1121.402691134542,533.2102433262797,381.54472499476645
2022-01-25,6093.917393250099,696.3457637516292,1149.8058932904398,538.0838166386491,384.4114579366984
2022-01-27,6003.6604544442025,698.6648210286285,1148.7539941816715,543.6219543018842,380.67815652789454
2022-01-28,5997.883260534376,711.7358243441984,1149.6556481962505,549.8246056129753,380.49569132919856
2022-01-31,6128.196814108653,727.7583258587513,1193.3876106730427,554.6981789253447,385.7886595423834
2022-02-01,6107.911433141713,720.8011540277536,1138.6850963035051,539.4129453403807,391.06159525816446
2022-02-02,6120.365069108158,722.2769352961627,1148.4534122685714,551.3753064680055,395.5814220531072
2022-02-03,6041.278096331066,706.2544337816098,1133.2748970418663,552.26139226916,390.6911461467372
2022-02-04,5986.1998265305165,715.1089927163941,1129.0670254326283,550.046127063264,389.7144641258058
2022-02-07,5949.738166777973,725.6501036683584,1119.449046286473,544.5080401030386,382.9797644617195
2022-02-08,6049.751676300381,703.9353765046106,1134.3268878753563,537.6407737380717,384.1622901707249
2022-02-09,6120.236702114395,691.2860433622535,1128.916780338439,536.3115943333302,388.5464087457278
2022-02-10,6113.946040229512,713.0007705260012,1111.0332113432753,531.4380717239708,391.7068068014457
2022-02-11,6102.005872238122,708.9950968939864,1110.7326294301752,540.7421247451223,386.5651469525998
2022-02-14,6004.816436578523,700.7730432190214,1087.1384627097157,516.3743595892955,374.7299822499471
2022-02-15,6208.69582381715,692.1293193708435,1108.7789845821062,526.1214555110242,386.06898414271393
2022-02-16,6195.857086869412,710.681713249002,1124.4083268161007,538.3053380889377,385.3959617570499
2022-02-17,6274.301545487241,724.1743223999492,1121.1021092214417,537.8622951883603,385.0043937871882
2022-02-18,6225.257882774488,707.94098579879,1121.5529362287311,536.7546372339074,384.3747823883061
2022-02-21,6162.3478679734435,688.9669860852542,1108.3281575748167,528.1151992666316,382.82515355984754
2022-02-22,6134.359108999773,695.5024877430392,1067.902320967962,518.8111462454801,380.2787667586126
2022-02-23,6095.971265150324,677.7934342113061,1073.3125202296008,519.0326676957687,379.6346850308032
2022-02-24,5792.206056192609,660.5059865149506,1001.026927053278,487.35464397740776,361.4953455404825
2022-02-25,5864.617266103526,672.5228787353241,1010.9455798372551,497.76630425000235,370.6273180907466
2022-02-28,6058.738724244753,677.3717640380935,1051.3713247193882,509.50709322432857,373.64201340504326
2022-03-02,6158.88127995137,687.0695989814677,1028.2279850062184,497.32326134942514,369.46034907169906
2022-03-03,6106.8844971916005,718.0604909153769,1041.1521817470327,507.95644307230833,367.0597519207678
2022-03-04,5971.435584676317,696.7674339248421,1047.013208015961,501.7537410582073,361.43748595199395
2022-03-07,5750.609037499059,788.2642641203253,1015.9048603668829,497.32326134942514,352.93406016680206
2022-03-08,5740.20927343284,755.1652143338586,1026.725167165439,518.5896247951915,356.27803150946716
2022-03-09,6044.74468435314,739.564318654683,1029.881047941187,518.1465818946143,363.6623533426188
2022-03-10,6142.704321975324,735.1371035251262,1048.96685286403,535.868551432753,369.21452729769976
2022-03-11,6160.421683876539,740.8292648364858,1088.0401167242946,548.0524340106664,370.00544158240217
2022-03-14,6211.006429704904,724.3851574865556,1080.976854527687,535.2039870818871,375.3640694562752
2022-03-15,6068.753387329681,690.4427673536634,1052.8741425601677,527.2291134654772,370.7296532998271
2022-03-16,6171.206548924051,705.4111577730199,1070.9079566495207,540.2990818445451,377.6790179035557
2022-03-17,6372.390229293633,718.0604909153769,1094.6525519136128,537.6407737380717,384.61395563279825
2022-03-21,6335.671156363118,727.5474907721449,1073.6131021427009,522.7985830536851,380.8438917667196
2022-03-22,6499.365561839601,739.7751537412893,1107.2761667413267,534.5394227310213,385.24691302365454
2022-03-23,6520.035364597389,740.4076590011084,1101.8660592044096,539.1914238900921,383.69285184219126
2022-03-24,6621.333223247882,748.2080425028608,1089.8435164781743,534.3179012807327,383.1833485188499
2022-03-25,6665.4989401976,741.2509350096985,1082.930499375756,526.3429769613128,381.6315035138891
2022-03-28,6732.517377989539,743.5699922866978,1081.127191346598,531.4380717239708,383.16666201342025
2022-03-29,6734.057781914708,721.01198911436,1077.3701467446494,524.1277624584267,385.4649674097123
2022-03-30,6863.472766532636,683.0639896872883,1082.1790904553661,519.2541891460575,389.3128581800215
2022-03-31,6765.384082726246,691.075208275647,1080.075200513108,527.0075920151886,388.5675276041622
2022-04-01,6819.563783570447,708.1518208853963,1125.3099808306797,540.963646195411,393.1440624449011
2022-04-04,6839.720797543623,708.5734910586092,1142.742722818554,541.8497319965653,401.66421818996395
2022-04-05,6743.044829859079,724.595992573162,1142.1415589923536,543.4003821485857,399.528345494964
2022-04-06,6725.070733970337,728.6016018673413,1159.574209255506,558.4640942832609,396.19660657750325
2022-04-07,6606.4406143999195,711.9466594308049,1144.5460308477118,547.3878696598005,392.456613184751
2022-04-08,6716.340420013492,720.5903189411472,1155.8171646535575,562.4515310914659,395.6781950937111
2022-04-11,6702.346380121879,721.8552651229501,1167.2386352783142,570.869498311463,393.24418147747923
2022-04-12,6576.141249538496,712.1574301795757,1143.9449587462332,558.4640942832609,390.0259455604933
2022-04-13,6552.004179568191,734.7154333519136,1139.1359233107946,566.6604893499596,388.81004684062856
2022-04-18,6531.975532588778,741.2509350096985,1117.345064619493,567.5466258541239,382.0909473209414
2022-04-19,6780.919205733471,746.9430963210581,1129.6681892588288,577.2937217758526,377.30748243109787
2022-04-20,6980.305068999913,739.9859888278958,1172.0476707137525,591.0282545057863,381.26553020990775
2022-04-21,7143.742740488867,734.2937631787008,1195.3413472458333,598.3385637713304,386.9622770909381
2022-04-22,7083.914212728602,733.6613222567172,1182.4170587802976,595.2372127642799,382.053098502636
2022-04-25,6920.091440258355,715.3197634651651,1111.1835481621863,565.9959249990937,377.2028875910737
2022-04-26,7127.180681531528,703.9353765046106,1120.6512822141524,571.7555841126175,382.69500750838426
2022-04-27,7134.113857575674,695.0808819076618,1101.5654772913092,564.2237533967848,379.08181417512117
2022-04-28,7240.675442160938,694.8700468210556,1110.1315573286963,575.7430209208225,383.67951132873577
2022-04-29,7164.669956424626,676.5284880295034,1089.8435164781743,558.2425728329723,380.5090752970953
2022-05-02,7139.505950504208,659.2411046709832,1101.41523219712,561.1224023897342,379.76483108226654
2022-05-04,6916.624852236282,684.1181007824848,1092.3983251524437,557.5780084821066,371.05447524797006
2022-05-05,6781.175939721,695.0808819076618,1085.034481042736,556.9134441312407,371.1668484329731
2022-05-06,6729.17915696123,703.9353765046106,1073.9135923310794,559.3501800844155,365.12854964392886
2022-05-09,6466.369810918687,694.6592117344492,1062.1916315179444,549.3815627123981,362.69453602769704
2022-05-10,6354.287087220682,651.229821744789,1062.3419683368552,540.5206032948337,361.31957232573495
2022-05-11,6289.194833525647,668.728104527751,1043.2561634140125,533.6533369298668,359.69652721882994
2022-05-12,6161.064198035802,659.8735455929668,1021.7658866358113,540.963646195411,351.7070371099842
2022-05-13,6230.906709690552,647.4350475372161,1012.7489795911348,537.4192522877831,351.1319175803959
2022-05-16,6232.447792806163,647.2242124506097,1010.1941709168655,540.963646195411,352.47016227952435
2022-05-17,6494.229523708151,687.9128749900577,1029.2799758397082,551.1537850177169,361.7478592984302
2022-05-18,6517.853125703399,688.1237100766642,997.5704643644298,523.0201045039737,361.3251344942115
2022-05-19,6367.639292143475,674.6311009257169,981.7908770362458,519.4757105963461,351.73819394434116
2022-05-20,6738.936406868186,682.6423195140757,1000.2755181328884,518.1465818946143,361.9002757510204
2022-05-23,6693.872800152563,653.970549195001,998.1716281906301,521.4694543519533,360.75557713309973
2022-05-24,6716.853887988549,635.2073202302362,992.1603568275124,525.8999340607356,358.7632127302393
2022-05-25,6706.968271087828,643.4294382430367,980.2880591954665,508.6210074231742,356.55279394132106
2022-05-26,6643.03132033667,640.4778757062184,974.8779516585491,505.9626993167009,359.7644030560205
2022-05-27,6612.217808309747,606.3247148245551,968.8666802954316,505.7411778664123,363.82033196368553
2022-05-30,6842.545550596876,607.3788259197515,989.3049662401429,514.380666536698,370.6940641124653
2022-05-31,6759.991989797711,637.7372125938417,980.4383960143774,513.9376236361207,368.9842622136583
2022-06-01,6762.174907882142,631.4125460226632,979.8372321881769,523.6847195578495,367.60927678447564
2022-06-02,6995.326724032083,642.7969329832176,989.9061300663434,521.2479329016647,369.95094971310834
2022-06-03,7137.066298432248,639.2129938622509,986.2993305585841,524.1277624584267,368.97870004518177
2022-06-06,7106.381832589531,649.1215995543962,959.8497732507551,520.8048900010875,368.6505321050646
2022-06-07,7119.734037512325,682.4315487653047,962.5548270192137,523.6847195578495,365.2420091899625
2022-06-08,6994.684889063263,688.9669860852542,973.5253789119591,522.7985830536851,363.9048725790852
2022-06-09,7186.495741316736,698.0323801066448,1000.4258549517992,524.1277624584267,366.6158648036734
2022-06-10,6969.520883142843,694.2375415612364,994.865410595971,519.4757105963461,360.4685605488209
2022-06-13,6837.6662464529545,672.7337138219303,955.6419016415172,503.30439121022755,350.9594903576224
2022-06-14,6748.308555793849,657.5544883159675,944.6712580240501,488.4622512288508,350.01835406961163
2022-06-15,6666.654243141476,638.3696535158255,943.7696040094711,483.81025006977995,349.1295369288335
2022-06-16,6573.444863479007,605.2706037293588,936.7063418128633,479.1581982076993,341.7529717134401
2022-06-17,6650.47728516543,596.4160447945745,904.6963401492062,461.6577501198492,340.2600943852191
2022-06-20,6529.921660688552,566.690099042468,889.8184068356014,456.56265535719126,341.5204904528963
2022-06-21,6635.32794232994,586.5074391024293,905.2975039754068,468.5250164848161,347.94255713960274
2022-06-22,6433.759160979066,568.5875504840899,919.4239366439001,467.6389306836616,342.92548117374355
2022-06-23,6329.379815287792,568.3767153974836,925.4352080070179,475.392282849783,346.1148416145367
2022-06-24,6419.508387099924,579.1286614360542,924.383217173528,480.70889906272953,349.2874938226796
2022-06-27,6400.506676070624,596.6268798811809,946.7752396910299,485.3609002218003,352.24211337198534
2022-06-28,6490.506201698549,629.725994005483,957.5955464895859,479.82276255856516,352.645935494272
2022-06-29,6625.1849122512485,649.9648755629862,950.983111300268,486.4685074732434,351.5090152213303
2022-06-30,6664.985472222545,639.0021587756445,926.9380258477973,493.4465599148595,351.08963640908576
2022-07-01,6184.943854828137,552.5650489695371,956.8441375691963,495.44030367046696,350.4622194594854
2022-07-04,6197.782591775875,531.2719919790021,950.8328662060785,494.1111242657254,352.31552965043187
2022-07-05,6247.982236622946,537.1750205458857,941.0645502410125,489.12681557971666,351.77043713972876
2022-07-06,6193.03233381616,509.978934988467,965.7107077949618,482.4810706650384,355.75184168069615
2022-07-07,6132.048503112019,520.7308810270378,990.0563751605325,483.14563501590425,358.9356399530127
2022-07-08,6140.522083081334,512.2979922654663,977.7332505211971,483.14563501590425,360.8868312728143
2022-07-11,6223.974212836848,529.1637697886092,949.4802934594885,482.14881384111044,360.7844960637338
2022-07-12,6215.114852695797,523.2607412217257,927.689434768187,469.52188836261985,357.2758758432742
2022-07-13,6104.958313094697,524.736490321217,933.2498791240151,467.8604521339502,355.2367979160988
2022-07-14,6155.286324935532,536.1209094506892,920.17534556429,470.1864527134856,354.6138350467238
2022-07-15,6167.226492926921,533.5910492560013,938.0589145594536,467.5281446070124,357.07342160161556
2022-07-18,6219.73742285219,547.7160993289323,949.1797115463883,472.84476081995894,362.17503818287435
2022-07-19,6257.868532714109,539.2832427362785,951.4339383075572,478.4936338568334,363.55556405331293
2022-07-20,6427.082718922447,558.8897155407157,953.0870929672478,480.81963443636886,367.56699561316555
2022-07-21,6384.2013511008145,561.2087728177149,969.9186711289215,482.14881384111044,369.4447923817412
2022-07-22,6427.3401321004185,558.468045367503,962.7050721134029,479.4905057346372,371.98557356005836
2022-07-25,6214.986485702033,547.2944934935549,953.237338061437,479.1581982076993,370.0176957348271
2022-07-26,6217.811238755286,540.5481567491636,957.1447194822965,476.167633277298,366.74379467863434
2022-07-27,6211.905677851695,542.2347731041791,975.629360578939,479.1581982076993,370.2579987947911
2022-07-28,6309.223480505058,549.1918805973414,979.9874772823662,478.82594138377135,376.6611410723448
2022-07-29,6443.644777879786,565.6359879472716,992.7614289289911,484.80707124457376,381.7483090518969
2022-08-01,6611.575973340926,583.555876565611,1004.3331446479369,472.51245329302105,385.7931353498294
2022-08-02,6636.739979261344,576.3879339858423,1007.3387803294958,478.1613263298956,385.9132434253702
2022-08-03,6692.460084030715,571.9606545184502,1003.5817357275473,471.84788894215524,386.8632878738317
2022-08-04,6604.000962327958,574.4905468820558,1003.7320725464582,473.17701764388687,386.7264498384201
2022-08-05,6506.683159674596,575.5446579772522,1011.0958249314443,485.8039431223776,387.0713042839669
2022-08-08,6591.804060349043,575.5446579772522,978.7852413546871,487.4653793510471,389.9102263835161
2022-08-10,6631.219519339045,564.1602710166978,986.7501575658736,481.8165063141726,390.12493477759966
2022-08-11,6653.302038218683,559.943826635912,986.9004943847845,471.51558141521735,392.8893325104511
2022-08-12,6760.890558754059,586.9290449378067,1003.5817357275473,475.50306892643215,393.76037678476894
2022-08-16,6807.880349566587,590.091378223396,1039.6493639062533,486.1362506493154,396.58817454736493
2022-08-17,6843.4441195532245,588.8264320415932,1061.4402225975548,487.4653793510471,399.23576674220857
2022-08-18,6833.558502652504,571.5390486830729,1043.1058265951015,482.8133781919763,399.50831299756015
2022-08-19,6711.718529047542,567.5334393888935,1016.6562692872725,479.4905057346372,395.1019457486511
2022-08-22,6693.101918999535,556.1489880905037,1002.8303268071577,473.84163269776263,389.14486331025284
2022-08-23,6796.325961746933,563.9494359300915,1002.9806636260686,472.18019646909306,391.07606558709176
2022-08-24,6778.2228196739825,573.4364357868594,990.507202167822,468.857324011754,391.6867743040418
2022-08-25,6758.451585872541,575.7554930638586,991.2586110882116,474.83845387255644,389.85125870677626
2022-08-26,6722.374347910848,576.177098899236,989.1547211459537,477.8290695059676,390.6622489433238
2022-08-29,6670.12083116355,573.0147656136467,980.4383960143774,472.18019646909306,385.18907516238653
2022-08-30,6773.600928708032,584.3992169120364,987.8021483993634,475.1707613994943,395.1208918850243
2022-09-01,6574.4717994291195,567.9550452242709,995.917401429461,472.84476081995894,390.30405398432146
2022-09-02,6497.6961117302235,559.7329915493058,967.6644443677525,473.84163269776263,390.2294861631825
2022-09-05,6598.608869399424,562.4736546616823,976.0801875862285,471.51558141521735,393.04064087479003
2022-09-06,6668.066280072881,556.9923284369291,974.577369745449,469.8541451865478,392.8136783282816
2022-09-07,6629.293335242141,558.6788804541093,982.3920408624464,474.5061970486285,392.1195370841831
2022-09-08,6638.6654841678055,555.9382173417328,1021.4653047227109,485.47168629844964,395.99858468884935
2022-09-09,6597.325199461784,565.003547025288,1017.4076782076623,482.14881384111044,396.76838011511734
2022-09-12,6671.147767113662,565.003547025288,1029.7308028469977,482.8133781919763,399.05999352746096
2022-09-13,6726.867871883033,564.5818768520752,1025.0720125057485,480.155070085503,402.0346673013912
2022-09-14,6646.240495180773,561.6303786530923,1010.3444160110547,477.1645051551018,400.5595628396304
2022-09-15,6580.378039523152,559.100550627322,996.0676465236503,475.50306892643215,397.7484515824641
2022-09-16,6417.325469015491,553.4083249781271,965.7107077949618,464.86983650053907,390.03815625847704
2022-09-19,6425.670681991042,550.4568267791442,964.5084718672825,462.8761434479416,392.07169374439644
2022-09-20,6426.697617941156,561.6303786530923,970.5197432304002,459.2209634636646,396.3879364822087
2022-09-21,6444.415659032813,551.932543709718,961.9536631930133,454.90121912852175,394.2097826158987
2022-09-22,6383.687883125757,542.4455438529501,949.3300483652993,450.58152549638885,392.23968861416506
2022-09-23,6264.030827605229,542.2347731041791,937.6080875521641,448.25547421384346,385.5105511185553
2022-09-26,6104.44484511964,520.5200459404314,916.4183009623414,438.95147189570184,378.5901271726813
2022-09-27,6152.975719047779,524.736490321217,933.7007061313047,443.6034730547727,378.3921052840275
2022-09-28,5989.152946577533,516.7252717328583,919.7245185570005,436.9577281400945,375.08148522500113
2022-09-29,5970.793749707497,534.0126872602963,911.4590204327136,437.95460001789814,374.18041393179806
2022-09-30,6105.4724602601955,534.6451603511978,916.1177190492411,444.93260175650437,380.3266100983993
2022-10-03,6084.288510336907,558.2572102808965,928.1402617754765,443.27116552783485,375.72113459980574
2022-10-04,6196.4989218382325,564.5818768520752,936.1052697113846,447.25865303904965,384.3302850404936
2022-10-06,6219.351642680455,559.311321376093,938.2091596536428,450.2492179694509,385.6095837901029
2022-10-07,6245.671630735193,565.2143821118942,923.9323901662384,448.25547421384346,385.22801034172244
2022-10-10,6177.497889999377,561.8412137396987,915.6668920419517,448.9200892677192,383.58938681763897
2022-10-11,6054.501934260096,552.7758840561435,900.9392955472578,438.28685684182614,377.86148310225167
2022-10-12,6099.052752191105,553.8299951513399,909.2047936715446,446.9263455121118,380.9773838101571
2022-10-13,6118.439564201697,547.5053285801613,902.5923584822264,444.2680374056385,378.5467161858994
2022-10-14,6087.369318187245,538.0182965544757,895.2286060972403,440.6129081243715,382.3590177688469
2022-10-17,6185.072221821901,538.8616047319834,891.3212246763809,438.95147189570184,385.1646103119779
2022-10-18,6294.201825472889,542.6563789395565,888.9167528210224,443.27116552783485,389.06143078310447
2022-10-19,6403.71653010517,538.8616047319834,878.0964460224662,445.2649092834423,389.624339614709
2022-10-20,6420.920424031328,546.4512174849649,892.9743793360713,450.9137823203168,390.7745786738856
2022-10-21,6346.455342220187,554.6732711599299,896.7314239380197,448.5877817407814,391.0493845601807
2022-10-24,6367.639292143475,559.943826635912,903.9449312288166,452.24296172505836,394.48567486322446
2022-10-25,6269.2945535399995,551.3001027877343,909.5053755846449,451.2460898472546,392.83036483371126
2022-10-27,6293.9450914853605,555.7273822551264,918.5222826293214,453.90439795372794,394.62359925966666
2022-10-28,6486.526824891863,563.7386008434851,911.6092655269028,454.90121912852175,395.7327304174462
2022-10-31,6546.74045363342,565.2143821118942,912.6612563603928,453.57209042679,400.74754675236176
2022-11-01,6496.027340811291,569.8524323280574,914.7652380273728,455.2335266554596,403.71109618933883
2022-11-02,6536.597423554728,575.3338228906458,917.3200467016421,455.8980910063254,402.3194242547264
2022-11-03,6560.991227512561,575.1229878040396,917.0194647885419,456.56265535719126,401.64861804556483
2022-11-04,6657.53882820334,581.2368836264471,905.7483309826962,455.2335266554596,403.0825711514873
2022-11-07,6693.101918999535,584.18838182543,930.9956523628462,465.8667083783429,404.9881787624457
2022-11-09,6686.426156133361,584.6099876608074,922.2793272312698,462.21157909707574,403.96917211576306
2022-11-10,6605.542045443572,589.6697723880186,918.221700716221,462.5438359210037,401.1035255348618
2022-11-11,6757.809750903721,592.1996004137889,928.4408436885767,463.54070779880743,408.2564741957207
2022-11-14,6725.070733970337,587.139880024413,924.683799086628,461.5469640432,407.79929001961204
2022-11-15,6694.899736102676,600.2108833399828,928.4408436885767,462.5438359210037,409.4512540571511
2022-11-16,6656.511892253227,602.5298762791467,921.0770913035907,460.55014286840617,409.59030826906513
2022-11-17,6673.715786179388,603.7948224609496,917.3200467016421,459.2209634636646,408.12745795972927
2022-11-18,6670.12083116355,597.6809909763773,914.0138291069829,460.2178353414683,407.32094353062774
2022-11-21,6550.078674661728,571.1173785098601,932.6487152978148,465.53445155441483,404.03478832201006
2022-11-22,6586.4119674205085,570.0632674146636,922.2793272312698,465.202144027477,405.9092390986115
2022-11-23,6565.869852466039,575.5446579772522,932.1978882905253,464.53757967661113,406.422088413927
2022-11-24,6622.489205382201,587.9831560330031,964.8090537803828,478.82594138377135,411.24670465960884
2022-11-25,6721.3474119607345,592.6212705870015,975.1785335716495,487.4653793510471,411.8841378579112
2022-11-28,6952.316989216685,588.6156612928222,1024.1703584911695,506.40574221727815,412.99657155322353
2022-11-29,6964.25647801763,591.3563244051987,1019.060741142631,500.4246123564756,414.2269406020157
2022-11-30,7013.42918691459,594.9403278640008,1025.3725944188488,509.39635785068924,417.3484034783977
2022-12-01,6992.758704966357,590.5130483966086,1017.7082601207625,506.40574221727815,418.55317786130934
2022-12-02,6989.80558491934,594.0969875175754,1025.2223493246595,511.7223584302247,415.96342352773365
2022-12-05,6887.865891300026,606.1138797379488,1017.1070962945621,512.0546659571626,416.0735805362343
2022-12-06,6907.766171285675,600.6324891753603,987.5015664862632,503.74748481381476,414.77646546572356
2022-12-07,6805.826477666361,593.0428764223789,1004.9343084741375,509.72861467461723,412.9465120369345
2022-12-08,6802.616623631816,601.4757651839502,1009.1421800833755,510.0609222015551,414.0333510663665
2022-12-09,6699.521627068626,593.2537115089852,1017.257433113473,511.7223584302247,411.52481308343704
2022-12-12,6709.792344950638,600.2108833399828,1048.96685286403,524.3492839087153,411.5370672358619
2022-12-13,6740.349122990034,608.6437721015543,1040.4007728266429,516.7066671162333,414.0033240474813
2022-12-14,6715.9553190322,622.3472163391081,1048.2154439436401,519.3649752227066,415.1669470745547
2022-12-15,6620.563021285298,621.7147110792889,1049.4176798713195,519.0326676957687,409.707113807073
2022-12-16,6587.824004351913,620.6605999840924,1027.1759941727285,511.39005090328686,406.461023593263
2022-12-19,6674.357621148208,614.7576035861266,1025.823421426138,518.035795817965,409.83056787458787
2022-12-20,6732.132277008248,614.968438672733,1022.6675406503903,517.0389746431712,409.04856175033626
2022-12-21,6636.354878280052,605.0597686427524,1004.1828995537477,507.7349216220197,404.9058325963279
2022-12-22,6619.150984353892,599.7892131667702,985.5479216381945,499.095432951734,403.30949024355454
2022-12-23,6425.028847022221,589.4589373014122,977.1321784197185,485.1393787715117,396.17770389557114
2022-12-26,6481.134052772884,595.7836038725908,977.1321784197185,494.4434317926632,400.8009522606249
2022-12-27,6534.158450673211,610.5411592053409,979.8372321881769,499.095432951734,403.4196472520552
2022-12-28,6533.5166157043905,606.7463206599324,974.1265427381595,497.10173989913653,403.2015928659975
2022-12-29,6530.563495657372,609.9086539455218,983.4440316959362,496.7694323721986,404.72562702857556
2022-12-30,6540.577479551856,618.7632128803059,993.3625927551917,508.3994859728856,402.81893305658645
2023-01-02,6614.272359400416,634.364044221646,1003.4314906333581,518.3681033449029,404.8691135934943
2023-01-03,6565.869852466039,630.569270014073,1012.4483976780346,521.6909758022421,405.6500768111567
2023-01-04,6467.011645887507,616.6549906899131,1010.7952430183442,519.0326676957687,401.4316934749789
2023-01-05,6455.456578877412,617.7091017851095,1028.979393926608,525.6784126104469,400.3014869132062
2023-01-06,6514.129803693798,621.2931052439116,1036.0426561232157,531.9919007011973,397.3490618131822
2023-01-09,6667.937913079118,624.6662092782718,1042.2041725805225,532.3241575251252,402.72767873001783
2023-01-10,6569.336440488112,629.725994005483,1044.007572334402,535.6470299824645,398.56609034851874
2023-01-11,6486.526824891863,618.9740479669124,1059.4865777494858,555.2520079025712,398.1555762422837
2023-01-12,6346.455342220187,616.2333205167004,1037.0945552319838,542.2927748971426,397.3212509707994
2023-01-13,6336.184624338174,619.606488888896,1052.2730704586888,546.9448267592234,399.5105291740625
2023-01-16,6275.842628602853,622.3472163391081,1048.8166077698406,546.6125192322854,398.13667356035165
2023-01-17,6364.94358527443,623.4013274343044,1047.1634531101502,542.2927748971426,401.6620020134615
2023-01-18,6354.415454214445,629.3043238322703,1040.1001909135427,545.9479548814196,404.154939851992
2023-01-19,6347.611324354507,639.8454347842346,1050.9204977120987,553.2582641469637,402.8756411023827
2023-01-20,6272.119306593252,639.2129938622509,1041.0019366528434,550.9322635674283,401.091314836878
2023-01-23,6240.40722560998,642.3753271478402,1050.7702526179096,554.5873928486953,403.11372798584426
2023-01-24,6203.560464876144,641.5319868014147,1048.8166077698406,552.5936997960979,403.1081658173677
2023-01-25,6117.7970500424335,642.7969329832176,1042.2041725805225,548.273955460955,398.07214371513527
2023-01-27,6001.734949537742,622.5579870878789,1011.5466519387338,538.3053380889377,391.67343379058633
2023-01-30,6059.252871410253,610.9627650407182,1007.1885352353066,543.2896467749464,392.66571595591677
2023-01-31,6044.102849384319,610.9627650407182,1031.6844476950666,543.2896467749464,392.95942452414397
2023-02-01,6008.283024600596,608.2221019283417,1005.9862993076274,530.3304644725278,391.9393315164307
2023-02-02,5975.030539692155,604.848933556146,998.4722101037303,522.0232833291799,391.8080556494956
2023-02-03,5980.294265626925,608.432937014948,981.9412138551568,521.3586682753042,397.2289537376414
2023-02-06,5935.229979720859,605.0597686427524,1003.1309087202578,526.6752844882508,395.2387837840627
2023-02-07,5920.979205841717,609.9086539455218,998.3218732848194,525.346155786519,394.27987462959163
2023-02-08,6039.224224430841,606.7463206599324,1004.483481466848,526.6752844882508,397.62160806853376
2023-02-09,6049.751676300381,616.4441556033067,1002.9806636260686,529.0012850677862,398.1055167259946
2023-02-10,5999.937811625045,618.5523777936996,1003.8823176406476,530.3304644725278,397.28344560693523
2023-02-13,5965.786757760256,624.6662092782718,1006.5873714091061,528.3367207169202,395.3789678114486
2023-02-14,6106.371029216544,625.9311554600746,995.3162376032604,526.0107201373849,398.9153771470704
2023-02-15,6244.644015594637,621.9255461658952,995.3162376032604,528.3367207169202,400.8287631030078
2023-02-16,6239.765390641159,657.3436532293613,978.935578173598,530.3304644725278,401.27373658113277
2023-02-17,6265.827965517926,660.2952157661796,996.969392262951,535.3147731585364,399.23463692673675
2023-02-20,6199.580408879015,652.9164380998045,980.2880591954665,528.6690282438582,397.01867769656263
2023-02-21,6250.165154707379,649.7541048142152,971.5717340638902,526.3429769613128,396.6204177427525
2023-02-22,6108.424901116769,647.6458826238223,963.1559908454142,513.7161021858321,390.5599137342433
2023-02-23,6079.152472205457,652.0730977533791,963.4564810337926,513.0514871319564,389.6020909408028
2023-02-24,6120.75017008945,653.5488790217883,954.4395739891162,514.04835900976,388.59090609354024
2023-02-27,6080.051041161806,654.6029901169848,963.1559908454142,510.725486552421,386.96449326744045
2023-02-28,5963.732206669587,641.1103809660374,953.8385018876374,505.40892104248434,384.9899234582609
2023-03-01,6018.553742482609,652.7056030131982,949.4802934594885,511.39005090328686,388.2593921614489
2023-03-02,5972.719254613959,649.5432697276088,964.959298874572,517.7035389940371,385.3893132275428
2023-03-03,6125.115327067872,650.386545736199,966.0112897080619,519.6972320466346,391.4509470515238
2023-03-06,6184.943854828137,667.0414881727355,975.4790237600279,526.6752844882508,394.0562580750573
2023-03-08,6207.155419891981,667.2523232593419,980.1378141012771,526.3429769613128,395.01186469199547
2023-03-09,6057.968522282169,659.0302695843768,976.3807694993286,523.0201045039737,391.34526585046916
2023-03-10,5964.1173076508785,656.9220473939839,979.9874772823662,524.3492839087153,387.41394255301145
2023-03-13,5866.029303034931,656.9220473939839,969.6180892158212,517.0389746431712,381.6604441717437
2023-03-14,5844.075151149057,646.3809364420196,980.4383960143774,516.3743595892955,379.19084136815
2023-03-15,5744.18932942997,643.2186031564303,992.7614289289911,522.3555401531079,377.6078395288322
2023-03-16,5715.558735487478,641.7428218880211,1054.6775423140475,530.9950288233936,377.90706681109475
2023-03-17,5708.369504646246,645.7484311822004,1056.1803601548268,527.0075920151886,380.45345361232967
2023-03-20,5652.263959300361,642.1644920612339,1080.976854527687,535.6470299824645,377.9693804798087
2023-03-21,5828.026560166775,639.0021587756445,1077.670636933028,528.6690282438582,380.6191888511548
2023-03-22,5845.743922067991,639.0021587756445,1057.3825960825059,529.0012850677862,381.60703866348047
2023-03-23,5771.792987422348,644.2727142516267,1047.013208015961,525.0138482595812,379.9383881205118
2023-03-24,5657.527685235133,629.936764754254,1038.1465460654738,521.0264114513761,377.00490915686106
2023-03-27,5745.47299936761,633.520768213056,1036.4934831305052,512.3869227810906,377.9092829875971
2023-03-28,5772.306455397404,620.6605999840924,1021.4653047227109,511.0577940793588,377.1528280747847
2023-03-29,5738.155401532615,629.725994005483,1021.4653047227109,511.0577940793588,380.02290700869077
2023-03-31,5985.557991561695,636.8939365852517,1034.8403284708147,517.7035389940371,386.23141684400605
2023-04-03,5986.584927511808,647.8566533725933,991.7095298202231,515.0452308875638,387.08355843639185
2023-04-05,5972.205786638902,644.694320087004,985.9987486454837,512.7192303080284,390.6210975874855
2023-04-06,6012.262401407283,634.9965494814652,997.8710462775299,516.3743595892955,391.5577580680503
2023-04-10,5969.637767573177,662.6142087053435,1009.2924251775647,517.0389746431712,392.11175873920416
2023-04-11,5999.166930472017,670.6254916315376,1019.2110779615418,517.7035389940371,394.2976909504931
2023-04-12,6025.615285520519,664.7224308957362,1013.800878699903,518.3681033449029,396.3022877785579
2023-04-13,6048.339639368976,669.3605454497347,998.6224551979196,513.0514871319564,396.6493584006071
2023-04-17,6079.0241052116935,675.2635418477006,1008.9919349891863,513.3837946588942,393.95392286597684
2023-04-18,6009.4383275444725,675.0527710989297,1006.2867894960059,518.3681033449029,392.9149271763315
2023-04-19,6039.352591424605,675.0527710989297,1027.9274030931183,522.0232833291799,391.9938233857245
2023-04-20,6024.074202404907,671.0470974669149,1033.0370204416568,519.6972320466346,392.12062344521365
2023-04-21,6031.649213417874,672.9445489085368,1040.5511096455539,520.0295395735725,392.11175873920416
2023-04-24,6054.7593474380665,675.6852120209134,1043.5567453271128,520.0295395735725,394.76712927902673
2023-04-25,6101.106624091331,677.3717640380935,1044.4583993416916,521.3586682753042,395.342248808615
2023-04-26,6065.286799307608,679.4799862284864,1048.96685286403,521.3586682753042,396.32896880546895
2023-04-27,6103.6746431570555,674.8419360123232,1068.9543118014517,534.6501581046606,398.5861228459226
2023-04-28,6215.243219689561,670.2038214583248,1074.8153380703802,540.963646195411,401.92229411638823
2023-05-02,6268.010883602358,692.5509895440563,1085.335062955836,545.9479548814196,403.76115570562786
2023-05-03,6214.216283739449,679.4799862284864,1084.4333172165352,549.6030841626867,402.4751649720702
2023-05-04,6285.856612497338,678.8475453065026,1107.1259216471376,553.5905716739015,406.167358479477
2023-05-05,6269.808021515056,675.8960471075196,1098.4095965155611,550.2676992165624,402.01128881201316
2023-05-08,6347.226223373214,695.7133228296456,1105.1722767990686,553.2582641469637,406.35868838418247
2023-05-09,6366.86909018089,696.7674339248421,1103.218540226278,558.2425728329723,406.39314775607244
2023-05-10,6410.6497061493155,703.9353765046106,1118.5473005471724,559.904009061642,407.48667876945274
2023-05-11,6368.795274277795,704.3570466778234,1119.7495364748515,557.9102653060345,407.083986462638
2023-05-12,6379.194359153572,697.8215450200385,1087.7395348111945,555.2520079025712,407.4800302399456
2023-05-15,6391.776362113781,698.2432151932511,1073.0119383165006,559.5717015347041,409.35000520910114
2023-05-16,6300.749900535743,708.3626559720027,1088.9417707388736,578.1798075770072,406.8503753866223
2023-05-17,6263.517359630173,705.2003226864134,1096.3056148485814,581.8349875612842,404.51982679494273
2023-05-18,6250.036787713615,701.4055484788405,1084.132827028157,571.5340626623289,403.3673281048225
2023-05-19,6270.321489490111,695.2916526564328,1082.930499375756,571.8663701892667,405.0015192759013
2023-05-22,6303.830708386082,698.2432151932511,1086.8378807966155,579.1766794548108,407.47112207949493
2023-05-23,6302.6754054422045,695.7133228296456,1101.8660592044096,591.4712974063635,408.2186688318567
2023-05-24,6265.95633251169,700.9838783056277,1091.9474064204326,595.7910417415064,406.8259105362137
2023-05-25,6265.186130549106,699.9297672104314,1091.9474064204326,592.4681692841673,407.62130062836206
2023-05-26,6436.070446057262,690.4427673536634,1094.953042101991,599.4461710227735,411.5859969366792
2023-05-29,6472.2753718222775,670.4146565449312,1087.1384627097157,598.4493498479796,413.7953076373462
2023-05-30,6470.606600903345,669.7822156229475,1083.231081288856,600.1107860766493,414.57844357706966
2023-05-31,6342.090185241765,653.1272088485755,1092.5485702466328,598.1170423210418,412.3658303388697
2023-06-01,6325.014658309369,647.8566533725933,1095.704451022381,601.439914778381,411.3279210102549
2023-06-02,6304.344176361137,652.2839328399855,1082.1790904553661,596.7879136193101,412.3591383549213
2023-06-05,6360.9635292773,655.2354310389684,1072.4107744903,593.1327336350331,413.6884966208197
2023-06-06,6366.355622205835,647.8566533725933,1070.4571296422312,594.1296055128369,413.8030859823251
2023-06-07,6414.6297621464455,648.6999937190188,1106.3745127267478,603.7659153579164,416.63757572886954
2023-06-08,6418.480771959368,658.1869935757867,1085.335062955836,598.4493498479796,414.5940437214688
2023-06-09,6373.032064262453,650.386545736199,1080.3757824262084,600.1107860766493,413.01104188215095
2023-06-12,6378.680891178515,653.7597141083946,1117.044482706393,610.4116602725946,413.8587076670907
2023-06-13,6472.917206791098,656.2895421341648,1122.9055089753213,610.7439677995325,416.4095268213305
2023-06-14,6552.517647543246,665.5657712421618,1122.7551721564105,619.0511489428803,417.2939116091039
2023-06-15,6554.315464646386,664.7224308957362,1138.8353413976943,617.3897127142106,415.7854341364836
2023-06-16,6618.12404840378,661.9817677833597,1132.5234881214765,612.405404028202,418.85353495904366
2023-06-19,6552.3892805494825,665.3549361555554,1126.3619716641697,610.7439677995325,417.2838736331813
2023-06-20,6565.998219459804,663.0358788785561,1119.449046286473,610.7439677995325,418.6466049099391
2023-06-21,6584.486462514047,675.474376934307,1120.5009453952412,611.4085321503983,419.53989785816316
2023-06-22,6510.53484867796,670.2038214583248,1122.304345149121,611.4085321503983,417.6354200626765
2023-06-23,6457.254395980552,661.560097610147,1080.8266094334979,593.465041161971,415.2826227970907
2023-06-26,6407.953320089827,661.560097610147,1076.9192280126383,595.1264773906406,415.8543963347048
2023-06-27,6410.264605168024,665.5657712421618,1083.080836194667,593.7972979858989,418.6622050543382
2023-06-28,6495.128771854942,668.5172694411447,1098.2592596966504,602.4367866561847,422.1040575258584
2023-06-30,6548.4092245523525,675.8960471075196,1096.1553697543923,606.7565309913275,426.93093340248384
2023-07-03,6716.468787007257,686.8587638948613,1128.0150345991383,633.0072031231026,429.90113136896804
2023-07-04,6647.268110321327,679.6908213150928,1132.072661114187,629.0197663148977,431.3795383682618
2023-07-05,6636.354878280052,686.437158059484,1161.8284360166751,634.6686393517722,431.5909007703712
2023-07-06,6775.655479798701,697.3998748468257,1182.1164768671972,655.2704384466728,433.7890871340851
2023-07-07,6762.431641869671,689.388656258467,1177.1571963375693,659.2578752548777,430.10693160260087
2023-07-10,7022.929702834017,686.2263229728777,1160.7765369079068,647.2955648302628,430.64311595285324
2023-07-11,7099.063555564092,694.0267708124654,1174.9029695764002,651.9475659893336,432.5008802240251
2023-07-12,7106.895300564588,706.8868747035935,1160.7765369079068,650.6184372876019,431.27498698267897
2023-07-13,7043.343450794721,707.5193799634127,1140.7889862457632,639.320640510843,431.9301930474415
2023-07-14,7037.437889891132,713.6332114479849,1140.7889862457632,641.9789486173163,435.2841806388085
2023-07-17,7181.2320153819655,701.6163192276114,1147.4014214350814,646.9632573033249,438.55360588755536
2023-07-18,7242.215846086107,703.7245414180043,1138.9856782166055,648.6246935319945,439.39462314298805
2023-07-19,7297.165748892892,703.0921004960205,1155.8171646535575,652.9444378671374,441.2612955746106
2023-07-20,7288.328802036467,704.989487599807,1166.0363993506348,656.2673103244764,444.5096019649229
2023-07-21,7062.711245472904,719.1146020105734,1174.1515606560106,660.2547471326815,439.30006627888645
2023-07-24,6919.857119555453,721.01198911436,1170.8453430613515,663.5776195900205,437.6836914287092
2023-07-25,6915.406384581189,729.4448778759314,1161.3776090093857,657.9287465531461,437.8672429884358
2023-07-26,7027.797460740405,729.234042789325,1163.7821725894657,661.9161833613509,440.0409645017411
2023-07-27,6962.421305440113,721.01198911436,1139.8873322311842,655.2704384466728,437.406712820353
2023-07-28,7032.388108945967,724.3851574865556,1122.4546819680318,633.0072031231026,437.0985773776396
2023-07-31,7091.921868053885,746.5214904856807,1134.6274697884564,623.0385857510853,439.4958719910379
2023-08-01,6991.631928021095,745.0457092172715,1134.6274697884564,624.7000219797548,439.0453363444364
2023-08-02,6916.93660064971,741.8833759316822,1109.3801484083067,623.7031501019511,434.4398608458429
2023-08-03,6887.86453291914,725.6501036683584,1106.0739308136476,621.3771495224157,431.2160193059391
2023-08-04,6981.478030895312,730.9206591443406,1083.231081288856,613.4022759060057,434.22736862826173
2023-08-07,7021.260252724642,729.234042789325,1083.982490209246,617.0574051872728,436.01395452471
2023-08-08,6978.973855731248,730.9206591443406,1075.5667469907698,613.7345327299337,435.42545102722494
2023-08-09,7025.015496685073,745.8889852258616,1083.080836194667,624.0354576288889,436.79822027990525
2023-08-10,7056.312592307553,753.2677628922366,1089.9937615723636,623.7031501019511,434.8080503263265
2023-08-11,7086.079471861511,747.1539314076643,1074.6650012514692,621.3771495224157,432.2539286345539
2023-08-14,7169.816861603168,750.52709977986,1071.6593655699103,615.3959689586034,432.392982846468
2023-08-16,7163.974465410794,754.9543792472522,1075.7169920849592,620.048020820684,433.07043758513674
2023-08-17,7060.624772431406,749.4729886846636,1072.8616932223113,613.0699683790679,430.8511323629884
2023-08-18,7112.925832509727,739.1427128193056,1060.688813677165,607.4210953421933,429.6252391216424
2023-08-21,7010.549419435438,742.3050461048949,1058.1340050028957,611.4085321503983,431.48187357734236
2023-08-22,7008.879969326061,742.7266519402723,1042.6549995878122,610.4116602725946,431.54527360708687
2023-08-23,7016.669604519079,739.9859888278958,1036.3431463115942,606.7565309913275,432.6032154331055
2023-08-24,6898.7146002492,729.8665480491441,1055.7295331475373,613.0699683790679,431.32834903650104
2023-08-25,6866.861247653742,736.6128204557001,1052.7238974659786,610.0794034486667,428.63851912478844
2023-08-28,6798.424660216409,738.7210426460929,1067.902320967962,610.7439677995325,429.53402824951496
2023-08-29,6733.326972997828,740.8292648364858,1072.4107744903,610.7439677995325,430.3483210235954
2023-08-30,6726.928319832477,741.0400999230922,1057.8335148145172,603.1013510070504,430.45508858568076
2023-08-31,6696.187481182976,734.2937631787008,1023.5691946649691,592.1358617572295,428.3715350379135
2023-09-01,6711.905306419422,766.3387662078065,1034.5398382824362,591.8036049333015,432.40966935189766
2023-09-04,6706.480612349614,771.3984865971823,1036.0426561232157,598.4493498479796,434.48992036213195
2023-09-05,6742.368356177656,772.0309918570014,1052.5736523717892,607.0887878152555,435.5155755383218
2023-09-06,6756.55596534558,771.8201567703951,1061.4402225975548,607.0887878152555,436.3198737909209
2023-09-07,6765.736582566264,766.3387662078065,1065.7984310257036,609.4147883947909,438.90071996404583
2023-09-08,6810.804264424546,777.7231531683609,1087.8898716301053,624.7000219797548,440.9675870063833
2023-09-11,6884.248522999565,773.2958737009689,1093.2999791670225,632.6748955961647,444.89226177433386
2023-09-12,6784.793308021462,762.7547627490046,1047.1634531101502,608.4179672199971,444.82216976064103
2023-09-13,6818.7331336584175,775.4040958913616,1068.8040667072626,618.7188414159424,446.53088529841745
2023-09-14,6824.992552782914,792.2698734145047,1078.2718007592284,629.0197663148977,447.26730771382597
2023-09-15,6837.650625072762,786.9993179385225,1058.735168829096,611.0762246234605,449.2530018599587
2023-09-18,6778.1161867744,787.4209881117351,1083.080836194667,615.3959689586034,447.9392437384594
2023-09-20,6627.05540273181,793.5348195963074,1059.636822843675,610.4116602725946,442.77976756871203
2023-09-21,6578.788733886075,787.2101530251288,1067.7520758737726,616.392840836407,439.24109860214674
2023-09-22,6551.386116264881,780.4638806185728,1057.8335148145172,613.0699683790679,437.72597260001936
2023-09-25,6511.047637462575,782.1504326357531,1057.683177995606,611.0762246234605,437.7326645839677
2023-09-26,6516.750799614093,791.6374324925209,1056.9317690752164,611.4085321503983,437.5134803824382
2023-09-27,6590.194378998667,789.529210302128,1048.96685286403,600.775350427515,438.6648492570866
2023-09-28,6493.3825732254845,790.3724863107182,1033.7884293620466,596.7879136193101,434.3731148241242
2023-09-29,6523.705709752421,808.9248801888766,1041.753345573233,604.4304797087822,436.9261501548662
2023-10-03,6449.009703190593,778.35565842818,1025.9737582450493,598.1170423210418,434.48879054666014
2023-10-04,6437.881846969266,770.5552105885923,1025.9737582450493,592.1358617572295,432.4274422183579
2023-10-05,6437.743292118855,768.2361533115931,1035.291247202826,595.7910417415064,434.86701800306633
2023-10-06,6448.59268025847,765.0738200260038,1043.5567453271128,596.4556060923722,437.2643126164647
2023-10-09,6393.648890165672,766.1279311212002,1021.9161317300004,581.1703725074083,434.1239036037094
2023-10-10,6421.88555365111,773.7175438741816,1023.1183676576796,587.1515530712207,438.0730432220686
2023-10-11,6523.844943793277,772.6634327789851,1029.580466028087,596.1232985654344,440.77625710167786
2023-10-12,6535.946079919702,777.7231531683609,1048.065198849451,600.1107860766493,440.3902513002927
2023-10-13,6535.668291028434,779.6205402721474,1045.059563167892,603.7659153579164,439.4346881377958
2023-10-16,6521.062979737945,786.5777121031451,1043.706990421302,604.0982228848543,439.0052713496287
2023-10-17,6552.220841319569,785.3127659213424,1066.099012938804,610.4116602725946,440.77960309365204
2023-10-18,6465.28446459046,788.2642641203253,1052.5736523717892,603.1013510070504,437.6558805863264
2023-10-19,6415.626134526615,785.5236010079487,1063.093377257245,602.4367866561847,436.62353342618826
2023-10-20,6396.013831288881,785.101930834736,1041.1521817470327,600.1107860766493,434.79805580484526
2023-10-23,6296.140914188214,779.4097695233764,1030.3318749484765,584.4932449647475,428.9933680918166
2023-10-25,6281.535602897723,777.3015473329835,1021.7658866358113,582.167244385212,425.44248842726756
2023-10-26,6194.042969195636,762.7547627490046,1006.8879533222063,572.8631913640605,419.5488060186139
2023-10-27,6303.3742924082535,778.9880993501638,1006.737708228017,577.5152432261413,423.77605406080124
2023-10-30,6433.291877954147,796.064711959913,1042.6549995878122,586.4869887203549,425.8596510630097
2023-10-31,6364.8552905168135,784.8910957481296,1049.7182617844196,596.1232985654344,424.4957899707802
2023-11-01,6391.283949042464,787.2101530251288,1072.7113564034003,614.3990970807995,422.48341479773643
2023-11-02,6454.712865342111,785.101930834736,1083.6819082961456,631.6780744213709,425.6894400167386
2023-11-03,6453.321883314445,801.1244323492889,1086.5372988835152,637.3269474582455,427.8553397306237
2023-11-06,6507.013925420432,815.0387116734489,1100.8140683709196,657.9287465531461,431.88569569962897
2023-11-07,6464.7282076174815,814.6170415002362,1120.5009453952412,691.4897786534751,431.77332251462593
2023-11-08,6498.389565172727,823.6824355216265,1154.7652655447894,687.5022911422602,432.5920910961524
2023-11-09,6427.867183884339,812.5088193098431,1152.8115289719985,684.1794186849211,431.5197223956477
2023-11-10,6439.968320010765,826.0014284607905,1154.314346812778,651.6153091654056,432.1882689738658
2023-11-13,6439.1342741465205,825.579822625413,1163.4815906763654,657.9287465531461,432.59322091162426
2023-11-15,6555.559062347879,841.1806539667532,1179.8622501060281,675.8722375415733,437.7526536269304
2023-11-16,6567.382409583037,850.8784889101274,1198.1966461084812,691.822035477403,439.7494721100162
2023-11-17,6553.055566374258,827.8988799024123,1172.9493247283312,682.5179824562515,439.00640116510044
2023-11-20,6535.807525069291,834.2235464735909,1178.2091871710595,683.5148543340553,438.16538390966775
2023-11-21,6618.0140195519825,806.1841527386646,1166.1866444448242,671.5525439094404,440.1544240477746
2023-11-22,6643.886421104655,805.3408767300745,1208.566125899748,672.881672611172,440.787381438631
2023-11-23,6664.194894546664,803.8650954616654,1236.217919135256,689.8283424248056,440.56824069154266
2023-11-24,6659.743480381955,796.2755470465194,1234.1140291929978,687.5022911422602,440.4058079902506
2023-11-28,6661.134462409622,817.7793747858253,1275.8923468217213,719.0695794869819,442.5194320113442
2023-11-29,6678.660971796299,809.5573211108602,1288.365716555246,721.3956307695272,447.12269133343534
2023-11-30,6613.98030750984,821.9958191666111,1309.5555031450685,742.6619942152936,447.93589774648524
2023-12-01,6660.856673518354,820.3092671494309,1316.4684285227652,739.3391217579544,450.93390655535234
2023-12-04,6732.909270875262,851.9326000053238,1387.1008670393976,770.2418457518103,460.25388474556826
2023-12-05,6781.73287588442,851.9326000053238,1419.2612055219658,782.2041561764252,463.99831049132524
2023-12-06,6846.6920082525885,851.5109298321113,1421.2148503700348,792.8373886023184,465.8360422650932
2023-12-07,6835.424917990407,838.6507616031477,1426.7752947258628,806.4611352556028,465.0228793064845
2023-12-08,6831.808228880388,826.2122635473968,1414.0013430792378,789.5145161449792,466.54135130058603
2023-12-11,6841.823571155758,834.0127113869846,1399.123409765633,780.8750274746935,467.1576221860126
2023-12-12,6743.620104164466,823.8932062703975,1345.1722125917634,781.2073350016313,465.1396848444923
2023-12-13,6771.161276636071,814.4062064136298,1345.0219674975742,795.1633891818536,465.5835285071455
2023-12-14,6855.176455268995,826.2122635473968,1339.611859960657,798.153954112255,471.2869673721242
2023-12-15,6942.669768161525,847.7161556245383,1349.5304210199124,822.7432407183704,477.3820176614058
2023-12-18,7013.331383490769,839.0724317763604,1344.2705585771846,826.3983699996376,476.53656805296833
2023-12-19,7116.542521619746,844.5538223389489,1351.7846477810815,828.724370579173,477.30301748726214
2023-12-20,7030.440190754881,856.7814853080935,1320.8266369509142,797.821697288327,470.56279910914054
2023-12-21,7128.922125827883,854.4624280310941,1351.183483954881,825.0692412979058,472.8966936927943
2023-12-22,7135.877035966212,859.9438185936826,1342.4671588233048,822.0786256644946,474.9958473849606
2023-12-26,7172.042568685521,874.2797680910554,1357.3450921369097,850.987656605753,477.0415955688637
2023-12-27,7196.523988210528,866.690155338074,1366.6625810946864,841.3512960576636,481.7894712713455
2023-12-28,7248.5465802071385,878.2853773852347,1400.025063780212,885.5455098808758,484.54717702024857
2023-12-29,7191.237848991132,864.5819331476812,1354.48970154954,862.9500177333776,483.49484081714775
2024-01-01,7205.982394322477,865.8468793294838,1358.6975731587781,865.9405826637789,483.7284518931633
2024-01-02,7265.65538747125,873.0148219092525,1371.321279711214,867.6020188924484,482.035336499786
2024-01-03,7186.647879976012,878.0745422986283,1385.7482942928077,881.8903298965988,478.73249478573865
2024-01-04,7223.786692600422,905.059760600523,1360.5009729126577,871.9217125245814,481.8751199749963
2024-01-05,7254.527531249924,912.6493733535042,1361.8535456592479,881.8903298965988,483.03652682556725
2024-01-08,7197.914970238193,918.974039924683,1367.5642351092654,881.5580223696609,478.63572174513473
2024-01-09,7178.858244782995,913.4926493620943,1382.4421684228703,876.5737136836523,479.34433331816047
2024-01-10,7372.483214710246,894.3078788997876,1356.29310130342,867.6020188924484,480.98738919524874
2024-01-11,7566.385973528764,893.2537678045912,1378.6851238209217,885.5455098808758,481.62147640157684
2024-01-12,7626.615223650515,941.9536489323981,1377.3325510743316,899.1693072371701,487.1247206558405
2024-01-15,7756.811277278119,984.539762913468,1382.4421684228703,914.7867469430521,491.6389418278654
2024-01-16,7648.314679120189,991.2860996578594,1421.2148503700348,954.3290103102036,490.1894754864263
2024-01-17,7575.705145599859,978.4259314288958,1417.6080508622756,957.6518827675427,479.94726369013165
2024-01-18,7611.175187305336,984.7505980000745,1422.2668412035248,960.310140171006,477.5066015443926
2024-01-19,7608.393223250005,1020.5903752367531,1445.5605177356056,987.8899410045129,481.06973536136655
2024-01-23,7392.095517947979,969.3605374075054,1391.7595656559251,923.4262356133378,472.53515274181774
2024-01-24,7477.223889717301,988.1237663722702,1434.1390471108489,953.33208772939,477.32192016919424
2024-01-25,7528.411756659223,986.8588201904673,1425.8735489865621,954.9935239580595,475.0670257596841
2024-01-29,8056.8463723218,1064.652206148397,1480.7264001750107,974.9307587020942,483.63276521359
2024-01-30,7831.924306772071,1050.737926824237,1515.4415473318481,981.5765036167724,478.8381759867933
2024-01-31,7937.638940874667,1063.5980950532005,1509.8811029760202,976.5921949307638,483.3679973032174
2024-02-01,7937.778174915523,1044.202425166452,1528.2154989784733,995.2003009730668,482.73947226536586
2024-02-02,8110.537735237345,1084.6803169571292,1678.1966094185925,1082.5918060386778,486.21808719416083
2024-02-05,8006.631785284978,1108.7141013978762,1727.4891079759345,1156.0273076270762,484.3914363029048
2024-02-06,7944.176828080875,1148.137753417686,1831.3337840839033,1226.1399367581357,487.900078250585
2024-02-07,8024.019060630801,1146.4512014005059,1809.5429253926018,1239.0991190605544,487.9245431009936
2024-02-08,8068.391251475249,1151.7217568764881,1864.9969404072508,1278.641281021686,483.19557008044393
2024-02-09,8127.5079876510445,1128.109642608954,1846.3619624916976,1212.8484469287794,484.63173936286876
2024-02-12,8080.770855683386,1087.4209800695057,1774.6776248662968,1165.663617472156,480.9284649729501
2024-02-13,8151.710939094341,1094.167316813897,1756.1928920449325,1159.3501800844156,483.75847891204853
2024-02-14,8242.26400493347,1133.5910975093777,1874.4647661839388,1219.8264993703954,485.91216792794995
2024-02-15,8182.312543702988,1169.2199753216148,1961.928691137523,1261.6947126140722,487.4851317913452
2024-02-16,8126.534028555501,1158.2573228721085,1967.4890437686295,1242.7542990448314,490.3763295836858
2024-02-19,8201.230035117329,1158.046423447667,1961.3275273113225,1252.7229164168486,492.19072632251687
2024-02-20,8184.677484826196,1166.2685414604673,1976.505950813306,1254.3843526455182,493.85268488153724
2024-02-21,8166.177016343975,1150.8785452057334,1903.1685502529367,1211.5193182270475,490.69563281779347
2024-02-22,8244.35047797497,1158.2573228721085,1881.227446467446,1194.2403408864761,494.30878269661537
2024-02-23,8310.42212428909,1147.7162119201441,1857.3326061091645,1168.6542838085768,494.20310149556065
2024-02-26,8275.369105515738,1137.8075418901635,1884.9844910693946,1179.6197223553881,492.1862939695122
2024-02-27,8266.049933444643,1135.6993196997705,1878.6725460684547,1151.3753064680054,493.88384171589416
2024-02-28,8098.992856083896,1120.5200941938078,1831.3337840839033,1112.4976581547298,488.3839869080459
2024-02-29,8127.786455732755,1115.6712088910385,1814.9530329295192,1100.203090906187,489.088166128067
2024-03-01,8302.076232123098,1140.7589757513113,1873.4126836257267,1125.7891479840862,497.00756422321984
2024-03-04,8387.065369851563,1177.2313225856444,1924.9594089442382,1164.666796297362,498.4948793829643
2024-03-05,8347.004679940525,1196.416093047951,1938.9355047938207,1168.6542838085768,497.39804583205097
2024-03-06,8362.583950326558,1181.6585377152012,1918.6474639432986,1178.6229011805942,500.0178271845118
2024-03-07,8228.632652738523,1172.5932080316459,1877.6206469596864,1160.347102665229,500.4516763256836
2024-03-11,8160.056831260335,1155.3057603352902,1882.7302643082253,1158.0210513826837,496.87185600327996
2024-03-12,8209.158904351201,1140.1265348293273,1879.874873720856,1149.0492551854602,496.93968838602933
2024-03-13,7968.519013565025,1076.6690983687704,1796.6187286517875,1085.5824723750989,489.41963660571713
2024-03-14,7964.623856373295,1109.9789832418435,1829.6807211489347,1132.1026867778467,492.73360265671766
2024-03-15,7890.9018089070105,1091.0049835283078,1762.6550821400617,1069.964931263197,489.99032378230066
2024-03-18,8009.135281258599,1103.0218757486812,1750.1816206818153,1068.6358025614654,490.7100596922795
2024-03-19,7929.988539722505,1093.1132057187008,1676.2430562952452,1031.7518980037971,485.40931313411573
2024-03-20,8032.921209769772,1112.5088756054492,1703.1435323350856,1051.689132747832,485.8910056150743
2024-03-21,8073.120454531224,1108.7141013978762,1766.7126169303888,1093.2250384645708,489.7366802088811
2024-03-22,8095.654635055587,1109.9789832418435,1781.7407953381828,1097.544732096704,491.6233851379076
2024-03-26,8020.819394452903,1119.4659830986116,1802.9304902032839,1112.8299656816678,489.5753773230608
2024-03-27,8306.109944165239,1103.6543166706651,1788.9543943537014,1104.52278453832,492.2218831568739
2024-03-28,8267.162447390598,1130.217864799347,1810.5950079508136,1114.823709437275,496.74392612831906
2024-04-01,8261.181496347812,1138.0183126389345,1805.485390602275,1124.7923268092925,499.749713282165
2024-04-02,8273.282632474238,1148.9810937641116,1850.8704160140358,1157.6887438557458,499.5561672009571
2024-04-03,8187.87647181365,1160.997985984485,1836.2931563382529,1154.3658713984066,499.14122074171735
2024-04-04,8139.609802967914,1134.2235384313617,1798.8729554129566,1127.4505842127558,500.92111465421726
2024-04-05,8123.891298541025,1129.796323301805,1774.6776248662968,1116.4851456659446,500.8999523413416
2024-04-08,8267.857938404431,1140.1265348293273,1779.1860783886352,1131.7703792509085,504.2951347429882
2024-04-09,8143.643515010056,1134.0127676825907,1760.5511004730818,1122.4662755267473,503.7711610907195
2024-04-10,8232.248662658098,1146.8728715737188,1817.6581784226994,1150.046177766274,506.2418937097849
2024-04-12,8163.1172633973765,1120.3093234450369,1806.9882084430542,1130.7734566700951,501.026795855272
2024-04-15,8150.180723025819,1179.971985698021,1771.9724793731168,1105.8519132400515,495.5335895769308
2024-04-16,8155.32762820436,1193.8862006843453,1780.237977497403,1123.1308905806231,492.76141349910046
2024-04-18,8147.3987589704875,1155.938201257274,1772.122724467306,1123.1308905806231,489.3784852498788
2024-04-19,8179.66981368851,1160.5763158112725,1760.7013455672711,1107.5133494687211,492.7413810016966
2024-04-22,8233.77887872662,1167.111753131222,1813.7508887265617,1135.7577653561038,496.95528853042833
2024-04-23,8119.579118417172,1167.111753131222,1782.341959164383,1117.1497607198205,497.6583379349776
2024-04-24,8068.6697195569595,1177.863763507628,1783.3938582731512,1121.4694543519536,498.4237010082408
2024-04-25,8123.195807527192,1188.826544632805,1813.600643632372,1131.1057641970328,502.1603484090188
2024-04-26,8081.884048819785,1192.832089589149,1831.7847028159147,1140.0775603942566,498.8141391626307
2024-04-29,8151.293916162217,1194.0971001087871,1859.8873230587121,1174.6354136693794,503.78563141964685
2024-04-30,8162.282538342689,1192.621318840378,1825.472757814975,1122.1340694058292,502.9279276587844
2024-05-02,8159.779042369067,1192.4104194159363,1907.5267586810855,1152.3721276427993,503.89239898173213
2024-05-03,7978.672910690809,1206.3247630779317,1893.0995606500485,1134.76094418131,500.05784872487834
2024-05-06,7898.135187127049,1189.6697563035598,1834.189174671273,1104.8550920652578,499.3202964939979
2024-05-07,7797.706013053405,1153.6192083181102,1816.3056056761093,1063.3191863485188,496.20104979411826
2024-05-08,7892.710493057241,1167.3226525556636,1864.3957765810505,1084.2532422673473,496.20104979411826
2024-05-09,7756.811277278119,1118.411872003415,1779.7872422148355,1040.7236942010209,488.52525729646237
2024-05-10,7830.8117928261145,1139.4940939073438,1859.4365877761443,1056.3411339069028,490.6989353553264
2024-05-13,7804.521689150877,1125.3689794965774,1824.1203685178282,1051.3568252208938,491.7858178391997
2024-05-14,7901.194940073647,1150.6676457812916,1821.2649779304588,1058.999492716386,494.31769085706605
2024-05-15,7880.052420767394,1152.9867673961262,1878.6725460684547,1075.2815474761435,493.93281487115274
2024-05-16,7930.544796695484,1170.6957565900238,1859.7370779645228,1082.2595999177597,498.4559442036284
2024-05-17,7988.131316802757,1169.8525449192691,1888.4408620335212,1090.2344735341696,499.8409241542924
2024-05-21,7990.496257925967,1181.0260967932172,1935.6293789238835,1109.1747856973907,501.2415042493555
2024-05-22,8126.951730678067,1172.171537858433,1925.1096540384274,1109.5070932243286,502.7711005804101
2024-05-23,8268.275640526997,1195.1512112039836,1945.99885871515,1116.152838139007,510.99976393374806
2024-05-24,8236.004585808972,1194.307870857558,1965.9862259278502,1121.8017618788913,510.7650230422607
2024-05-27,8158.109592259691,1170.6957565900238,1971.8472521967783,1122.4662755267473,510.2165845395834
2024-05-28,8102.1918430713495,1156.5706421792577,1943.1434681277804,1110.1717082782043,509.23099435820126
2024-05-29,8016.368659478639,1146.2404306517349,1904.220449361705,1096.880218448848,505.14944905743516
2024-05-30,7927.762832640153,1124.5257678258226,1880.7765277354345,1076.2783686509374,500.34264913265474
2024-05-31,7958.642905330509,1114.617097795842,1886.9380441927415,1079.2689335813386,501.27817979774784
2024-06-03,8403.339452060987,1197.8918743163601,2002.2042826501884,1164.9991038242997,517.5909335784743
2024-06-04,7774.337786664796,996.3458200472353,1743.869859130319,1026.7675893177884,486.9011041013062
2024-06-05,7904.950863224522,1043.5699842444683,1746.5748211740556,1058.33487766251,503.27278210433127
2024-06-06,7965.319347387129,1063.808930139807,1755.7421567623649,1087.2439086037684,507.7458953749591
2024-06-07,8178.6958545929665,1097.96209102147,1802.7802451090945,1091.2312947089636,518.1749612685134
2024-06-10,8186.763957867694,1092.6915355454878,1811.1959883275706,1097.9435619726412,517.4863387384503
2024-06-11,8104.83525227627,1153.4083088936682,1825.0220225324072,1114.3584586183583,517.6120524369088
2024-06-12,8141.834830859824,1161.6304269064688,1843.506571904328,1122.0675470568297,518.9046916999736
2024-06-13,8152.545664149028,1166.0576420360255,1861.540385993681,1122.798583053685,520.5945045558179
2024-06-14,8220.98225158636,1161.208756733256,1883.481673228615,1132.1691077208263,522.0784737235882
2024-06-18,8240.316765932826,1162.8953087504362,1896.2556248752398,1127.0518557428384,524.1320437069115
2024-06-19,8115.82387445674,1144.9754201320968,1850.8704160140358,1108.177964522597,523.1998155793515
2024-06-20,8199.560585007952,1146.2404306517349,1882.2793455762142,1122.9315263456642,524.3344979485702
2024-06-21,8091.063986850024,1136.9642015437382,1849.0671079848778,1107.3139852337624,522.8683016472601
2024-06-24,8020.263137479926,1138.0183126389345,1834.9405835916627,1105.1873995921958,523.6859404133147
2024-06-25,8090.786197958757,1125.7906496697901,1781.1396315119823,1092.3610591757363,527.7674857140809
2024-06-26,8423.926393584707,1128.9529829553794,1793.763338064418,1091.6965455278805,531.0491651152525
2024-06-27,8515.870441451501,1127.898871860183,1832.536111736304,1087.1109653117892,534.9582397388041
2024-06-28,8709.773200270021,1156.1491006817157,1827.126004199387,1100.7347626680837,534.204001002494
2024-07-01,8680.56257768904,1150.8785452057334,1830.732620257703,1114.225616732399,537.1263556291916
2024-07-02,8708.52145228321,1158.8897637940922,1829.830966243124,1118.4788894215521,536.7236633223766
2024-07-03,8637.581368872256,1158.2573228721085,1843.05583662176,1125.19105527921,540.3424188241163
2024-07-04,8646.48351801123,1168.1658642264183,1821.415223024648,1130.9063999620741,540.6906192616374
2024-07-05,8838.99529480208,1215.1793220127158,1843.3563268101389,1138.2831808736078,541.1733981036265
2024-07-08,8907.29264819856,1261.349310776917,1800.3757732537363,1130.2418863142184,541.1000035524006
2024-07-09,8848.175912022763,1254.1814325349837,1804.583736587696,1140.8750173340914,543.6062819043865
2024-07-10,8814.513875277074,1257.1328663961315,1805.485390602275,1142.403510270782,541.186738617082
2024-07-11,8794.623103957632,1284.9614250444513,1843.05583662176,1159.283759141436,540.9976248888788
2024-07-12,8884.062976660363,1294.8700950744321,1830.732620257703,1110.105185929205,545.1403540428871
2024-07-15,8886.844940715695,1359.803312803398,1849.9687619994568,1127.782891739694,547.0214533489957
2024-07-16,8770.141684432627,1360.4357537253818,1899.2612605567988,1134.6945232383302,547.6066108545066
2024-07-18,8828.145906662465,1398.5946525768952,1912.4859474859918,1127.1847990348174,551.7860155569072
2024-07-19,8652.742937135725,1347.7864205830247,1826.2241667353646,1099.8043624362695,545.7800034176918
2024-07-22,8349.648089145445,1352.6353058857942,1852.9743976810157,1117.7478534246968,545.2983109367333
2024-07-23,8278.568771693635,1324.5959764887032,1839.449037114001,1101.9974704268357,544.626418366541
2024-07-24,8321.96700344254,1347.364750409812,1893.2499891936811,1121.735239529892,543.16800041021
2024-07-25,8303.606448191618,1415.88197159758,1960.576118390933,1175.300028723255,543.0033515324155
2024-07-26,8396.10675303139,1398.1729824036825,1976.505950813306,1173.3062849676478,552.5424704697197
2024-07-29,8457.726985180807,1403.6543086284355,2031.2085569075653,1198.8259211025675,552.5702813121026
2024-07-30,8419.057956487875,1399.4378642476497,2093.124762017343,1215.8390118591806,553.0419792715797
2024-07-31,8376.076747671092,1409.1357635288596,2104.245467279556,1207.332466480874,555.1300086267929
2024-08-01,8431.02053776389,1440.9698671335236,2098.5348695542602,1194.439705121435,556.4593668926914
2024-08-02,8342.136242843693,1391.8483158325039,2086.512326828025,1178.224071304657,549.9360296307143
2024-08-05,8052.811981089215,1308.151869138773,2054.051498157078,1133.6976006575167,535.2051913282752
2024-08-06,8101.357797207104,1290.6536506936463,2011.9725986152548,1109.9058216942462,533.8024385111509
2024-08-07,8150.180723025819,1387.631871451718,2065.7733672454915,1144.5301973183684,540.5871542370851
2024-08-08,8062.827323364586,1360.6466531498236,2033.6130287629235,1131.3051284319918,536.5712685970071
2024-08-09,8202.899485226706,1402.1785273600265,2004.1578357735357,1123.7289832854992,542.1445614105224
2024-08-12,8126.812496637212,1439.0724156919016,2004.1578357735357,1124.1942341044164,541.6884635954443
2024-08-13,8143.5042809692,1416.3036417707926,1933.8260708947253,1090.6996229470667,537.0607394229446
2024-08-14,8133.628172734684,1383.6261978197033,1953.9636832016147,1088.1743088355827,537.1664206239992
2024-08-16,8224.598261505938,1389.740093642111,1998.7477282366185,1110.9691652180395,546.0080523252309
2024-08-19,8281.350735748965,1413.773749407187,2066.675021260071,1130.3083072571978,546.7088855532777
2024-08-20,8323.357985470206,1391.8483158325039,2100.338177583418,1144.596618261348,549.5166508184698
2024-08-21,8338.520232924118,1381.7288750537523,2111.158576106696,1155.6285791571588,551.1040850107925
2024-08-22,8335.459800787075,1367.603760642986,2104.5461409173777,1154.9639641032832,552.022972624897
2024-08-23,8345.752931953713,1344.6240872974354,2117.1698474698137,1150.5778495281704,552.2821783667931
2024-08-26,8415.997524350834,1382.361315975736,2110.8579024688743,1152.7709575187366,556.4526749087429
2024-08-27,8348.39566196819,1386.5777603565216,2098.2341959164382,1151.3753064680054,556.6117616180609
2024-08-28,8336.433759882619,1382.150416551294,2092.824088379521,1154.6981789253448,557.3815570443289
2024-08-29,8462.31763338637,1389.740093642111,2142.717750763064,1175.2335063742557,559.597516274503
2024-08-30,8399.444974059701,1394.5889789448804,2149.9311663291387,1176.0974856630903,561.4653185215974
2024-09-02,8436.305997792842,1375.4042084825735,2154.740293489299,1187.7939602067568,562.41753569212
2024-09-03,8396.66301000437,1358.5384309594308,2136.405805762124,1170.5150842722053,562.4431303580005
2024-09-04,8426.847591680893,1325.6500875838994,2147.5266944737805,1176.4962141330077,560.6376417796201
2024-09-05,8306.805435179072,1313.0007544415423,2168.265654056314,1205.1393584903078,559.4451215491334
2024-09-06,8150.180723025819,1302.0379733163652,2116.8691738319917,1173.9043776725239,552.9273899100743
2024-09-09,8136.966393762994,1260.2951996817208,2090.7201067125416,1165.2648890022383,554.8018406866757
2024-09-10,8131.8201677748975,1246.3809846953961,2079.599401450328,1166.6605400529693,557.1312594628836
2024-09-11,8076.041652627411,1202.9515303679004,2045.3350813007805,1128.048778323652,554.4024509173939
2024-09-12,8233.501089835354,1239.8454186997758,2069.6806569416294,1151.441727410985,564.8693656292535
2024-09-13,8193.579633965168,1228.8827662502695,2057.658114215394,1150.976577998088,564.1484999038028
2024-09-16,8186.485489785984,1233.3099813798262,2047.7395531561388,1141.8719399149052,564.7547762677481
2024-09-17,8191.77162900538,1242.3753110633816,2034.2141925891242,1133.16592889562,565.529047501462
2024-09-18,8142.530321873657,1224.455422445042,2020.388341833731,1119.4757105963458,564.6168518713058
2024-09-19,8177.166317714889,1202.7407596191297,1950.357067143299,1096.8136960998484,565.4678636482198
2024-09-20,8267.580149513164,1206.9572039999152,1990.9331488443431,1110.1717082782043,573.8144189005961
2024-09-23,8309.031142261427,1245.7485437734124,2032.410884559966,1127.9822559746526,577.1094822696646
2024-09-24,8286.775429818774,1262.6143212965553,2038.7226461114622,1129.0455994984459,577.1395092885498
2024-09-25,8312.23012924888,1259.451988010966,2042.6299358076,1128.5804500855486,578.5578622500731
2024-09-26,8334.485841691532,1244.6944326782161,2074.4897841017896,1138.8148526355044,583.2723649416955
2024-09-27,8491.52825596735,1253.1273214397875,2207.9398982933353,1196.3005055850633,582.4469043762207
2024-09-30,8215.55687832611,1254.8138734569675,2223.869914165152,1197.2309058168773,574.2571762022187
2024-10-01,8150.180723025819,1230.9909884406625,2213.6506794680745,1189.987068197323,573.946824583003
2024-10-03,7828.30761766205,1231.4125299382044,2097.032051713481,1138.6154884005457,561.7812323092896
2024-10-04,7714.525559475169,1244.905203426987,2045.3350813007805,1120.8048392980777,556.5416696043679
2024-10-07,7626.615223650515,1220.4498774886981,2013.7759066444125,1081.5285639209042,551.6725560108737
2024-10-08,7774.754809596918,1237.315655011841,2031.8097207337657,1091.4971812929216,556.5094264089804
2024-10-09,7648.175445079334,1216.4442038566833,2036.9193380823044,1094.8200537502607,555.8152417104407
2024-10-10,7628.423907800746,1217.4983149518796,2016.481052137593,1092.4940024677155,556.1823448298937
2024-10-11,7634.265624802677,1233.5207521285972,2029.705739066786,1084.2532422673473,555.4214575640765
2024-10-14,7636.630565925886,1208.011315095112,2048.340716982339,1099.6714191442902,559.063548100753
2024-10-15,7478.058614771989,1196.2053222991801,2096.4308878872803,1116.0198948470277,557.4928004138601
2024-10-16,7533.975684769886,1203.3732005411134,2108.4534306135156,1119.0769821264284,555.578328096892
2024-10-17,7547.051459182299,1187.3507633643958,2060.062769520196,1091.7629664708602,550.6513331876885
2024-10-18,7563.047752500455,1194.518641606329,2058.860441867795,1098.8739622044554,552.9696710813844
2024-10-21,7618.130097443665,1166.2685414604673,1993.6381108880798,1064.116643288354,551.3466042472588
2024-10-22,7474.302691621114,1141.8130868465075,1941.0394864608004,1032.1506264737147,544.4717640102278
2024-10-23,7447.457010163342,1142.0239862709493,1941.9411404753796,1016.4002434758535,543.6574712361474
2024-10-24,7454.551154342526,1134.6452086045742,1932.323253053946,1018.5933514664198,542.85430279902
2024-10-25,7388.061805905836,1113.352087276204,1841.252345143159,972.3389222416105,537.9907513740022
2024-10-28,7424.227338625147,1110.4006534150565,1865.8985944218298,977.0574457496808,541.5138201961686
2024-10-29,7455.663668288482,1117.3577609082186,1872.2105394227692,957.784724653502,544.35495847222
2024-10-30,7477.363123758156,1103.2326464974522,1871.308701958747,952.9997802024521,541.5516255600327
2024-10-31,7411.430711484887,1122.206646210988,1868.0025760888095,947.8161072814846,538.5369302457359
2024-11-01,7448.1525011771755,1145.8187604785223,1881.5279366558243,963.5665916853656,540.7395489624546
2024-11-04,7245.069125137974,1118.622642752186,1824.1203685178282,923.2932923213588,533.8647087254236
2024-11-05,7262.59563452465,1127.4772016869701,1851.1710896518575,935.7209042679004,538.7138332759554
2024-11-06,7374.151985629179,1134.4343091801327,1905.573022108295,961.0411761678614,544.7376617360723
2024-11-07,7264.542873525295,1118.201101254644,1893.5504793820598,957.9840888884607,538.4034382022985
2024-11-08,7142.692712063685,1107.0274207050252,1866.199268059652,932.6638169884998,537.2654098411056
2024-11-11,7081.211034764681,1083.20453568872,1878.8227911626439,926.6161647786978,537.1119287547054
2024-11-12,7089.8353950123865,1080.042202403131,1862.2917949140706,922.3628920895445,531.3750734244262
2024-11-13,6966.316462631843,1064.8630412350035,1838.547383099422,903.7548874532613,524.157638372792
2024-11-14,7052.835137238388,1057.4842635686282,1792.5611938614604,895.5805481958729,523.5713510518093
2024-11-18,7014.722365518435,1056.8517583088092,1738.459751593402,891.4602187986986,521.8159654441592
2024-11-19,6908.451474442859,1045.6782064348613,1728.2405168963244,884.6815305920413,523.2554372641171
2024-11-21,6804.684079340905,1021.0119810721305,1697.5829962545358,868.6653624162418,519.5043195344117
2024-11-22,7040.5947670711075,1035.5587656561097,1718.3219558370688,881.2922371917225,531.9046092451714
2024-11-25,7160.77547842334,1087.4209800695057,1782.6424493527618,906.4795657997043,538.9051631806608
2024-11-26,7209.181381309931,1072.030983814772,1766.41212674201,910.2012681329809,538.2955408247414
2024-11-27,7195.271561033273,1072.2418189013783,1764.0076548866518,923.7585431402756,540.0843428976921
2024-11-28,7070.640114706776,1063.3872599665942,1748.9794764788578,915.451361996928,532.0581337860127
2024-11-29,7189.707632922611,1082.3613240179654,1755.8924018565542,921.2996499717711,536.8849662081969
2024-12-02,7284.016621912615,1085.9451988010965,1768.215434771168,914.7867469430521,540.1099375635724
2024-12-03,7362.746340516585,1106.1842090342707,1768.8165985973687,927.1478365405945,544.1391637171059
2024-12-04,7282.903428776217,1099.2271015411084,1765.209799089609,929.4738878231398,544.3682989856756
2024-12-05,7355.791430378256,1101.7568652290431,1785.3475948459418,926.6826871276972,549.7291430360509
2024-12-06,7297.370185216295,1096.4863097530608,1805.485390602275,943.4299927063721,549.048342305408
2024-12-09,7206.121628363333,1091.6374244502915,1824.1203685178282,945.8888858748767,547.7401028979441
2024-12-10,7148.812897147326,1083.20453568872,1824.420858706207,953.9301804342662,547.5409946482596
2024-12-11,7111.812639373327,1081.9396538447527,1848.1654539702986,951.6042305577407,548.2473900447831
2024-12-12,7026.684946794449,1071.187707806182,1816.3056056761093,940.2399621349922,546.1760037405583
2024-12-13,7082.04575981937,1072.030983814772,1813.600643632372,958.5822829993567,551.0618472939235
2024-12-16,7056.730294430119,1061.700707949414,1791.0583760206812,951.404866322782,548.8358500878269
2024-12-17,6928.759947884868,1043.1483140712555,1761.3025093934714,932.5309751025404,541.4437281824756
2024-12-18,6972.992904688462,1029.444869833702,1733.049460607041,908.5398319043113,538.3923138653454
2024-12-19,6846.135072089167,1019.7470992281632,1770.6199066265262,927.8788725374499,532.8935454185277
2024-12-20,6706.202823458347,999.718988419431,1737.5579141293795,910.9987250728159,524.7905957636482
2024-12-23,6800.789601339618,1015.5306548473775,1737.8585877672012,915.6507262318867,528.4827458166138
2024-12-24,6803.29309731324,1007.5193719211832,1755.291238030354,918.9071777462461,527.9087561024973
2024-12-26,6768.797014703306,1013.0007624837718,1776.931851627466,916.1159770508037,528.4104376264185
2024-12-27,6793.834691201289,998.8756480730053,1764.6086352634086,905.4827446249104,529.8165798899581
2024-12-30,6736.247491903572,980.9557594546661,1763.1058174226293,894.583727021079,526.0676783367552
2024-12-31,6762.676150429222,1008.784318102986,1757.996383523534,906.5460881487038,526.0654621602529
2025-01-01,6794.947205147246,999.0864831596118,1775.1283601488649,910.7328384888577,528.2480483795676
2025-01-02,6909.286199497548,1037.5404996621057,1784.7464310197417,916.8470130476591,538.1653947732781
2025-01-03,6961.308791494159,1091.5953475059398,1781.7407953381828,918.0431984574117,534.0738549510306
2025-01-06,6776.864438787589,1072.4947952701718,1712.3106844739514,883.0866167123712,525.4258127854482
2025-01-07,6904.000060278152,1110.9908887170175,1699.987468109894,892.7229265574507,527.4693447928489
2025-01-08,7041.151024044085,1144.047797221297,1724.0325535623647,894.5173060780993,527.0477063496608
2025-01-09,6981.3387968544575,1109.6838012530275,1683.155981672942,878.5674574392598,523.433426655367
2025-01-10,6909.842456470526,1109.0091547110214,1669.0294572797268,865.8076393717998,521.3198026342734
2025-01-13,6898.436132167488,1078.2713034837411,1594.7902192553352,810.714407944756,513.6317559841925
2025-01-14,6892.315947083848,1097.8356028370733,1624.2455956941665,841.5506602926223,515.6363962666986
2025-01-15,6967.150508496088,1088.601579349099,1605.0094539524125,843.677296637199,516.4628997387628
2025-01-16,7046.436484073037,1109.6838012530275,1604.4082901262123,844.6741685150026,518.6566537494718
2025-01-17,7246.1816390839285,1123.9776094682131,1644.6838816388777,851.1205998977321,516.2404129997003
2025-01-20,7263.429680388896,1135.7413966441225,1666.9254756127468,867.2697113655106,519.3897301729063
2025-01-21,7086.7749628753445,1120.7308649425788,1684.3583093253428,871.1242555847465,512.2679383464042
2025-01-22,7105.692454289687,1113.352087276204,1668.7289670913483,867.4026546574897,515.1758226441746
2025-01-23,7030.857892877447,1109.1356428954182,1630.5573572456626,862.8170744413985,516.2882563394869
2025-01-24,6934.323875995531,1081.5601892915624,1585.7733122106586,852.3832062504642,513.7708101961066
2025-01-27,6840.014887005526,1057.3999166664187,1570.7451338028645,825.2021338868749,507.9183225977325
2025-01-28,6868.112995640553,1048.5453577316346,1551.208501872732,814.6354238099814,510.76836903423487
2025-01-29,6874.233180724193,1060.0140915943985,1544.8967403212362,821.679897194577,515.348249866948
2025-01-30,6971.880390742507,1082.4456065823397,1545.798394335815,844.8071118069818,517.2705439833361
2025-01-31,7038.9253169617305,1107.2803970738187,1569.542989599907,853.9118005931746,523.0307343485522
2025-02-01,7036.143352906399,1085.9451988010965,1536.7814872911385,833.5093150302228,522.4467066585132
2025-02-03,6932.098168913177,1049.894650815647,1500.1127870109538,803.869298795119,519.7524009393546
2025-02-04,7150.760136147968,1071.3985428927883,1538.5848870450181,827.1294059964928,528.1668320289216
2025-02-05,7111.812639373327,1103.2326464974522,1570.444643614486,840.2215315908907,527.2112688664247
2025-02-06,7130.452341896404,1080.042202403131,1578.2592230067617,837.4967518384277,525.1432285541741
2025-02-07,7047.8274661007035,1049.472980642434,1588.7789478922175,831.4491503316358,524.1776274157546
2025-02-10,6975.218611770816,1022.2769272539333,1562.3293905843886,818.6228606181863,520.2095851154634
2025-02-11,6870.616491614173,1007.5193719211832,1533.7758516095796,800.6128979837694,513.3169720119722
2025-02-12,6768.797014703306,1000.9838702633983,1536.48099710276,800.2805904568315,512.7262523379846
2025-02-13,6766.292839539241,990.6535943980404,1537.3826511173388,798.0210615232858,512.4181168952714
2025-02-14,6772.691492704593,971.8904297711109,1508.8291121425302,779.213591246024,510.1454061648599
2025-02-17,6815.255678589253,985.1722038354518,1516.6437832595275,787.1884648624339,510.8184285505239
2025-02-18,6818.037642644585,997.610766229038,1519.348837027986,790.8436448467108,510.5025147628316
2025-02-19,6829.443287757178,1004.7787088088066,1536.48099710276,796.6254611755644,510.22662251550594
2025-02-20,6860.323360447535,1019.957869976934,1554.514811192113,816.0310241577026,509.7872112058575
2025-02-21,6833.338444948909,1011.5249812153627,1510.6325118964098,806.3282426666335,507.1785541903498
2025-02-24,6757.66915848198,988.1237663722702,1508.8291121425302,798.9514617550999,501.78212095261256
2025-02-25,6698.969445238307,982.4315407230753,1493.5003518216356,788.5176442671755,501.6531047166211
2025-02-27,6716.217486543274,973.9986519615037,1471.2586661230448,773.6976107981186,501.5974830318554
2025-02-28,6677.2699897686325,949.7540967719859,1426.4747128127628,754.225576169991,492.2452181918107
2025-03-03,6516.750799614093,949.2481440343988,1457.1923131472827,761.3365212005763,492.1251101162699
2025-03-04,6464.7282076174815,956.1209046253515,1502.3369280633965,784.4637358129809,491.3096875267177
2025-03-05,6540.953751057388,965.3127868311389,1537.9236435260862,812.4423158194152,496.97532102783225
2025-03-06,6730.1273068199325,980.7449887058951,1593.227413446546,836.3005157256654,501.5896612324353
2025-03-07,6953.7976243828525,981.9677292676754,1570.504815031939,829.654770810987,501.7632182706805
2025-03-10,6890.368708083204,941.0682316416209,1544.4759072979514,808.0560998382828,499.71190791830094
2025-03-11,6939.887804106194,955.9522751587676,1590.4620965359127,829.5218782220179,500.54844936628757
2025-03-12,6994.136103185158,946.1700933131838,1600.9218334533589,832.6453864443982,499.93882701036813
2025-03-13,6943.226025134504,950.5130258783662,1589.4402831358711,835.1707512588923,498.30798183126353
2025-03-17,6892.872204056826,968.6859552033345,1571.466640463971,824.8034054169574,500.7898387872822
2025-03-18,6892.872204056826,968.6859552033345,1571.466640463971,824.8034054169574,508.03291195923805
2025-03-19,6939.053079051506,980.6185005214983,1594.5499004844096,848.9939128501454,509.66371368390134
2025-03-20,7061.459497486094,993.3521162282299,1635.847305397117,858.6967450442245,515.9612182148416
2025-03-21,7101.519508206689,1022.1504390695366,1681.112171423415,873.9818772231686,519.5154438713649
2025-03-24,7244.790657056264,1028.095641087525,1685.8009557486691,888.3367105763183,526.3669056190178
2025-03-25,7152.151118175635,1021.4336512453432,1677.8058621040345,870.7919480578087,526.5960843420286
2025-03-26,7083.158952955768,1010.7660521089821,1641.1372535485714,857.8991866983696,522.551258044096
2025-03-27,7111.812639373327,1021.0963279743402,1659.471557826303,866.3393111336966,524.8895849807545
2025-03-28,7094.564598068361,1038.8475871260957,1673.9587438253498,848.6616053232076,523.2743399460492
2025-04-01,6969.3762155784425,1045.9733884236773,1710.8078666331717,872.1875991085398,515.4060877282159
2025-04-02,6961.308791494159,1056.8096170266222,1724.0325535623647,872.6527485214369,519.1138379255806
2025-04-03,6947.676760108769,1025.9030719949226,1724.0325535623647,870.9913122927674,517.2838844967915
2025-04-04,6702.863923239594,952.9585713397623,1679.8498558030046,864.8772391399857,509.5936216702084
2025-04-07,6485.870726923736,926.9431172308546,1645.2850454650782,851.2534417836914,493.0662029498396
2025-04-08,6577.675540749675,955.6992987899741,1718.6224460254475,870.4596405308706,501.39276915925325
2025-04-09,6595.202050136353,935.7976761656387,1730.9456623895048,874.7129132200239,498.35139281804544
2025-04-11,6782.149898816543,971.3422714135014,1762.5048370458724,876.1085642707551,507.9049820842771
2025-04-15,6899.8271141951545,981.1244532590854,1769.7182526119473,883.0200943633716,519.0293190374016
2025-04-16,6895.37637922089,1017.0907186801609,1795.8673197313979,889.4000541001116,521.4466026937625
2025-04-17,7091.226377040051,1026.6620654391384,1793.4628478760394,892.5235623224919,530.6675916668721
2025-04-21,7208.068867363975,1053.183472285633,1827.726984576144,921.6318560926892,536.761512140682
2025-04-22,7184.143704811948,1044.7505835240615,1840.0502009402014,919.1729629241845,537.6892644607962
2025-04-23,7233.106543861959,1063.2607717821975,1806.0865544284752,914.7867469430521,541.2868576496601
2025-04-24,7242.008693000932,1051.4547146484301,1815.4039516615303,919.7046346860812,539.4569042208711
2025-04-25,7235.332250944313,1038.6367520394892,1777.5330154536664,894.8495121990173,534.8436503772987
2025-04-28,7615.905069551755,1056.6409875600384,1863.4941225664716,907.0777599106005,541.2768631281788
2025-04-29,7787.829904818888,1035.8960245892772,1873.713357263549,902.3592364025301,541.4425983670038
2025-04-30,7817.31899548158,1030.7098160155049,1863.7946127548498,916.1823979937832,541.4036631876679
2025-05-02,7899.6654031955695,1023.499732153549,1871.9098657849474,950.2085795070096,541.6817716114961
2025-05-05,7963.650576468194,1008.5734830163798,1929.918597749144,987.2918482996365,544.228158412731
2025-05-06,7905.785588279211,999.2973182462182,1872.2105394227692,957.5189394755636,542.4137616738999
2025-05-07,7822.882923592242,1006.33877264159,1904.9718582820947,960.2437192280265,543.1880329076139
2025-05-08,7828.446851702905,983.3591636338749,1851.1710896518575,936.9836120266525,540.0598780472834
2025-05-09,7662.64152232897,990.6958000180629,1844.5586544625396,930.3378671119743,534.1461631412259
2025-05-12,7992.582730967466,1028.896775813928,1857.7833413917322,946.0218291668557,554.5415051293079
2025-05-13,7876.852754589497,1016.8377423113674,1844.859144650918,941.6356131857233,546.8356856127668
2025-05-14,7925.2593366665305,1037.287458955477,1878.5223009742656,953.465031021369,548.8058230689417
2025-05-15,8091.063986850024,1044.0337956998683,1905.573022108295,963.6330126283452,557.5984816149147
2025-05-16,8103.305036207749,1042.6002200514815,1924.2080000238484,961.7722121647167,556.6573887813452
2025-05-19,8016.507893519494,1039.6908631346857,1906.775349760696,961.572847929758,555.0031651128626
2025-05-20,7926.371850612486,1050.9909031930304,1880.926772829624,943.1641061224137,549.1840505253479
2025-05-21,7951.965784083448,1048.5453577316346,1898.6600967305985,952.9333592594725,552.0663401572377
2025-05-22,7841.800415006585,1018.9881057839474,1881.8284268442028,952.2687442055966,547.5331728488395
2025-05-23,7938.6128999702105,1029.8243987247274,1916.99440100833,957.3859961835846,552.9496385839806
2025-05-26,7983.124324855516,1036.9923413044962,1941.3401600986224,954.1960670182243,556.2424423221054
2025-05-27,7912.462030335829,1031.089280568695,1905.573022108295,953.0663025514516,552.3500107495424
2025-05-28,7861.274163393907,1023.204550164733,1933.8260708947253,958.3163964153986,550.7091710489565
2025-05-29,7888.537546974244,1024.7646139975163,1918.4972188491092,954.9935239580595,552.5146596273369
2025-05-30,7905.785588279211,1009.4167590249697,1913.988765326771,943.4964136493516,550.6702358696206
2025-06-02,7865.724898368171,1004.8208500909939,1903.1685502529367,952.8669383164928,549.9115647803058
2025-06-03,7820.100959536911,1000.4357762436243,1861.9913047256923,937.3158181475706,546.0380793441161
2025-06-04,7920.251665528846,1003.7245977136103,1872.8115197995266,934.8569249790661,547.7667839248551
2025-06-05,8025.4100426584655,1002.5439984340171,1862.2917949140706,925.3535584259657,550.6747116770666
2025-06-06,8031.530227742107,1012.1996277573688,1903.769714079137,935.5879609759213,556.2847234934155
2025-06-09,8061.0193184047985,1023.7527085223425,1926.0113080530066,952.4682098465752,558.5128934215734
2025-06-10,8003.710587188792,1031.6795802084916,1924.2080000238484,944.9584856430624,558.5362719109514
2025-06-11,8061.575575377776,1042.8110551380878,2006.8629812667161,964.6298338031389,559.3628188374569
2025-06-12,8020.958628493759,1045.1722536972743,1915.4915831675505,950.2751018560091,553.7294285317298
2025-06-13,7944.733085053852,1060.4779030497984,1877.3199733218646,932.6638169884998,549.9560621281182
2025-06-16,7999.8161091875045,1082.7407885711557,1901.966222600536,942.6989567095167,555.0265436022406
2025-06-17,7963.093640304774,1063.851071421994,1880.3256090034236,941.569090836724,552.9552007524571
2025-06-18,7956.973455221133,1055.629017747029,1898.6600967305985,935.8538475598797,552.0352267773219
2025-06-19,7974.778432689522,1060.6887381364047,1884.2330821490048,921.5654351497095,551.616934326108
2025-06-20,8157.83112417798,1062.0801725026042,1884.5335723373832,921.4324918577304,558.7176072941757
2025-06-23,8105.530743290103,1059.9298090300242,1884.2330821490048,929.8726162930573,555.5916686103476
2025-06-24,8072.147174626124,1028.4751056407151,1919.0983826753097,949.2781792751954,557.2035676530788
2025-06-25,8163.951988452064,1020.0000755969565,1921.2023643422895,943.5628345923312,561.6622105947794
2025-06-26,8319.74197555063,1031.890415295098,1982.216731988045,972.1395580066517,568.4313696307557
2025-06-27,8431.576794736868,1023.8791967067392,2001.7533639181775,978.3865744514123,570.4070692554071
2025-06-30,8349.230387022879,1029.6979105403307,1995.4416023666813,976.6587172797632,567.7205418812275
2025-07-01,8503.907860175488,1026.156048363716,1996.042582743438,977.8549026895158,568.2711965604071
2025-07-02,8450.494286151212,1016.458277758177,1994.5397649026588,982.9721546675036,566.3044050962066
2025-07-03,8444.930358040549,1029.0232639983246,1992.7364568735009,982.7062680835454,565.2342525722042
2025-07-04,8497.787675091848,1034.0408431055132,2081.1022192911078,1007.6278115135889,566.4734863270057
2025-07-07,8576.795182587086,1018.3556648619635,2106.9506127727363,1021.7832806317798,566.4801783109541
2025-07-08,8555.095727117412,1025.6079543439419,2137.608133414525,1022.2485314506966,567.8417797722401
2025-07-09,8451.606800097166,1026.0717657993418,2094.928070046501,998.523173430406,566.8094326121019
2025-07-10,8441.591457821796,1024.9754490841228,2109.6557582659166,1012.3463350216591,564.1206890614199
2025-07-11,8319.185039387208,1019.3675703371374,2072.9869662610104,1001.1814308338693,559.5508027501882
2025-07-14,8255.199866114584,1029.740051822518,2070.2818207678297,997.5263522556121,558.0479309004858
2025-07-15,8264.658951416977,1027.4209945455186,2092.222924553321,1006.1657395198781,560.5731553888451
2025-07-16,8265.771465362932,1023.9635436089488,2091.020780350363,1010.4190122090312,560.9346963398216
2025-07-17,8214.58359842101,1028.2642705541089,2084.408345161045,1003.2416969384763,558.6964449812999
2025-07-18,8212.357891338655,1038.5524051372795,2064.8717132309125,997.260465671654,555.5137982516757
2025-07-21,7948.627563055139,1033.197502759088,2059.4616056939954,1003.9727329353316,558.2347849977452
2025-07-22,7860.7179064209295,1038.9740753104925,2045.9362451269808,1010.0202837391137,557.5718005880038
2025-07-23,7926.371850612486,1035.3479305695032,2070.582494405652,1012.4792783136381,561.1093397390973
2025-07-24,7805.634882287276,1032.3120854683107,2052.248006678477,1004.9695541101254,557.5984816149147
2025-07-25,7743.318479933583,1013.1693919503556,2001.1522000919767,976.6587172797632,552.5903138095064
2025-07-28,7720.506510517955,1012.030998290785,2004.1578357735357,980.6461033849583,549.1173045036292
2025-07-29,7884.642389782513,1018.0183415909605,2013.475416456034,983.1715189024625,552.2365512035088
2025-07-30,7845.694893007872,1019.5784054237439,2026.0989395590266,990.4817774649965,552.9919197552907
2025-07-31,7734.972587767589,1016.163095769361,1979.5115864948648,967.7533420255193,551.0629336549541
2025-08-01,7754.446336154909,998.4118366176056,1910.6826394568336,937.2493972045909,546.5464528519856
2025-08-04,7853.484528200889,990.1476416604535,1910.6826394568336,946.2211934018145,550.0484028157175
2025-08-05,7743.318479933583,988.6718603920442,1894.15164320826,938.8444124902808,548.4198172675565
2025-08-06,7749.439344207667,985.6782209108742,1898.058932904398,945.4901574049592,546.7433449251677
2025-08-07,7730.521852793325,986.3528031150449,1865.5981042334513,941.5026698937443,547.2317293900746
2025-08-08,7610.341141441091,984.2867865446746,1920.3007103277105,929.8061953500776,542.0511343618928
2025-08-11,7712.716875324936,985.7625034752484,1929.317617372387,939.774812722095,546.9847778006034
2025-08-12,7680.446499797356,993.0569985772491,1945.8486136209608,948.0154715164433,544.8121861027699
2025-08-13,7692.686869964639,1006.33877264159,1938.6350146054422,946.5533995227325,547.747881242923
2025-08-14,7643.72471010507,999.0443418774246,1911.884783659791,931.2682673437884,548.0137789687674
2025-08-18,7687.679198826953,1004.18840916901,1887.5392080189422,932.464452753541,553.4791309502845
2025-08-19,7901.334174114502,1003.2607862582104,1932.323253053946,943.76219882729,555.7863445070274
2025-08-20,7861.830420366884,1003.2185806381879,1923.3063460092694,939.9741769570537,557.3415355039623
2025-08-21,7927.485043748885,1004.7365031887841,1923.3063460092694,939.9741769570537,558.0801740958734
2025-08-22,7840.6872218701865,996.3036144272128,1902.2668962383577,930.0719805280162,553.3267362249151
2025-08-25,7859.60471328453,998.2853484332088,1898.3594230927765,930.1385028770155,555.4993279227484
2025-08-26,7705.484176295342,987.449119830264,1876.1178291189071,923.4927579623372,549.810359386697
2025-08-28,7711.048104406003,984.0759514580682,1867.7020859004313,920.3692497399569,545.1125432005043
2025-08-29,7551.362960115709,985.4252445420807,1852.6739074926372,907.9416377934151,543.4650115159701
2025-09-01,7533.002404864787,1006.5496077281965,1892.0476615412801,927.4801440675324,547.8747247568534
2025-09-02,7603.107763221053,1009.7962879159954,1893.2499891936811,927.8788725374499,546.8634964551496
2025-09-03,7637.047588858008,1008.0253889966056,1892.6488253674809,933.6607395693134,549.8771054084158
2025-09-04,7563.047752500455,993.9002745858393,1880.926772829624,928.2776010073674,550.3053923811111
2025-09-05,7650.401152161688,987.1961434614705,1878.5223009742656,928.0782367724087,550.4544411145065
2025-09-08,7669.874900549009,980.449806717079,1902.2668962383577,936.3854179157565,551.1697446714807
2025-09-09,7657.077594218306,975.3900863277033,1887.2387178305637,936.6513044997147,553.2933632140556
2025-09-10,7661.529008383015,977.1188439649059,1911.2838032830343,937.9804332014464,555.6183496372587
2025-09-11,7696.582027156369,985.6360152908517,1923.606836197648,956.52201689475,556.3392153627094
2025-09-12,7761.679714374949,983.4856518182717,1911.5842934714128,947.749686338505,558.7531964815373
2025-09-15,7785.604876926977,979.3113487196731,1910.0814756306331,956.9208467706871,557.7564385087609
2025-09-16,7818.988445590955,991.2438940378369,1913.087111312192,963.500069336366,561.5364968963208
2025-09-17,7866.281834531591,998.7913655086311,1944.9467761569383,969.8800290731059,563.5644722137637
2025-09-18,7872.95827658821,993.3521162282299,1957.871156347196,977.9213236324955,565.6413772320237
2025-09-19,7830.67255878526,997.9902307822282,1981.014404335644,986.893119829719,563.4932938390402
2025-09-22,7737.1982948499435,1001.2790522522143,1956.0676648685944,985.5639911279873,560.7188581302662
2025-09-23,7732.747559875679,997.8637425978314,1986.124021684183,985.1652626580698,559.9879978833342
2025-09-24,7694.912577046992,1005.7063317196064,1985.8235314958044,975.3960095210113,557.4828058923788
2025-09-25,7635.935074912052,1010.5552170223758,1981.6155681618447,971.7408295367342,553.7883962084696
2025-09-26,7664.867229411324,1003.5981095292135,1949.7559033170983,963.8987978062836,548.5343631746207
2025-09-29,7638.1607819944065,1011.8623044863657,2032.410884559966,992.2761569856451,548.0938655039416
2025-09-30,7589.1979429443945,1009.8384291981824,2041.728281793021,995.4660861510054,547.5643296831965
2025-10-01,7615.348133388334,1024.7646139975163,2042.0289554308429,994.8679934461289,552.5747571195485
2025-10-03,7585.859721916086,1027.3788532633316,2053.149660693056,999.45357366222,553.8640503906391
2025-10-06,7650.401152161688,1036.6550180334932,2065.4728770571132,1029.0271182513343,557.9444658759335
2025-10-07,7704.927919322363,1034.3781663765164,2055.253642360036,1025.903610028954,558.6263964220482
2025-10-08,7608.115434358737,1019.5784054237439,2074.4897841017896,1020.5870952220272,557.2436326478866
2025-10-09,7665.980422547722,1026.2403952659256,2067.8773489124715,1031.7518980037971,560.2616739541575
2025-10-10,7687.679198826953,1038.6788933216762,2036.0176840677254,1024.1757528573048,562.5654980644849
2025-10-13,7650.401152161688,1029.1918934649084,2031.509230545387,1031.8183189467768,561.2750749779225
2025-10-14,7655.408823299374,1031.721785828514,1998.4472380482403,1015.5362641870191,559.4540297095841
2025-10-15,7646.506674160402,1044.497607155268,2031.2085569075653,1021.3845521618623,563.4154234803683
2025-10-16,7780.040948816314,1047.1539877032703,2019.1860141813302,1021.2516088698832,569.2390138753291
2025-10-17,7882.973618863581,1044.3711189708713,2018.8855239929512,1016.2008792408948,572.0100601376876
2025-10-20,8161.170024396733,1048.7983984382633,2030.0064127046078,1022.4478956856556,574.975825751167
2025-10-21,8152.267196067318,1046.1841591724483,2038.121482285262,1024.3086961492838,575.5420371203046
2025-10-23,8058.793611322444,1063.851071421994,1991.5341292211,997.6591941415714,576.0493242671436
2025-10-24,8076.597909600388,1075.0246876337774,1986.4246953220047,999.320630370241,573.907889403667
2025-10-27,8257.425573196937,1067.8988863361958,2061.8660775493536,1031.4195904768592,577.7101964651333
2025-10-28,8273.004843582972,1056.3879468534094,2047.7395531561388,1026.9005326097674,577.0460387854788
2025-10-29,8369.260392383178,1077.8918389305509,2092.523598191143,1083.85451379743,579.664733776909
2025-10-30,8281.906992721943,1073.211583094365,2149.6306761407604,1086.6457144928725,575.7478373539375
2025-10-31,8270.22287952764,1076.7533809331446,2144.8215489806,1102.5290407827124,572.2826063930391
2025-11-03,8260.763794225246,1085.9451988010965,2207.9398982933353,1114.690766145296,573.2003641916718
2025-11-04,8196.222363979645,1064.0197652264133,2241.903728254505,1124.7923268092925,569.513776307183
2025-11-06,8324.192710524894,1060.4357617676112,2211.847371438917,1118.9440388344494,567.5569793644636
2025-11-07,8223.485747559982,1063.3872599665942,2207.0382442787563,1124.1942341044164,567.1698872020478
2025-11-10,8286.358406886651,1060.0140915943985,2195.015701552521,1125.7227270411067,568.9953648233908
2025-11-11,8309.170376302282,1051.7920379194334,2249.11714382058,1145.9922693120793,571.6785462055963
2025-11-12,8409.877339267194,1070.3444317975918,2256.9319066622993,1145.061869080265,575.7022536450943
2025-11-13,8406.539118238885,1057.6950986552347,2253.9262709807404,1146.058690255059,575.776778011792
2025-11-14,8451.050543124189,1043.991654417681,2231.083329731227,1138.083816638649,576.4642707263833
2025-11-17,8447.71232209588,1045.8890415214676,2249.7183076467804,1150.511327179171,578.7647488447365
2025-11-18,8453.83250717952,1041.2509269674692,2235.291293065187,1140.343345572195,576.4642707263833
2025-11-19,8451.050543124189,1049.894650815647,2198.02133723408,1125.3239985711891,579.6369229345262
2025-11-20,8619.080900390036,1045.8890415214676,2194.4145377263208,1121.1371468250154,582.740612944448
2025-11-21,8605.171080113378,1041.2509269674692,2191.408902044762,1112.1654520338118,579.9817773800731
2025-11-24,8545.63732100546,1036.1912065780932,2161.953709055374,1101.133491138001,577.5644502692709
2025-11-25,8566.779840311714,1034.5046545609132,2139.1109512553044,1090.6996229470667,575.9024917102506
2025-11-26,8734.810876768004,1044.4132602530583,2210.0438799603153,1100.4688760841254,583.0331916972034
2025-11-27,8698.645344048695,1028.8124289117184,2192.3107395087845,1088.6394582484797,583.2612406047424
2025-11-28,8721.457313464325,1025.6500956261289,2158.647583185437,1074.9492399492058,582.9808725499707
2025-12-01,8713.667678271308,1032.3120854683107,2127.990062543648,1083.0570568575947,582.3757260014972
2025-12-02,8603.502309194446,1026.8728361879093,2156.543601518457,1078.870205111421,579.1819114804787
2025-12-03,8561.772848364473,1012.030998290785,2154.4396198514773,1090.633202004087,578.1540401277865
2025-12-04,8543.967870896084,1021.3493043431337,2140.0126052698834,1081.6614058068635,579.2164143068098
2025-12-05,8571.7875114494,1017.1328599623479,2165.860998751512,1087.6426370736858,582.6137694305177
2025-12-08,8585.141074753079,1005.7063317196064,2149.3300025029384,1077.275291231751,577.5878287586489
2025-12-09,8509.471788286151,1011.2720048465692,2134.301824095144,1083.322842035533,574.8979553924952
2025-12-10,8551.201249116124,1008.9529475695699,2134.902987921345,1083.7216719114706,573.0813424771617
2025-12-11,8596.268930974406,1005.2425202642066,2111.7595564834533,1074.9492399492058,576.2084109764614
2025-12-12,8660.254104247031,1003.5981095292135,2194.4145377263208,1087.7090580166655,579.5100794205958
2025-12-15,8658.584654137654,992.3402107530558,2206.1365902641774,1120.1403256502217,579.072927741891
2025-12-16,8581.246596751793,979.1005779709021,2213.049515641874,1114.7572884942954,575.3529233921015
2025-12-17,8592.930709946097,982.052076169885,2214.251843294275,1117.548489189738,574.4285170639616
2025-12-18,8592.930709946097,978.2150963422895,2184.1954864786867,1074.9492399492058,574.3617710422428
2025-12-19,8708.103750160644,981.9677292676754,2199.824828712681,1080.5981636890901,577.7179748101123
2025-12-22,8765.412481376652,987.4069142102414,2223.5692405273303,1087.6426370736858,582.3012016347996
2025-12-23,8739.26161174227,992.9305103928524,2224.1704043535306,1085.0508006132022,582.4068828358543
2025-12-24,8669.71251035898,985.6782209108742,2199.5241550748597,1071.09469572997,581.6270494336637
2025-12-26,8675.276438469644,988.8826954786506,2200.12531890106,1065.3129301041263,579.4066578504847
2025-12-29,8599.607152002714,990.1055003782662,2233.788475224407,1076.477732885896,577.1773146524139
2025-12-30,8567.336776475135,989.5151364006343,2221.1647686719716,1073.7530545394532,577.1050064622185
2025-12-31,8737.592840823336,1013.5489208413812,2308.3282034371778,1106.250743115989,581.3489410098356
2026-01-01,8766.524995322607,1003.2607862582104,2293.3000250293835,1102.3961988967533,581.7260821052113
2026-01-02,8859.443002284945,1018.10268849317,2292.999534841005,1108.4437497005354,585.7753407561486
2026-01-05,8780.434815599265,1003.8932271801942,2271.6594114322716,1096.6143318648897,584.0343820229846
2026-01-06,8388.17788379752,1019.915728694747,2228.9793480642475,1089.9021660072317,582.4413422077441
2026-01-07,8369.260392383178,1007.983183376583,2213.350189279696,1081.0633131019874,581.5970224147785
2026-01-08,8182.312543702988,975.7695508808935,2131.2961884135857,1039.1950998583104,575.7255886800311
2026-01-09,8208.463413337367,987.0274496570511,2128.891716558227,1047.4358600586786,571.4193839181414
2026-01-12,8252.417902059253,993.8581333036522,2156.543601518457,1051.6227118048523,573.7988622106382
2026-01-13,8083.275030847451,1027.8848060009186,2134.602497732966,1046.0402090079474,572.5095689395476
2026-01-14,8116.658599511429,1046.647970627848,2145.4227128068005,1057.736784957634,571.025556317336
2026-01-16,8111.650928373743,1042.1785498782688,2183.2938324641077,1072.0916183107836,571.6652056921407
2026-01-19,7865.168641395194,1025.0597959863323,2171.571779926251,1069.3003162093212,569.2434462283337
2026-01-20,7756.115786264286,1013.5910621235685,2135.2036615591664,1052.8853181575844,561.3896643394279
2026-01-21,7815.0932883992255,1021.9396039829302,2115.6670296290345,1055.4772560240879,559.7210137964593
2026-01-22,7803.409175204923,1028.8545701939054,2128.891716558227,1057.0057489607784,562.6667469125348
2026-01-23,7712.160618351959,1035.0106072985002,2098.835359742639,1036.9355709247645,557.2992543326523
2026-01-27,7681.002756770335,1045.4673713482548,2148.4283484883595,1056.0088263799648,560.1192737502693
2026-01-28,7771.1381204868985,1132.4525751741364,2178.184215115569,1082.2595999177597,563.8425806375918
2026-01-29,7739.424001932296,1161.1666797889043,2205.836100075799,1083.85451379743,565.5368258464409
2026-01-30,7763.9054214573025,1134.0548446269422,2191.1084118563836,1084.8514363782435,563.350893635152
2026-02-02,7736.085780903987,1070.766037632969,2204.3332822350194,1093.9560744614264,558.1836391204257
2026-02-03,7995.920951995775,1083.6262058619327,2244.9093639360635,1113.6939449705023,572.4038877384929
2026-02-04,8105.530743290103,1125.5798789210191,2299.0108062041227,1148.2517982456252,573.4818186074742
2026-02-05,8030.97397076913,1135.066878777787,2296.6061508993207,1168.1226120466802,570.5183126249383
2026-02-06,8072.147174626124,1134.0127676825907,2322.4547278303926,1164.334488770424,571.6507353632135
2026-02-09,8132.237190707019,1124.1040976526099,2334.176596918806,1170.714448507164,575.5131399168912
2026-02-10,8114.989149402052,1147.5053124957026,2322.4547278303926,1184.3382458634583,577.022703750542
2026-02-11,8171.740944454637,1157.835652698896,2329.9688170342897,1204.9399942553491,577.4387365708124
2026-02-12,8061.575575377776,1165.2144303652708,2270.457267229314,1183.6736308095826,574.1759598515727
2026-02-13,7898.552210059171,1127.4772016869701,2248.8166536322015,1174.7683569613584,566.6981892425706
2026-02-16,7995.920951995775,1144.9754201320968,2250.3194714729807,1164.0021812434863,571.4071297657165
2026-02-17,7917.469701473515,1146.2404306517349,2253.9262709807404,1168.3883972246185,572.3560443987062
2026-02-18,8019.289857574826,1115.6712088910385,2289.6932255216243,1187.860482555756,574.4462899304218
2026-02-19,7842.356671979563,1158.046423447667,2210.0438799603153,1158.3533589096216,566.325523954641
2026-02-20,7897.439696113216,1174.9122009708096,2201.928626930218,1154.9639641032832,568.9264026251698
2026-02-23,7945.289342026829,1162.2628678284525,2236.794110905966,1172.7081922627715,572.0801521513805
2026-02-24,7949.740756191537,1165.8468712872545,2250.9206352991814,1197.4967924008358,565.6647557214019
2026-02-25,7781.15346276227,1169.8525449192691,2290.5948795362033,1216.3706836210772,566.9518328159901
2026-02-26,7827.33433775695,1181.0260967932172,2320.3507461634126,1239.2320623525334,567.2644440661494
2026-02-27,7755.5595292913085,1179.3395447760372,2316.743946655654,1245.8778072672117,560.1915819404646
2026-03-02,7555.814374280416,1189.8806557280016,2253.024433516718,1190.319375724261,553.2288333688392
2026-03-04,7483.483308841796,1167.7443227288763,2142.4170771252416,1132.7007794827227,544.6586615619286
2026-03-05,7730.521852793325,1165.2144303652708,2166.161672389334,1140.011038045257,551.0084417856604
2026-03-06,7816.206481535624,1176.177211490448,2120.475973339751,1121.0042035330364,543.9900715292694
2026-03-09,7923.033629584177,1141.8130868465075,1990.632475206521,1071.427003256908,534.5922664348227
2026-03-10,7838.462193978276,1135.066878777787,1959.0733005501534,1062.9204578786012,539.7884181529624
2026-03-11,7734.972587767589,1141.6023160977365,1953.9636832016147,1067.5060380946925,531.0057541284707
2026-03-12,7746.100443988915,1140.7589757513113,1961.7784460433338,1064.382529872312,525.9397484617944
2026-03-13,7682.115270716289,1113.5629867006455,1919.3988728636882,1040.3248643250834,515.081265780073
2026-03-16,7762.235971347927,1098.1729904459119,1833.1372755625048,989.9502071091197,520.8147751183781
2026-03-17,7776.1457916245845,1116.303649813022,1803.6818991236735,974.7978154101152,524.6493253752318
2026-03-18,7834.567036786547,1117.3577609082186,1825.6231863586077,985.3646268930286,529.024535789784
2026-03-19,7704.927919322363,1134.6452086045742,1719.2236098516478,948.5471432783401,511.7673431835136
2026-03-20,7869.620055559901,1119.0443129253988,1730.043824925482,960.9747552248817,514.2669730059926
2026-03-23,7832.898265867614,1119.2552123498406,1630.857847434041,917.843834222453,500.8766173064048
2026-03-24,7855.153978310265,1130.217864799347,1696.6813422399568,921.7647993846683,509.7705247004278
2026-03-25,7862.386677339862,1139.2833231585728,1710.50719299535,933.8601038042722,518.5375885805205
2026-03-27,7500.731350146763,1188.826544632805,1699.3864877331368,915.5177829399075,507.7058303801514
2026-03-30,7477.363123758156,1200.2108672555241,1689.1672530360597,899.8338208850262,496.84404516089717
2026-04-01,7618.130097443665,1214.5467524150615,1690.670070876839,901.9605079326127,504.58658368027176
2026-04-02,7514.084913450443,1210.96287763193,1672.0350929612855,891.393797855719,505.33634660913583
2026-04-06,7259.256734305899,1188.4048744595923,1675.3414022806662,890.8621260938224,511.0131044472036
2026-04-07,7258.700477332921,1208.6437560170955,1667.8273130767693,893.4539625543061,514.4705570631229
2026-04-08,7499.062579227831,1203.7948707143262,1791.9600300352602,952.6675740815341,533.9092060732361
2026-04-09,7400.024387181851,1216.865874029896,1787.4515765129217,941.5026698937443,528.9644382975723
2026-04-10,7512.415463341067,1208.011315095112,1799.4741192391573,950.0757376210503,535.0939479587439
2026-04-13,7317.121722494883,1212.4385302246685,1761.002019205093,937.5817047315289,530.4673536017159
2026-04-15,7478.475637704112,1212.6494296491103,1866.199268059652,965.095084622056,539.1143094062678
2026-04-16,7474.024902729848,1192.1996486671653,1851.1710896518575,958.2499754724189,538.3456003410305
2026-04-17,7594.761871055057,1197.6809748919184,1876.1178291189071,969.4813006031884,541.8342097913068
2026-04-20,7585.303464943108,1194.729541030771,1899.862240933556,976.0605231688671,542.0855937337826
2026-04-21,7529.664183836478,1193.6754299355744,1911.884783659791,978.9846671562888,546.7967504334309
2026-04-22,7578.626343696047,1195.9944228747383,1889.9436798743004,979.3169746832266,542.3803886630405
2026-04-23,7474.581159702825,1206.9572039999152,1862.2917949140706,966.8229417937052,537.8183241512288
2026-04-24,7387.78401701457,1200.8433081775077,1852.0727436664365,953.465031021369,531.6976791960668
2026-04-27,7599.213285219766,1205.4814227315064,1879.4239549888446,972.0066147146727,536.0306084393087
2026-04-28,7727.739888737993,1270.4146404604724,1849.9687619994568,966.2248490888288,533.8724870704026
2026-04-29,7930.823264777195,1270.8363106336851,1826.8253305615651,958.2499754724189,537.9206593603094
2026-04-30,7960.8686124128635,1263.0358627940973,1806.0865544284752,945.35721411298,533.9136818806821
2026-05-04,8140.583082873013,1234.9965333970063,1813.600643632372,945.4236350559597,536.622457928768
2026-05-05,8143.365046928345,1222.558099679091,1794.3645018906186,944.6261781161246,534.6979476358774
2026-05-06,8000.372366160483,1183.977530654365,1887.8396982073205,984.9658984231111,541.3313549974725
2026-05-07,7990.913280858089,1197.0485339699349,1849.0671079848778,976.1934664608463,541.2357117723404
2026-05-08,7985.349352747426,1177.2313225856444,1819.9124051838685,961.572847929758,537.8872863494499
2026-05-11,7723.844731546264,1184.8208710007902,1770.0189262497695,932.8631812234585,529.8710717592519
2026-05-12,7589.1979429443945,1241.7428701413976,1730.3444985633043,914.7867469430521,520.1640014066203
2026-05-13,7560.265788445125,1252.9164220153457,1785.9487586721425,941.6356131857233,520.899294006557
2026-05-14,7576.957572777113,1268.728088443292,1773.3250521197067,932.1321452266031,527.062176678588
2026-05-15,7435.633662928183,1262.1926511233426,1709.9062126185927,893.7197477322446,526.0365215023982
2026-05-18,7432.851698872851,1253.1273214397875,1687.9649253836585,875.975620978776,526.1800080673171
2026-05-19,7359.407440297834,1250.1757589029692,1721.9287553448282,897.1755634815628,525.4691803177889
2026-05-20,7565.272780392367,1257.7653073181152,1765.8109629158098,917.3785834035359,526.3813759479451
2026-05-21,7509.077242312757,1247.4350957905926,1781.7407953381828,933.9265247472518,526.2856892683717
2026-05-22,7536.340625893095,1222.7688704278619,1776.931851627466,926.882051362656,527.7229883662684
2026-05-25,7605.889727276384,1201.4758777751622,1852.9743976810157,956.654960186729,534.6734393310276
2026-05-26,7546.355968168466,1212.2277594758975,1831.0332938955248,946.2211934018145,532.0480958100902
2026-05-27,7514.084913450443,1155.5165310840612,1846.3619624916976,956.5885392437494,531.902393068669
2026-05-29,7351.06154813184,1119.0443129253988,1791.9600300352602,931.9993033406439,523.9062109758748
2026-06-01,7344.385106075221,1114.4061983714003,1784.4459408313633,922.4294144385441,520.2318337893696
2026-06-02,7314.339758439552,1117.5685316569895,1769.7182526119473,922.6287786735029,522.4778634928701
2026-06-03,7306.550123246535,1128.9529829553794,1755.8924018565542,912.9924688284232,520.7435532892133
2026-06-04,7253.692806195235,1128.109642608954,1774.226706134286,923.4262356133378,520.9872023411515
2026-06-05,7183.031190865992,1116.303649813022,1773.3250521197067,918.8406553972467,519.878071183372
2026-06-08,7028.910653876803,1115.8819796398095,1714.113992503109,901.1630509927777,514.4560867341955
2026-06-09,7061.737286377361,1092.0590946235043,1737.8585877672012,917.976777514432,517.1058951055417
2026-06-10,7003.872977378819,1062.1223137847912,1731.2461525778833,909.6695963710841,516.5018349180987
2026-06-11,7027.241203767428,1065.0738763216098,1721.3275915186277,892.1248338525745,515.3148768560886
2026-06-12,7194.159047087318,1038.0885936818797,1817.50793332851,936.6513044997147,525.5782075108177
2026-06-15,7272.054040636602,1027.336647643309,1867.1009220742305,960.2437192280265,530.7176511831611
2026-06-16,7393.347945125232,1046.5214824434513,1876.1178291189071,964.3640486252006,533.7267843289814
2026-06-17,7415.046721404464,1033.028873292504,1911.2838032830343,966.4242133237875,535.8748677219651
2026-06-18,7389.452787933503,1034.2938194743067,1901.3650587743352,971.0097935398788,537.7059509662258
2026-06-19,7285.963860913259,1038.299428768486,1843.05583662176,953.1991444374108,534.2596226872596
2026-06-22,7380.55063879453,1034.9262603962907,1855.0783793479955,959.512683231171,536.2575709858172
2026-06-23,7285.963860913259,1030.2882101801276,1854.7777057101737,951.4712872657617,530.0546233189785
2026-06-24,7308.775830328888,1011.9466513885752,1897.7584427160195,972.2725012986308,534.4498662309345
2026-06-25,7333.813506826873,982.853210896288,1861.9913047256923,956.2562317168115,535.2140994887259
2026-06-29,7238.670471972622,986.8588201904673,1808.1903526460117,924.9547285500282,532.7723075275151
2026-06-30,7199.166718225004,990.442759311434,1824.7213488945854,926.2839586577797,530.981289278062
2026-07-01,7277.617968747263,990.8222882024596,1828.6288220401666,929.274523588181,534.0983198014393
2026-07-02,7252.58029224928,994.9122443988485,1866.199268059652,941.1703623668064,537.8772483735274
2026-07-03,7255.362256304612,1002.8391160849976,1852.373233854815,940.7716338968889,539.9942183865953
2026-07-06,7351.61848429526,1028.3907587385056,1852.373233854815,941.569090836724,543.542881874642
2026-07-07,7279.8436758296175,1029.5713580180986,1887.2387178305637,944.891963294063,542.838702654621
2026-07-08,7099.016012233069,1041.4617620540755,1824.7213488945854,914.653905057093,531.3439600445104
2026-07-09,7120.715467702743,1027.336647643309,1852.6739074926372,918.8406553972467,533.14054046244
2026-07-10,7276.505454801309,1032.8602438259202,1861.9913047256923,923.4927579623372,538.5714330720672
2026-07-13,7215.858502556994,1047.5755935386478,1848.766434347056,930.0719805280162,538.6626439441944
2026-07-14,7194.159047087318,1049.472980642434,1835.541747417863,910.7993608378571,535.1262346085728
2026-07-15,7208.068867363975,1042.220691160456,1861.089650711113,931.9993033406439,535.7146946516165
2026-07-16,7214.189052447617,1040.407650958879,1875.5166652927066,942.3666491825788,535.5867647766556
2026-07-17,7384.445116795817,1042.6845026158558,1896.856605251997,941.6356131857233,541.4059228186115
2026-07-20,7361.633147380187,1052.3401962770429,1909.1798216160544,946.4205576367732,539.2744824766163
2026-07-21,7253.692806195235,1053.6472837410327,1919.6995465015102,952.335266554596,538.1442324604025
2026-07-22,7169.677627562312,1062.1223137847912,1887.5392080189422,943.8951421192693,533.8847412228275
2026-07-23,7078.429070709349,1064.1040477907875,1862.5924685518926,929.8726162930573,531.0669379817128
2026-07-24,7110.700125427373,1048.8826810026376,1864.3957765810505,920.2363064479778,528.7942272513012
2026-07-27,7121.827981648698,1005.8749611861903,1901.0645685859567,940.5058487189505,533.8780492388792
2026-07-28,7053.391394211366,1007.3507424545994,1923.9073263860266,938.9108334332604,533.6422219863612
2026-07-29,7099.016012233069,1004.8208500909939,1907.9774939636532,931.1353240518093,539.534774579543
2026-07-30,7193.602790114341,1018.6507825129441,1898.3594230927765,930.0055595850365,541.024349370231
2026-07-31,7276.505454801309,1022.6142505249363,1922.1040183568687,931.5340525217268,542.5027563695248
2026-08-03,7338.821177964557,1020.3795401501468,1983.4190596404462,954.9935239580595,551.195339337361
2026-08-04,7182.474933893015,1020.3795401501468,1947.6519216501185,941.0375204808471,547.6488920258167
2026-08-05,7121.827981648698,1012.7899273971653,1961.1772822171333,956.9872677136668,547.8658165964026
2026-08-06,7372.204746628536,1002.6704866184139,1945.8486136209608,948.0819938654429,548.1183303543503
2026-08-07,7426.731513789211,1007.0977660858059,1929.6181075607656,952.8669383164928,546.6643882054652
2026-08-10,7385.002052959238,1011.2720048465692,1914.5899291529715,943.6957778843105,546.9569669582206
2026-08-11,7366.084561544895,1009.6275941115762,1910.3819658190118,930.404288054954,544.4628558497772
2026-08-12,7394.460459071188,1007.941042094396,1905.573022108295,934.3917755661689,543.6674657576287
2026-08-13,7327.6933217432315,1011.5249812153627,1893.5504793820598,940.3729054269712,542.7753026248764
2026-08-14,7288.745824968591,996.7674258826125,1920.3007103277105,926.4168005437391,542.1111883996631
2026-08-17,7322.129393632568,1005.5798435352096,1903.4690404413152,921.166706679792,540.3680134899968
2026-08-18,7355.512962296547,1009.8384291981824,1865.2974305956295,915.7836695238657,537.4145020289423
2026-08-19,7294.309753079253,1003.5137626270039,1845.4603084771186,905.8150521518485,535.7102622986117
2026-08-20,7306.550123246535,1005.6219848173967,1855.6795431741962,903.1566933423653,539.1265201042515
2026-08-21,7322.129393632568,996.7674258826125,1869.5053939295892,903.1566933423653,539.5748395743508
2026-08-24,7287.633311022634,997.3999311424317,1874.9155014665064,920.4356706829366,538.8417631509162
2026-08-25,7327.6933217432315,986.6479851038611,1912.1854572976129,923.7585431402756,541.4114849870881
2026-08-26,7221.978687640633,979.1005779709021,1911.5842934714128,926.9484723056356,538.5903357539992
2026-08-27,7134.06835181598,978.2150963422895,1911.5842934714128,914.2551765871752,535.9894570834705
2026-08-28,7160.77547842334,979.2692074374859,1919.0983826753097,911.1316683647949,537.8761620124968
2026-08-31,7105.136197316709,977.3718203336994,1947.9524118384968,924.6225224291102,535.7569758229266
2026-09-01,7283.181896857927,996.9782609692188,1909.4803118044329,907.3435450885389,535.2096671357211
2026-09-02,7305.993866273558,1001.405540436611,1921.2023643422895,910.4670533109193,532.0647823155198
2026-09-03,7247.016364138618,995.0808738654324,1923.9073263860266,915.7836695238657,531.1525866853636
2026-09-04,7355.512962296547,989.3886482162376,1897.7584427160195,914.454540822134,531.6921170275901
2026-09-07,7285.963860913259,985.3830389220582,1880.926772829624,898.1723846563565,529.0545628086691
2026-09-08,7204.730646335666,995.0808738654324,1826.5248403731866,892.8558698494297,525.8496239506974
2026-09-09,7116.264053538036,986.7323320060706,1824.7213488945854,901.1630509927777,521.3198026342734
2026-09-10,7088.444412984721,1000.4357762436243,1821.415223024648,896.7768350116453,522.3499336179092
2026-09-11,6996.639599158781,980.3233185326823,1830.4321300693243,897.9065994784181,520.5766882349164
2026-09-15,6873.120666778237,994.870038778826,1795.2661559051976,877.4376929724868,514.3581838781198
2026-09-16,6899.270857222177,998.4540422376281,1823.519204691628,895.5141272528932,516.5608025948385
2026-09-17,6920.970312691851,980.0281365438664,1845.4603084771186,892.3241980875332,517.7399823118697
2026-09-18,6823.601570755248,981.5882647144851,1887.5392080189422,910.4670533109193,519.4264491757399
2026-09-21,6940.444061079173,993.5208100326489,1880.025118815045,907.3435450885389,520.9371428248625
